_sentence,_receivers,sentence_id,time,latitude,longitude,altitude,satellites,battery,temperature_internal,pressure,bmp_altitude
"$$DOGE1,79,11:19:12,53.22389,-2.07244,378,11,5.23,13.5,973.7,1.9*3723",RAIDEN,79,11:19:12,53.22389,-2.07244,378,11,5.23,13.5,973.7,1.9
"$$DOGE1,85,11:20:48,53.22387,-2.07245,380,11,5.22,14.1,973.6,2.6*7E1C",RAIDEN,85,11:20:48,53.22387,-2.07245,380,11,5.22,14.1,973.6,2.6
"$$DOGE1,86,11:21:04,53.22387,-2.07246,379,10,5.21,14.1,973.6,2.4*15B7",RAIDEN,86,11:21:04,53.22387,-2.07246,379,10,5.21,14.1,973.6,2.4
"$$DOGE1,87,11:21:20,53.22390,-2.07241,378,11,5.21,14.2,973.6,2.4*540A",RAIDEN,87,11:21:20,53.2239,-2.07241,378,11,5.21,14.2,973.6,2.4
"$$DOGE1,88,11:21:36,53.22389,-2.07243,378,11,5.20,14.2,973.5,2.9*8583",RAIDEN,88,11:21:36,53.22389,-2.07243,378,11,5.2,14.2,973.5,2.9
"$$DOGE1,90,11:22:08,53.22389,-2.07245,379,11,5.20,14.2,973.6,2.5*7A7A",RAIDEN,90,11:22:08,53.22389,-2.07245,379,11,5.2,14.2,973.6,2.5
"$$DOGE1,91,11:22:24,53.22389,-2.07246,380,11,5.20,14.2,973.6,2.5*7728",RAIDEN,91,11:22:24,53.22389,-2.07246,380,11,5.2,14.2,973.6,2.5
"$$DOGE1,72,13:31:58,53.22396,-2.07151,1008,10,5.59,21.4,897.7,619.6*A987",M0MKS,72,13:31:58,53.22396,-2.07151,1008,10,5.59,21.4,897.7,619.6
"$$DOGE1,74,13:32:30,53.22350,-2.07307,1231,10,5.54,21.1,875.9,824.2*522C",M0MKS,74,13:32:30,53.2235,-2.07307,1231,10,5.54,21.1,875.9,824.2
"$$DOGE1,78,13:33:36,53.22349,-2.07667,1644,10,5.57,20.3,832.7,1240.5*C115","M0UPU,M0MKS",78,13:33:36,53.22349,-2.07667,1644,10,5.57,20.3,832.7,1240.5
"$$DOGE1,79,13:33:53,53.22349,-2.07790,1755,10,5.58,20.1,822.1,1346.1*962B",M0UPU,79,13:33:53,53.22349,-2.0779,1755,10,5.58,20.1,822.1,1346.1
"$$DOGE1,80,13:34:10,53.22351,-2.07866,1866,10,5.58,19.8,810.4,1462.4*B0DC",M0MKS,80,13:34:10,53.22351,-2.07866,1866,10,5.58,19.8,810.4,1462.4
"$$DOGE1,81,13:34:27,53.22358,-2.07953,1972,9,5.58,19.5,799.0,1578.6*169A",M0MKS,81,13:34:27,53.22358,-2.07953,1972,9,5.58,19.5,799.0,1578.6
"$$DOGE1,82,13:34:43,53.22384,-2.08005,2081,9,5.58,19.2,787.5,1695.4*7972","M0UPU,M0MKS",82,13:34:43,53.22384,-2.08005,2081,9,5.58,19.2,787.5,1695.4
"$$DOGE1,83,13:34:59,53.22390,-2.08062,2188,10,5.58,18.9,777.1,1803.2*4B8E","M0UPU,M0MKS",83,13:34:59,53.2239,-2.08062,2188,10,5.58,18.9,777.1,1803.2
"$$DOGE1,85,13:35:33,53.22393,-2.08168,2417,9,5.58,18.5,755.7,2029.3*1A54",M0UPU,85,13:35:33,53.22393,-2.08168,2417,9,5.58,18.5,755.7,2029.3
"$$DOGE1,87,13:36:05,53.22421,-2.08166,2623,9,5.58,18.0,735.6,2245.2*27AA",M0MKS,87,13:36:05,53.22421,-2.08166,2623,9,5.58,18.0,735.6,2245.2
"$$DOGE1,88,13:36:21,53.22420,-2.08142,2735,9,5.58,17.8,726.0,2350.1*2832","M0UPU,M0MKS",88,13:36:21,53.2242,-2.08142,2735,9,5.58,17.8,726.0,2350.1
"$$DOGE1,90,13:36:53,53.22437,-2.08115,2945,9,5.59,17.3,706.8,2564.2*FC61",M0MKS,90,13:36:53,53.22437,-2.08115,2945,9,5.59,17.3,706.8,2564.2
"$$DOGE1,91,13:37:09,53.22435,-2.08092,3051,9,5.59,17.2,697.9,2664.2*0A0A",M0UPU,91,13:37:09,53.22435,-2.08092,3051,9,5.59,17.2,697.9,2664.2
"$$DOGE1,92,13:37:25,53.22443,-2.08072,3154,9,5.58,17.0,688.4,2772.6*5E47",M0MKS,92,13:37:25,53.22443,-2.08072,3154,9,5.58,17.0,688.4,2772.6
"$$DOGE1,93,13:37:41,53.22454,-2.08044,3262,9,5.59,16.8,678.9,2882.6*E555","M0UPU,M0MKS",93,13:37:41,53.22454,-2.08044,3262,9,5.59,16.8,678.9,2882.6
"$$DOGE1,95,13:38:13,53.22483,-2.07919,3468,9,5.57,16.3,661.5,3087.0*B7C5","M0UPU,EDU0001,M0MKS",95,13:38:13,53.22483,-2.07919,3468,9,5.57,16.3,661.5,3087.0
"$$DOGE1,96,13:38:29,53.22505,-2.07845,3576,9,5.59,16.1,652.4,3195.2*222A",M0MKS,96,13:38:29,53.22505,-2.07845,3576,9,5.59,16.1,652.4,3195.2
"$$DOGE1,97,13:38:45,53.22523,-2.07745,3682,9,5.59,16.2,643.4,-3249.7*D7CB","M0UPU,EDU0001",97,13:38:45,53.22523,-2.07745,3682,9,5.59,16.2,643.4,-3249.7
"$$DOGE1,98,13:39:02,53.22541,-2.07625,3795,9,5.59,16.1,634.1,-3135.9*61FC",EDU0001,98,13:39:02,53.22541,-2.07625,3795,9,5.59,16.1,634.1,-3135.9
"$$DOGE1,99,13:39:19,53.22578,-2.07507,3915,9,5.58,15.8,624.5,-3017.3*0754",M0UPU,99,13:39:19,53.22578,-2.07507,3915,9,5.58,15.8,624.5,-3017.3
"$$DOGE1,101,13:39:53,53.22668,-2.07230,4157,9,5.61,15.1,605.9,-2783.7*C3ED",M0UPU,101,13:39:53,53.22668,-2.0723,4157,9,5.61,15.1,605.9,-2783.7
"$$DOGE1,102,13:40:10,53.22737,-2.07038,4272,9,5.63,14.9,597.7,-2678.0*3897",M0UPU,102,13:40:10,53.22737,-2.07038,4272,9,5.63,14.9,597.7,-2678.0
"$$DOGE1,104,13:40:44,53.22827,-2.06754,4513,9,5.62,14.3,579.1,-2436.1*83BB","M0UPU,EDU0001,M0MKS",104,13:40:44,53.22827,-2.06754,4513,9,5.62,14.3,579.1,-2436.1
"$$DOGE1,105,13:41:01,53.22879,-2.06528,4618,9,5.58,14.3,570.7,-2323.4*AA78",M0UPU,105,13:41:01,53.22879,-2.06528,4618,9,5.58,14.3,570.7,-2323.4
"$$DOGE1,106,13:41:18,53.22921,-2.06291,4740,9,5.61,14.2,561.4,-2199.3*C14D","M0UPU,M0MKS",106,13:41:18,53.22921,-2.06291,4740,9,5.61,14.2,561.4,-2199.3
"$$DOGE1,107,13:41:35,53.22975,-2.06081,4850,9,5.59,13.8,552.8,-2081.6*A8F5","EDU0001,M0MKS",107,13:41:35,53.22975,-2.06081,4850,9,5.59,13.8,552.8,-2081.6
"$$DOGE1,108,13:41:52,53.23048,-2.05830,4966,9,5.58,13.8,544.2,-1962.5*0E53","M0UPU,EDU0001",108,13:41:52,53.23048,-2.0583,4966,9,5.58,13.8,544.2,-1962.5
"$$DOGE1,109,13:42:09,53.23122,-2.05589,5078,9,5.58,13.5,535.5,-1841.1*4421",M0MKS,109,13:42:09,53.23122,-2.05589,5078,9,5.58,13.5,535.5,-1841.1
"$$DOGE1,111,13:42:43,53.23367,-2.05115,5322,9,5.58,13.0,519.2,-1608.6*766C",M0MKS,111,13:42:43,53.23367,-2.05115,5322,9,5.58,13.0,519.2,-1608.6
"$$DOGE1,112,13:43:00,53.23510,-2.04831,5437,9,5.61,12.7,510.2,-1478.4*4768",M0MKS,112,13:43:00,53.2351,-2.04831,5437,9,5.61,12.7,510.2,-1478.4
"$$DOGE1,113,13:43:17,53.23608,-2.04498,5571,9,5.59,12.6,502.4,-1362.6*3F6D","EDU0001,M0MKS",113,13:43:17,53.23608,-2.04498,5571,9,5.59,12.6,502.4,-1362.6
"$$DOGE1,114,13:43:34,53.23708,-2.04164,5684,9,5.59,12.2,494.1,-1239.8*804E",EDU0001,114,13:43:34,53.23708,-2.04164,5684,9,5.59,12.2,494.1,-1239.8
"$$DOGE1,115,13:43:51,53.23876,-2.03755,5803,9,5.61,11.8,486.0,-1117.0*A3E4",M0MKS,115,13:43:51,53.23876,-2.03755,5803,9,5.61,11.8,486.0,-1117.0
"$$DOGE1,118,13:44:25,53.24209,-2.02986,6041,9,5.59,11.2,463.0,-759.1*9476","M0UPU,M0MKS",118,13:44:25,53.24209,-2.02986,6041,9,5.59,11.2,463.0,-759.1
"$$DOGE1,121,13:45:32,53.24932,-2.01386,6513,9,5.62,10.5,441.2,-407.8*FD3C",M0UPU,121,13:45:32,53.24932,-2.01386,6513,9,5.62,10.5,441.2,-407.8
"$$DOGE1,122,13:45:32,53.24932,-2.01386,6513,9,5.62,10.0,434.1,-289.9*B2FD",M0UPU,122,13:45:32,53.24932,-2.01386,6513,9,5.62,10.0,434.1,-289.9
"$$DOGE1,124,13:45:49,53.25156,-2.00965,6647,9,5.57,9.5,418.5,-26.1*27CF","M0UPU,M0MKS",124,13:45:49,53.25156,-2.00965,6647,9,5.57,9.5,418.5,-26.1
"$$DOGE1,127,13:47:10,53.26178,-1.98731,7242,9,5.60,8.8,398.3,328.2*0826",M0MKS,127,13:47:10,53.26178,-1.98731,7242,9,5.6,8.8,398.3,328.2
"$$DOGE1,128,13:47:26,53.26394,-1.98239,7340,9,5.61,8.6,392.1,439.3*1756",M0UPU,128,13:47:26,53.26394,-1.98239,7340,9,5.61,8.6,392.1,439.3
"$$DOGE1,129,13:47:42,53.26594,-1.97745,7481,9,5.61,8.2,385.5,560.4*3A68",M0MKS,129,13:47:42,53.26594,-1.97745,7481,9,5.61,8.2,385.5,560.4
"$$DOGE1,130,13:47:58,53.26826,-1.97270,7587,9,5.61,8.1,379.3,675.7*0CA6",M0UPU,130,13:47:58,53.26826,-1.9727,7587,9,5.61,8.1,379.3,675.7
"$$DOGE1,131,13:48:14,53.27097,-1.96822,7694,9,5.61,8.0,372.8,796.3*7E16","M0UPU,M0MKS",131,13:48:14,53.27097,-1.96822,7694,9,5.61,8.0,372.8,796.3
"$$DOGE1,133,13:48:46,53.27603,-1.95836,7923,9,5.59,7.9,361.3,1017.6*75B1",M0MKS,133,13:48:46,53.27603,-1.95836,7923,9,5.59,7.9,361.3,1017.6
"$$DOGE1,134,13:49:02,53.27896,-1.95383,8031,9,5.58,7.8,355.2,1135.2*4F26",M0MKS,134,13:49:02,53.27896,-1.95383,8031,9,5.58,7.8,355.2,1135.2
"$$DOGE1,135,13:49:18,53.28189,-1.94969,8141,9,5.58,7.3,349.4,1250.2*8D58","M0UPU,GM4JTJ,M0MKS",135,13:49:18,53.28189,-1.94969,8141,9,5.58,7.3,349.4,1250.2
"$$DOGE1,136,13:49:34,53.28509,-1.94545,8250,9,5.57,7.1,344.1,1357.2*1C4D","M0UPU,EDU0001,M0MKS",136,13:49:34,53.28509,-1.94545,8250,9,5.57,7.1,344.1,1357.2
"$$DOGE1,137,13:49:50,53.28791,-1.94101,8374,9,5.58,6.9,338.3,1473.3*5F9D","GM4JTJ,M0MKS",137,13:49:50,53.28791,-1.94101,8374,9,5.58,6.9,338.3,1473.3
"$$DOGE1,138,13:50:06,53.29131,-1.93659,8483,9,5.57,6.8,333.4,1575.5*A2D9",M0UPU,138,13:50:06,53.29131,-1.93659,8483,9,5.57,6.8,333.4,1575.5
"$$DOGE1,139,13:50:22,53.29466,-1.93123,8599,9,5.58,6.7,327.3,1702.0*AB3D",GM4JTJ,139,13:50:22,53.29466,-1.93123,8599,9,5.58,6.7,327.3,1702.0
"$$DOGE1,141,13:50:54,53.30176,-1.92143,8840,9,5.58,6.0,315.9,1944.8*B6AA",GM4JTJ,141,13:50:54,53.30176,-1.92143,8840,9,5.58,6.0,315.9,1944.8
"$$DOGE1,142,13:51:10,53.30569,-1.91612,8947,8,5.57,5.6,311.4,2042.5*D6D5","EDU0001,G8KNN",142,13:51:10,53.30569,-1.91612,8947,8,5.57,5.6,311.4,2042.5
"$$DOGE1,143,13:51:26,53.30950,-1.91070,9062,9,5.57,5.7,305.3,2175.6*CCC2",GM4JTJ,143,13:51:26,53.3095,-1.9107,9062,9,5.57,5.7,305.3,2175.6
"$$DOGE1,144,13:51:42,53.31298,-1.90552,9186,9,5.57,5.4,300.5,2283.1*5466",2E0KPI,144,13:51:42,53.31298,-1.90552,9186,9,5.57,5.4,300.5,2283.1
"$$DOGE1,145,13:51:58,53.31715,-1.90028,9310,9,5.56,5.4,294.4,2420.9*B9F2","M0UPU,GM4JTJ",145,13:51:58,53.31715,-1.90028,9310,9,5.56,5.4,294.4,2420.9
"$$DOGE1,147,13:52:30,53.32444,-1.88844,9551,9,5.55,4.7,284.0,2662.6*6AD8","EDU0001,GM4JTJ,M0MKS",147,13:52:30,53.32444,-1.88844,9551,9,5.55,4.7,284.0,2662.6
"$$DOGE1,149,13:53:02,53.33237,-1.87725,9787,9,5.57,4.4,273.8,2906.7*5051","GM4JTJ,G8IMN",149,13:53:02,53.33237,-1.87725,9787,9,5.57,4.4,273.8,2906.7
"$$DOGE1,150,13:53:18,53.33682,-1.87115,9906,9,5.58,3.9,268.5,3035.5*784F",G8KNN,150,13:53:18,53.33682,-1.87115,9906,9,5.58,3.9,268.5,3035.5
"$$DOGE1,151,13:53:34,53.34144,-1.86551,10010,9,5.59,3.9,263.8,3152.2*329A","M0UPU,GM4JTJ",151,13:53:34,53.34144,-1.86551,10010,9,5.59,3.9,263.8,3152.2
"$$DOGE1,152,13:53:51,53.34600,-1.85970,10155,9,5.55,3.4,258.5,-3267.9*5EAE","M0UPU,G8KNN,GM4JTJ,M0MKS",152,13:53:51,53.346,-1.8597,10155,9,5.55,3.4,258.5,-3267.9
"$$DOGE1,153,13:54:08,53.35101,-1.85359,10285,9,5.57,3.5,253.2,-3131.7*8579","M0UPU,G8KNN,GM4JTJ,M0MKS",153,13:54:08,53.35101,-1.85359,10285,9,5.57,3.5,253.2,-3131.7
"$$DOGE1,154,13:54:25,53.35556,-1.84715,10410,9,5.56,3.3,248.2,-3002.6*8CD4","M0UPU,GM4JTJ",154,13:54:25,53.35556,-1.84715,10410,9,5.56,3.3,248.2,-3002.6
"$$DOGE1,155,13:54:42,53.36056,-1.84028,10547,9,5.57,2.9,243.1,-2867.5*9A5C","M0UPU,GM4JTJ",155,13:54:42,53.36056,-1.84028,10547,9,5.57,2.9,243.1,-2867.5
"$$DOGE1,156,13:54:59,53.36548,-1.83348,10681,9,5.56,2.6,238.2,-2734.9*5FB8","M0UPU,G8KNN,GM4JTJ",156,13:54:59,53.36548,-1.83348,10681,9,5.56,2.6,238.2,-2734.9
"$$DOGE1,157,13:55:16,53.37060,-1.82728,10800,9,5.58,2.2,233.6,-2611.2*721D","M0UPU,GM4JTJ",157,13:55:16,53.3706,-1.82728,10800,9,5.58,2.2,233.6,-2611.2
"$$DOGE1,159,13:55:50,53.37906,-1.81336,11070,9,5.57,2.0,224.0,-2341.4*0EAF",G8KNN,159,13:55:50,53.37906,-1.81336,11070,9,5.57,2.0,224.0,-2341.4
"$$DOGE1,160,13:56:07,53.38192,-1.80583,11193,9,5.58,1.7,219.6,-2213.1*6924","M0UPU,GM4JTJ",160,13:56:07,53.38192,-1.80583,11193,9,5.58,1.7,219.6,-2213.1
"$$DOGE1,161,13:56:24,53.38455,-1.79910,11329,9,5.57,1.2,214.6,-2069.3*7611","GM4JTJ,M0MKS",161,13:56:24,53.38455,-1.7991,11329,9,5.57,1.2,214.6,-2069.3
"$$DOGE1,162,13:56:41,53.38663,-1.79340,11453,9,5.57,1.2,210.2,-1938.1*8AAE","M0UPU,G8KNN,GM4JTJ,M0MKS",162,13:56:41,53.38663,-1.7934,11453,9,5.57,1.2,210.2,-1938.1
"$$DOGE1,163,13:56:58,53.38876,-1.78847,11598,9,5.57,1.0,205.4,-1792.2*7026","GM4JTJ,M0MKS",163,13:56:58,53.38876,-1.78847,11598,9,5.57,1.0,205.4,-1792.2
"$$DOGE1,164,13:57:15,53.39128,-1.78464,11718,9,5.55,0.8,201.9,-1685.0*F335","GM4JTJ,M0MKS",164,13:57:15,53.39128,-1.78464,11718,9,5.55,0.8,201.9,-1685.0
"$$DOGE1,165,13:57:32,53.39336,-1.78148,11825,9,5.55,0.6,198.3,-1573.1*0ED6","G8KNN,GM4JTJ,M0MKS",165,13:57:32,53.39336,-1.78148,11825,9,5.55,0.6,198.3,-1573.1
"$$DOGE1,166,13:57:49,53.39551,-1.77791,11972,9,5.55,0.3,193.8,-1428.4*45BC","M0UPU,G8KNN",166,13:57:49,53.39551,-1.77791,11972,9,5.55,0.3,193.8,-1428.4
"$$DOGE1,167,13:58:06,53.39787,-1.77434,12087,9,5.54,0.4,190.4,-1318.9*772B","G8KNN,GM4JTJ",167,13:58:06,53.39787,-1.77434,12087,9,5.54,0.4,190.4,-1318.9
"$$DOGE1,168,13:58:23,53.39965,-1.77007,12217,9,5.54,0.3,186.2,-1180.9*1A1A",GM4JTJ,168,13:58:23,53.39965,-1.77007,12217,9,5.54,0.3,186.2,-1180.9
"$$DOGE1,169,13:58:40,53.40216,-1.76652,12345,9,5.53,0.4,182.6,-1060.7*C512","GM4JTJ,M0MKS",169,13:58:40,53.40216,-1.76652,12345,9,5.53,0.4,182.6,-1060.7
"$$DOGE1,170,13:58:57,53.40477,-1.76330,12472,9,5.53,0.2,179.1,-943.1*0926","GM4JTJ,M0MKS",170,13:58:57,53.40477,-1.7633,12472,9,5.53,0.2,179.1,-943.1
"$$DOGE1,171,13:59:14,53.40724,-1.75938,12614,9,5.54,0.1,175.6,-822.5*01BD","M0UPU,GM4JTJ",171,13:59:14,53.40724,-1.75938,12614,9,5.54,0.1,175.6,-822.5
"$$DOGE1,172,13:59:14,53.40724,-1.75938,12614,9,5.54,0.1,172.1,-701.1*E2C1",G8KNN,172,13:59:14,53.40724,-1.75938,12614,9,5.54,0.1,172.1,-701.1
"$$DOGE1,174,14:00:04,53.41293,-1.74727,12976,9,5.54,0.0,165.5,-461.4*CFE8",GM4JTJ,174,14:00:04,53.41293,-1.74727,12976,9,5.54,0.0,165.5,-461.4
"$$DOGE1,175,14:00:04,53.41293,-1.74727,12976,9,5.53,0.3,161.7,-323.2*A4D8","M0UPU,2E0KPI,G8KNN,GM4JTJ,M0MKS",175,14:00:04,53.41293,-1.74727,12976,9,5.53,0.3,161.7,-323.2
"$$DOGE1,177,14:00:54,53.41834,-1.73627,13379,9,5.54,0.1,155.2,-78.5*935D","M0UPU,GM4JTJ",177,14:00:54,53.41834,-1.73627,13379,9,5.54,0.1,155.2,-78.5
"$$DOGE1,179,14:01:26,53.42082,-1.73058,13603,9,5.55,0.1,149.6,139.8*5371",GM4JTJ,179,14:01:26,53.42082,-1.73058,13603,9,5.55,0.1,149.6,139.8
"$$DOGE1,181,14:01:58,53.42368,-1.72368,13863,9,5.53,0.0,143.4,388.3*BD2B","GM4JTJ,M0MKS",181,14:01:58,53.42368,-1.72368,13863,9,5.53,0.0,143.4,388.3
"$$DOGE1,183,14:02:30,53.42612,-1.71760,14076,9,5.52,0.0,138.7,586.3*36BD",M0UPU,183,14:02:30,53.42612,-1.7176,14076,9,5.52,0.0,138.7,586.3
"$$DOGE1,185,14:03:02,53.42885,-1.71104,14299,9,5.51,0.0,134.0,784.0*AA28","M0UPU,GM4JTJ",185,14:03:02,53.42885,-1.71104,14299,9,5.51,0.0,134.0,784.0
"$$DOGE1,187,14:03:34,53.43068,-1.70454,14523,9,5.52,0.3,129.5,981.4*13B5",GM4JTJ,187,14:03:34,53.43068,-1.70454,14523,9,5.52,0.3,129.5,981.4
"$$DOGE1,189,14:04:07,53.43242,-1.69811,14770,9,5.53,0.4,124.6,1204.6*11CA",GM4JTJ,189,14:04:07,53.43242,-1.69811,14770,9,5.53,0.4,124.6,1204.6
"$$DOGE1,190,14:04:24,53.43327,-1.69546,14914,9,5.47,0.4,121.9,1326.0*5F5C",M0UPU,190,14:04:24,53.43327,-1.69546,14914,9,5.47,0.4,121.9,1326.0
"$$DOGE1,191,14:04:24,53.43327,-1.69546,14914,9,5.46,0.5,120.0,1419.1*B50E","G8FJG ,GM4JTJ",191,14:04:24,53.43327,-1.69546,14914,9,5.46,0.5,120.0,1419.1
"$$DOGE1,193,14:05:14,53.43781,-1.68924,15245,9,5.49,0.9,115.7,1623.0*9859","GM4JTJ,M0MKS",193,14:05:14,53.43781,-1.68924,15245,9,5.49,0.9,115.7,1623.0
"$$DOGE1,195,14:05:48,53.44053,-1.68442,15490,9,5.50,0.9,111.4,1835.1*4E18",GM4JTJ,195,14:05:48,53.44053,-1.68442,15490,9,5.5,0.9,111.4,1835.1
"$$DOGE1,196,14:05:48,53.44053,-1.68442,15490,9,5.46,0.9,109.4,1936.8*C912","G8FJG ,GM4JTJ,M0MKS",196,14:05:48,53.44053,-1.68442,15490,9,5.46,0.9,109.4,1936.8
"$$DOGE1,198,14:06:38,53.44188,-1.67653,15830,9,5.50,1.2,105.5,2136.3*5F55",GM4JTJ,198,14:06:38,53.44188,-1.67653,15830,9,5.5,1.2,105.5,2136.3
"$$DOGE1,199,14:06:55,53.44235,-1.67477,15941,9,5.47,1.3,103.8,2229.7*02A2","M0UPU,G8FJG ,G8KNN,GM4JTJ",199,14:06:55,53.44235,-1.67477,15941,9,5.47,1.3,103.8,2229.7
"$$DOGE1,200,14:06:55,53.44235,-1.67477,15941,9,5.48,1.3,102.0,2323.3*300A",GM4JTJ,200,14:06:55,53.44235,-1.67477,15941,9,5.48,1.3,102.0,2323.3
"$$DOGE1,202,14:07:45,53.44392,-1.66689,16287,9,5.49,1.3,98.2,2529.6*5B01","G8IMN,G8FJG ,G8KNN,GM4JTJ,M0MKS",202,14:07:45,53.44392,-1.66689,16287,9,5.49,1.3,98.2,2529.6
"$$DOGE1,203,14:08:01,53.44442,-1.66469,16399,9,5.51,1.6,96.4,2634.7*1FD5","G8FJG ,M0MKS",203,14:08:01,53.44442,-1.66469,16399,9,5.51,1.6,96.4,2634.7
"$$DOGE1,204,14:08:17,53.44521,-1.66277,16517,9,5.51,1.6,94.7,2727.4*DD12",GM4JTJ,204,14:08:17,53.44521,-1.66277,16517,9,5.51,1.6,94.7,2727.4
"$$DOGE1,205,14:08:33,53.44617,-1.66041,16620,9,5.50,1.8,93.3,2812.8*6417",GM4JTJ,205,14:08:33,53.44617,-1.66041,16620,9,5.5,1.8,93.3,2812.8
"$$DOGE1,206,14:08:49,53.44716,-1.65798,16723,9,5.51,1.9,91.5,2915.4*44BB",G8KNN,206,14:08:49,53.44716,-1.65798,16723,9,5.51,1.9,91.5,2915.4
"$$DOGE1,207,14:09:05,53.44800,-1.65546,16832,9,5.51,1.9,89.9,3007.9*BAB2","G8FJG ,GM4JTJ,M0MKS",207,14:09:05,53.448,-1.65546,16832,9,5.51,1.9,89.9,3007.9
"$$DOGE1,208,14:09:21,53.44843,-1.65279,16946,9,5.47,1.8,88.5,3092.2*2989","EDU0001,G8KNN,M0MKS",208,14:09:21,53.44843,-1.65279,16946,9,5.47,1.8,88.5,3092.2
"$$DOGE1,209,14:09:37,53.44884,-1.65016,17049,9,5.51,1.8,87.0,3184.3*AF5E","GM4JTJ,M0MKS",209,14:09:37,53.44884,-1.65016,17049,9,5.51,1.8,87.0,3184.3
"$$DOGE1,210,14:09:53,53.44935,-1.64694,17154,9,5.47,1.9,85.6,3269.5*A0E5","G8KNN,M0MKS",210,14:09:53,53.44935,-1.64694,17154,9,5.47,1.9,85.6,3269.5
"$$DOGE1,211,14:10:09,53.44989,-1.64380,17264,9,5.47,2.1,84.1,-3190.1*7E8D","EDU0001,G8FJG ,GM4JTJ",211,14:10:09,53.44989,-1.6438,17264,9,5.47,2.1,84.1,-3190.1
"$$DOGE1,212,14:10:26,53.45097,-1.64072,17366,9,5.44,2.3,82.8,-3105.3*D73E","EDU0001,G8KNN,GM4JTJ",212,14:10:26,53.45097,-1.64072,17366,9,5.44,2.3,82.8,-3105.3
"$$DOGE1,213,14:10:26,53.45097,-1.64072,17366,9,5.44,2.4,81.4,-3012.6*F454","M0UPU,G8KNN",213,14:10:26,53.45097,-1.64072,17366,9,5.44,2.4,81.4,-3012.6
"$$DOGE1,215,14:11:16,53.45399,-1.63045,17711,9,5.44,2.6,78.4,-2821.4*A4AA","G8KNN,GM4JTJ",215,14:11:16,53.45399,-1.63045,17711,9,5.44,2.6,78.4,-2821.4
"$$DOGE1,216,14:11:33,53.45451,-1.62695,17835,9,5.46,2.7,77.0,-2725.9*5D09",GM4JTJ,216,14:11:33,53.45451,-1.62695,17835,9,5.46,2.7,77.0,-2725.9
"$$DOGE1,217,14:11:33,53.45451,-1.62695,17835,9,5.44,2.7,75.6,-2626.6*C2C9","G8KNN,GM4JTJ",217,14:11:33,53.45451,-1.62695,17835,9,5.44,2.7,75.6,-2626.6
"$$DOGE1,219,14:12:23,53.45680,-1.61566,18185,9,5.42,2.8,72.9,-2439.1*593D","G8FJG ,G8KNN,GM4JTJ,M0MKS",219,14:12:23,53.4568,-1.61566,18185,9,5.42,2.8,72.9,-2439.1
"$$DOGE1,220,14:12:23,53.45680,-1.61566,18185,9,5.46,2.9,71.6,-2351.6*39FF","G8KNN,GM4JTJ,M0MKS",220,14:12:23,53.4568,-1.61566,18185,9,5.46,2.9,71.6,-2351.6
"$$DOGE1,222,14:13:13,53.45784,-1.60479,18510,9,5.44,3.1,69.2,-2174.3*F0F0","G8FJG ,G8KNN,GM4JTJ",222,14:13:13,53.45784,-1.60479,18510,9,5.44,3.1,69.2,-2174.3
"$$DOGE1,223,14:13:13,53.45784,-1.60479,18510,9,5.43,3.2,67.9,-2078.8*234A",GM4JTJ,223,14:13:13,53.45784,-1.60479,18510,9,5.43,3.2,67.9,-2078.8
"$$DOGE1,225,14:14:03,53.45867,-1.59625,18855,9,5.46,3.4,65.7,-1909.1*D8EE",GM4JTJ,225,14:14:03,53.45867,-1.59625,18855,9,5.46,3.4,65.7,-1909.1
"$$DOGE1,226,14:14:03,53.45867,-1.59625,18855,9,5.42,3.5,64.5,-1817.6*53DE",GM4JTJ,226,14:14:03,53.45867,-1.59625,18855,9,5.42,3.5,64.5,-1817.6
"$$DOGE1,232,14:16:00,53.45807,-1.57811,19640,9,5.42,4.1,58.0,-1290.2*1D4B","M0UPU,GM4JTJ",232,14:16:00,53.45807,-1.57811,19640,9,5.42,4.1,58.0,-1290.2
"$$DOGE1,233,14:16:00,53.45807,-1.57811,19640,9,5.41,4.2,57.0,-1198.9*7AE7","EDU0001,G8FJG",233,14:16:00,53.45807,-1.57811,19640,9,5.41,4.2,57.0,-1198.9
"$$DOGE1,235,14:16:50,53.45841,-1.57106,19990,9,5.42,4.4,55.0,-1025.2*A51E","G8FJG ,GM4JTJ",235,14:16:50,53.45841,-1.57106,19990,9,5.42,4.4,55.0,-1025.2
"$$DOGE1,236,14:17:07,53.45847,-1.56875,20114,9,5.42,4.5,54.0,-933.7*4826","G8FJG ,GM4JTJ",236,14:17:07,53.45847,-1.56875,20114,9,5.42,4.5,54.0,-933.7
"$$DOGE1,238,14:17:39,53.45897,-1.56369,20344,9,5.43,4.7,52.0,-755.5*33BA","G8FJG ,GM4JTJ",238,14:17:39,53.45897,-1.56369,20344,9,5.43,4.7,52.0,-755.5
"$$DOGE1,240,14:18:11,53.45932,-1.55830,20557,9,5.43,4.9,50.1,-579.6*73FF","G8FJG ,GM4JTJ",240,14:18:11,53.45932,-1.5583,20557,9,5.43,4.9,50.1,-579.6
"$$DOGE1,242,14:18:43,53.46020,-1.55237,20786,9,5.44,5.1,48.5,-416.6*9BDA","EDU0001,GM4JTJ",242,14:18:43,53.4602,-1.55237,20786,9,5.44,5.1,48.5,-416.6
"$$DOGE1,243,14:18:59,53.46027,-1.54970,20893,9,5.45,5.2,47.6,-334.3*1C76",G8FJG,243,14:18:59,53.46027,-1.5497,20893,9,5.45,5.2,47.6,-334.3
"$$DOGE1,246,14:19:47,53.46130,-1.54224,21220,9,5.45,5.4,45.3,-93.3*1EE7",G8KNN,246,14:19:47,53.4613,-1.54224,21220,9,5.45,5.4,45.3,-93.3
"$$DOGE1,247,14:20:03,53.46208,-1.53981,21325,9,5.41,5.5,44.5,-10.2*476C",G8FJG,247,14:20:03,53.46208,-1.53981,21325,9,5.41,5.5,44.5,-10.2
"$$DOGE1,248,14:20:19,53.46310,-1.53683,21451,9,5.43,5.6,43.7,76.6*923D",GM4JTJ,248,14:20:19,53.4631,-1.53683,21451,9,5.43,5.6,43.7,76.6
"$$DOGE1,249,14:20:35,53.46411,-1.53371,21561,9,5.43,5.7,42.9,157.9*2FA4","G8FJG ,EDU0001,GM4JTJ,G8KNN",249,14:20:35,53.46411,-1.53371,21561,9,5.43,5.7,42.9,157.9
"$$DOGE1,252,14:21:23,53.46547,-1.52224,21925,9,5.43,6.0,40.6,416.5*7D2A",GM4JTJ,252,14:21:23,53.46547,-1.52224,21925,9,5.43,6.0,40.6,416.5
"$$DOGE1,253,14:21:39,53.46565,-1.51889,22043,9,5.42,6.1,39.7,518.3*F240",GM4JTJ,253,14:21:39,53.46565,-1.51889,22043,9,5.42,6.1,39.7,518.3
"$$DOGE1,255,14:22:11,53.46635,-1.51260,22268,9,5.43,6.2,38.4,667.5*7EFD","G8FJG ,G8KNN,GM4JTJ",255,14:22:11,53.46635,-1.5126,22268,9,5.43,6.2,38.4,667.5
"$$DOGE1,256,14:22:27,53.46681,-1.50940,22383,9,5.42,6.3,37.7,750.4*ACCC",GM4JTJ,256,14:22:27,53.46681,-1.5094,22383,9,5.42,6.3,37.7,750.4
"$$DOGE1,257,14:22:43,53.46695,-1.50570,22502,9,5.43,6.4,37.1,831.7*0698",G8FJG,257,14:22:43,53.46695,-1.5057,22502,9,5.43,6.4,37.1,831.7
"$$DOGE1,258,14:22:59,53.46719,-1.50202,22624,9,5.42,6.5,36.4,910.6*4D91",GM4JTJ,258,14:22:59,53.46719,-1.50202,22624,9,5.42,6.5,36.4,910.6
"$$DOGE1,259,14:23:15,53.46747,-1.49908,22755,9,5.41,6.6,35.7,1001.4*A826",G8FJG,259,14:23:15,53.46747,-1.49908,22755,9,5.41,6.6,35.7,1001.4
"$$DOGE1,260,14:23:31,53.46789,-1.49543,22875,9,5.40,6.7,35.0,1087.4*110C",G8FJG,260,14:23:31,53.46789,-1.49543,22875,9,5.4,6.7,35.0,1087.4
"$$DOGE1,261,14:23:47,53.46862,-1.49170,22990,9,5.40,6.7,34.4,1168.2*5C85","G8KNN,GM4JTJ",261,14:23:47,53.46862,-1.4917,22990,9,5.4,6.7,34.4,1168.2
"$$DOGE1,262,14:24:03,53.46908,-1.48810,23107,9,5.40,6.8,33.7,1255.2*1BF2",G8KNN,262,14:24:03,53.46908,-1.4881,23107,9,5.4,6.8,33.7,1255.2
"$$DOGE1,263,14:24:19,53.46927,-1.48440,23226,9,5.40,6.9,33.1,1341.8*F79B","G8FJG ,2E0KPI",263,14:24:19,53.46927,-1.4844,23226,9,5.4,6.9,33.1,1341.8
"$$DOGE1,265,14:24:51,53.46991,-1.47733,23449,9,5.42,7.1,32.0,1490.0*6C3B","G8FJG ,G8KNN,GM4JTJ",265,14:24:51,53.46991,-1.47733,23449,9,5.42,7.1,32.0,1490.0
"$$DOGE1,269,14:25:55,53.47216,-1.46279,23920,9,5.39,7.4,29.6,1820.6*80C0",G8FJG,269,14:25:55,53.47216,-1.46279,23920,9,5.39,7.4,29.6,1820.6
"$$DOGE1,270,14:26:11,53.47230,-1.45805,24036,9,5.38,7.5,29.1,1895.8*0391","G8FJG ,GM4JTJ",270,14:26:11,53.4723,-1.45805,24036,9,5.38,7.5,29.1,1895.8
"$$DOGE1,272,14:26:43,53.47152,-1.44898,24296,9,5.39,7.6,28.1,2044.7*48BD","G8FJG ,2E0KPI",272,14:26:43,53.47152,-1.44898,24296,9,5.39,7.6,28.1,2044.7
"$$DOGE1,274,14:27:15,53.47015,-1.44012,24550,9,5.38,7.8,26.9,2234.2*32D7","G8FJG ,M0MKS",274,14:27:15,53.47015,-1.44012,24550,9,5.38,7.8,26.9,2234.2
"$$DOGE1,275,14:27:31,53.46941,-1.43643,24683,9,5.38,7.9,26.5,2309.0*762D",2E0KPI,275,14:27:31,53.46941,-1.43643,24683,9,5.38,7.9,26.5,2309.0
"$$DOGE1,276,14:27:47,53.46881,-1.43347,24798,9,5.39,7.9,25.9,2400.6*945F",G8FJG,276,14:27:47,53.46881,-1.43347,24798,9,5.39,7.9,25.9,2400.6
"$$DOGE1,277,14:28:03,53.46851,-1.42939,24925,9,5.38,8.0,25.5,2465.1*1D29",G8FJG,277,14:28:03,53.46851,-1.42939,24925,9,5.38,8.0,25.5,2465.1
"$$DOGE1,278,14:28:19,53.46834,-1.42532,25050,9,5.38,8.1,24.9,2557.6*982C","G8FJG ,2E0KPI",278,14:28:19,53.46834,-1.42532,25050,9,5.38,8.1,24.9,2557.6
"$$DOGE1,279,14:28:35,53.46851,-1.42237,25164,9,5.39,8.2,24.6,2622.9*84F4",GM4JTJ,279,14:28:35,53.46851,-1.42237,25164,9,5.39,8.2,24.6,2622.9
"$$DOGE1,280,14:28:51,53.46892,-1.41877,25285,9,5.37,8.3,24.2,2692.5*AF38","G8FJG ,M0MKS",280,14:28:51,53.46892,-1.41877,25285,9,5.37,8.3,24.2,2692.5
"$$DOGE1,281,14:29:07,53.46929,-1.41516,25409,9,5.36,8.3,23.7,2777.2*3EB6","G8FJG ,G8KNN,GM4JTJ",281,14:29:07,53.46929,-1.41516,25409,9,5.36,8.3,23.7,2777.2
"$$DOGE1,282,14:29:23,53.46956,-1.41170,25537,9,5.36,8.4,23.2,2855.2*4988","G8FJG ,PB0AHX",282,14:29:23,53.46956,-1.4117,25537,9,5.36,8.4,23.2,2855.2
"$$DOGE1,283,14:29:39,53.46973,-1.40782,25662,8,5.34,8.5,22.8,2934.1*3A5C","G8FJG ,M0MKS,EDU0001,GM4JTJ,G8KNN",283,14:29:39,53.46973,-1.40782,25662,8,5.34,8.5,22.8,2934.1
"$$DOGE1,284,14:29:55,53.46989,-1.40414,25799,9,5.36,8.6,22.3,3019.0*EF46","EDU0001,G8FJG ,M0MKS",284,14:29:55,53.46989,-1.40414,25799,9,5.36,8.6,22.3,3019.0
"$$DOGE1,285,14:30:11,53.47059,-1.40047,25927,9,5.36,8.6,21.9,3098.4*93EF",GM4JTJ,285,14:30:11,53.47059,-1.40047,25927,9,5.36,8.6,21.9,3098.4
"$$DOGE1,286,14:30:27,53.47139,-1.39726,26048,9,5.36,8.7,21.4,3183.7*9EF4","G8FJG ,2E0KPI,M0MKS",286,14:30:27,53.47139,-1.39726,26048,9,5.36,8.7,21.4,3183.7
"$$DOGE1,288,14:30:59,53.47261,-1.38946,26307,9,5.37,8.9,20.6,-3212.7*915E","G8FJG ,EDU0001,G8KNN",288,14:30:59,53.47261,-1.38946,26307,9,5.37,8.9,20.6,-3212.7
"$$DOGE1,289,14:30:59,53.47261,-1.38946,26307,9,5.35,8.9,20.2,-3132.0*19F9","GM4JTJ,M0MKS",289,14:30:59,53.47261,-1.38946,26307,9,5.35,8.9,20.2,-3132.0
"$$DOGE1,291,14:31:49,53.47488,-1.37602,26733,9,5.37,9.1,19.4,-2967.7*91F8","EDU0001,G8DHE,G8KNN,GM4JTJ",291,14:31:49,53.47488,-1.37602,26733,9,5.37,9.1,19.4,-2967.7
"$$DOGE1,292,14:31:49,53.47488,-1.37602,26733,9,5.36,9.2,18.9,-2864.0*402D","G8FJG ,G8DHE,GM4JTJ",292,14:31:49,53.47488,-1.37602,26733,9,5.36,9.2,18.9,-2864.0
"$$DOGE1,295,14:32:56,53.47625,-1.35749,27320,9,5.38,9.4,17.8,-2629.7*6569","G8FJG ,GM4JTJ",295,14:32:56,53.47625,-1.35749,27320,9,5.38,9.4,17.8,-2629.7
"$$DOGE1,296,14:33:13,53.47658,-1.35297,27449,9,5.37,9.5,17.4,-2532.0*B88F","G8FJG ,G8KNN",296,14:33:13,53.47658,-1.35297,27449,9,5.37,9.5,17.4,-2532.0
"$$DOGE1,297,14:33:30,53.47659,-1.34770,27591,9,5.37,9.6,17.0,-2452.0*09A6","G8FJG ,G8DHE,GM4JTJ",297,14:33:30,53.47659,-1.3477,27591,9,5.37,9.6,17.0,-2452.0
"$$DOGE1,298,14:33:30,53.47659,-1.34770,27591,9,5.37,9.6,16.7,-2373.2*D37F",GM4JTJ,298,14:33:30,53.47659,-1.3477,27591,9,5.37,9.6,16.7,-2373.2
"$$DOGE1,300,14:34:20,53.47896,-1.33101,27983,9,5.34,9.8,16.1,-2237.5*70C9","G8KNN,M0MKS",300,14:34:20,53.47896,-1.33101,27983,9,5.34,9.8,16.1,-2237.5
"$$DOGE1,301,14:34:37,53.47948,-1.32534,28117,9,5.36,9.9,15.8,-2168.4*CF4E",G8FJG,301,14:34:37,53.47948,-1.32534,28117,9,5.36,9.9,15.8,-2168.4
"$$DOGE1,302,14:34:54,53.47970,-1.31961,28253,8,5.38,10.0,15.5,-2077.0*FE0E","G8KNN,M0MKS",302,14:34:54,53.4797,-1.31961,28253,8,5.38,10.0,15.5,-2077.0
"$$DOGE1,303,14:35:11,53.48044,-1.31432,28372,8,5.34,10.0,15.1,-1989.5*C31D",G8FJG,303,14:35:11,53.48044,-1.31432,28372,8,5.34,10.0,15.1,-1989.5
"$$DOGE1,304,14:35:28,53.48216,-1.30901,28530,8,5.33,10.1,14.9,-1926.1*888E",GM4JTJ,304,14:35:28,53.48216,-1.30901,28530,8,5.33,10.1,14.9,-1926.1
"$$DOGE1,305,14:35:45,53.48341,-1.30321,28689,8,5.33,10.2,14.5,-1837.8*578B","G8FJG ,GM4JTJ",305,14:35:45,53.48341,-1.30321,28689,8,5.33,10.2,14.5,-1837.8
"$$DOGE1,307,14:36:19,53.48552,-1.29383,28993,7,5.35,10.4,13.9,-1682.5*A291","G8FJG ,GM4JTJ,M0MKS",307,14:36:19,53.48552,-1.29383,28993,7,5.35,10.4,13.9,-1682.5
"$$DOGE1,310,14:37:10,53.48906,-1.28014,29451,8,5.35,10.6,13.0,-1430.4*BA32","G8FJG ,G8DHE",310,14:37:10,53.48906,-1.28014,29451,8,5.35,10.6,13.0,-1430.4
"$$DOGE1,311,14:37:27,53.49070,-1.27306,29593,8,5.34,10.7,12.8,-1356.7*9450","G8FJG ,G8KNN,GM4JTJ",311,14:37:27,53.4907,-1.27306,29593,8,5.34,10.7,12.8,-1356.7
"$$DOGE1,312,14:37:44,53.49201,-1.26547,29745,8,5.35,10.8,12.5,-1275.5*C6D8","G8FJG ,GM4JTJ,M0MKS",312,14:37:44,53.49201,-1.26547,29745,8,5.35,10.8,12.5,-1275.5
"$$DOGE1,313,14:38:01,53.49294,-1.25773,29890,8,5.32,10.8,12.2,-1203.1*3568","EDU0001,G8KNN,GM4JTJ",313,14:38:01,53.49294,-1.25773,29890,8,5.32,10.8,12.2,-1203.1
"$$DOGE1,314,14:38:18,53.49376,-1.25091,30012,8,5.35,10.9,12.0,-1139.6*A92F","G8FJG ,G8DHE,G8KNN",314,14:38:18,53.49376,-1.25091,30012,8,5.35,10.9,12.0,-1139.6
"$$DOGE1,315,14:38:35,53.49454,-1.24370,29591,8,5.33,11.0,12.7,-1345.2*B71C","G8FJG ,G8KNN,GM4JTJ",315,14:38:35,53.49454,-1.2437,29591,8,5.33,11.0,12.7,-1345.2
"$$DOGE1,316,14:38:52,53.49615,-1.23764,29026,8,5.34,11.1,13.8,-1658.6*749B","G8DHE,G8KNN,GM4JTJ",316,14:38:52,53.49615,-1.23764,29026,8,5.34,11.1,13.8,-1658.6
"$$DOGE1,317,14:39:09,53.49703,-1.23289,28530,8,5.33,11.1,14.9,-1923.5*0E60","G8FJG ,G8DHE,G8KNN,GM4JTJ,M0MKS",317,14:39:09,53.49703,-1.23289,28530,8,5.33,11.1,14.9,-1923.5
"$$DOGE1,318,14:39:26,53.49789,-1.22710,28076,8,5.33,11.2,15.8,-2167.2*6F23","G8FJG ,G8DHE,G8KNN,GM4JTJ",318,14:39:26,53.49789,-1.2271,28076,8,5.33,11.2,15.8,-2167.2
"$$DOGE1,319,14:39:43,53.49857,-1.22106,27601,8,5.33,11.3,17.1,-2467.7*6E59","EDU0001,G8DHE,GM4JTJ",319,14:39:43,53.49857,-1.22106,27601,8,5.33,11.3,17.1,-2467.7
"$$DOGE1,320,14:40:00,53.49887,-1.21589,27180,8,5.30,11.4,18.1,-2689.1*FA43","G8DHE,G8KNN,GM4JTJ",320,14:40:00,53.49887,-1.21589,27180,8,5.3,11.4,18.1,-2689.1
"$$DOGE1,321,14:40:17,53.49916,-1.21089,26786,8,5.32,11.4,19.2,-2929.7*2C05","GM4JTJ,G8FJG ,2E0KPI,M0UPU,EDU0001,G8KNN",321,14:40:17,53.49916,-1.21089,26786,8,5.32,11.4,19.2,-2929.7
"$$DOGE1,322,14:40:34,53.49998,-1.20626,26329,8,5.31,11.5,20.6,-3216.0*9150","G8FJG ,G8DHE,PE2G,G8KNN,GM4JTJ",322,14:40:34,53.49998,-1.20626,26329,8,5.31,11.5,20.6,-3216.0
"$$DOGE1,323,14:40:51,53.50081,-1.20246,26047,8,5.31,11.6,21.6,3149.8*C336","G8FJG ,G8DHE,G8KNN",323,14:40:51,53.50081,-1.20246,26047,8,5.31,11.6,21.6,3149.8
"$$DOGE1,324,14:41:08,53.50201,-1.19923,25820,8,5.31,11.6,22.3,3017.4*B43B","M0UPU,G8FJG ,G8DHE,G8KNN,GM4JTJ",324,14:41:08,53.50201,-1.19923,25820,8,5.31,11.6,22.3,3017.4
"$$DOGE1,325,14:41:25,53.50241,-1.19548,25588,8,5.32,11.7,23.2,2862.2*3776","G8FJG ,G8DHE,G8KNN,GM4JTJ",325,14:41:25,53.50241,-1.19548,25588,8,5.32,11.7,23.2,2862.2
"$$DOGE1,326,14:41:25,53.50241,-1.19548,25588,8,5.29,11.8,23.9,2732.3*6FCF","G8FJG ,G8DHE,G8KNN,GM4JTJ,M0MKS",326,14:41:25,53.50241,-1.19548,25588,8,5.29,11.8,23.9,2732.3
"$$DOGE1,328,14:42:15,53.50370,-1.18489,24969,8,5.32,11.9,25.5,2467.5*3813","G8FJG ,G8DHE,EDU0001,GM4JTJ,G8KNN",328,14:42:15,53.5037,-1.18489,24969,8,5.32,11.9,25.5,2467.5
"$$DOGE1,329,14:42:32,53.50367,-1.18110,24773,8,5.31,12.0,26.3,2338.5*9B52","M0UPU,G8DHE,G8KNN,GM4JTJ,M0MKS",329,14:42:32,53.50367,-1.1811,24773,8,5.31,12.0,26.3,2338.5
"$$DOGE1,330,14:42:32,53.50367,-1.18110,24773,8,5.30,12.1,27.1,2213.7*9155","G8FJG ,G8DHE,G6GZH,GM4JTJ,PB0AHX",330,14:42:32,53.50367,-1.1811,24773,8,5.3,12.1,27.1,2213.7
"$$DOGE1,332,14:43:22,53.50185,-1.16924,24184,8,5.30,12.2,28.7,1955.4*25BD","G8DHE,PE2G,GM4JTJ,EDU0001,M0MKS,G8FJG ,G8KNN",332,14:43:22,53.50185,-1.16924,24184,8,5.3,12.2,28.7,1955.4
"$$DOGE1,333,14:43:39,53.50158,-1.16437,23988,8,5.30,12.3,29.6,1832.2*74B0","G8DHE,PE2G,GM4JTJ,M0MKS,M0UPU,EDU0001,G8KNN",333,14:43:39,53.50158,-1.16437,23988,8,5.3,12.3,29.6,1832.2
"$$DOGE1,334,14:43:39,53.50158,-1.16437,23988,8,5.29,12.4,30.5,1703.7*19BA","M0UPU,G8DHE,G8KNN,GM4JTJ,M0MKS",334,14:43:39,53.50158,-1.16437,23988,8,5.29,12.4,30.5,1703.7
"$$DOGE1,336,14:44:29,53.50250,-1.15172,23431,8,5.30,12.5,32.3,1441.6*3CD3","G8DHE,PE2G,GM4JTJ,M0MKS,G8FJG ,G8KNN",336,14:44:29,53.5025,-1.15172,23431,8,5.3,12.5,32.3,1441.6
"$$DOGE1,337,14:44:29,53.50250,-1.15172,23431,8,5.30,12.6,33.2,1321.8*ED35","G8FJG ,G8DHE,G8KNN,GM4JTJ,M0MKS",337,14:44:29,53.5025,-1.15172,23431,8,5.3,12.6,33.2,1321.8
"$$DOGE1,339,14:45:19,53.50294,-1.13951,22885,8,5.29,12.7,35.1,1070.8*EE7A","G8DHE,GM4JTJ,M0MKS,G8FJG ,G8KNN,G6GZH",339,14:45:19,53.50294,-1.13951,22885,8,5.29,12.7,35.1,1070.8
"$$DOGE1,340,14:45:36,53.50328,-1.13562,22709,8,5.30,12.8,36.1,943.9*1BCD","G8DHE,GM4JTJ,PB0AHX,G8FJG ,G8KNN,G6GZH",340,14:45:36,53.50328,-1.13562,22709,8,5.3,12.8,36.1,943.9
"$$DOGE1,341,14:45:52,53.50346,-1.13208,22543,8,5.28,12.9,37.1,820.6*F76E","G6GZH,PB0AHX,M0MKS",341,14:45:52,53.50346,-1.13208,22543,8,5.28,12.9,37.1,820.6
"$$DOGE1,342,14:46:08,53.50370,-1.12849,22381,8,5.30,12.9,38.0,715.1*BFB3","G8FJG ,G8KNN,GM4JTJ,M0MKS",342,14:46:08,53.5037,-1.12849,22381,8,5.3,12.9,38.0,715.1
"$$DOGE1,343,14:46:24,53.50391,-1.12520,22228,8,5.28,13.0,39.0,600.2*4C26","F5APQ,G8FJG",343,14:46:24,53.50391,-1.1252,22228,8,5.28,13.0,39.0,600.2
"$$DOGE1,344,14:46:40,53.50426,-1.12196,22081,8,5.29,13.0,39.9,498.9*7F13","2E0KPI,G8KNN,GM4JTJ,M0MKS",344,14:46:40,53.50426,-1.12196,22081,8,5.29,13.0,39.9,498.9
"$$DOGE1,345,14:46:56,53.50445,-1.11854,21932,8,5.29,13.1,40.9,385.4*4405","F5APQ,G8DHE,M0MKS,M0UPU,G8FJG ,G8KNN",345,14:46:56,53.50445,-1.11854,21932,8,5.29,13.1,40.9,385.4
"$$DOGE1,346,14:47:12,53.50476,-1.11485,21782,8,5.29,13.2,41.8,280.5*A9C2","F5APQ,M0UPU,G8FJG ,G8DHE,GM4JTJ",346,14:47:12,53.50476,-1.11485,21782,8,5.29,13.2,41.8,280.5
"$$DOGE1,347,14:47:28,53.50526,-1.11138,21637,8,5.29,13.2,42.7,181.6*EF1F","M0UPU,G8FJG ,G8DHE,G4FEV,M0MKS",347,14:47:28,53.50526,-1.11138,21637,8,5.29,13.2,42.7,181.6
"$$DOGE1,348,14:47:44,53.50621,-1.10818,21493,8,5.28,13.3,43.7,68.4*2C1B","F5APQ,M0UPU,G4FEV,GM4JTJ",348,14:47:44,53.50621,-1.10818,21493,8,5.28,13.3,43.7,68.4
"$$DOGE1,349,14:48:00,53.50706,-1.10576,21350,9,5.29,13.4,44.6,-25.5*2B5A","F5APQ,M0UPU,G8DHE,M0MKS",349,14:48:00,53.50706,-1.10576,21350,9,5.29,13.4,44.6,-25.5
"$$DOGE1,350,14:48:16,53.50738,-1.10357,21209,9,5.31,13.4,45.7,-133.0*57F8","M0UPU,G8FJG ,GM4JTJ,M0MKS",350,14:48:16,53.50738,-1.10357,21209,9,5.31,13.4,45.7,-133.0
"$$DOGE1,351,14:48:33,53.50778,-1.10144,21062,9,5.30,13.5,46.7,-240.4*0DD2","M0UPU,GM4JTJ,G4FEV,M0MKS,F5APQ,G8FJG",351,14:48:33,53.50778,-1.10144,21062,9,5.3,13.5,46.7,-240.4
"$$DOGE1,352,14:48:50,53.50807,-1.09926,20917,9,5.32,13.6,47.7,-343.8*FF5C","M0UPU,EDU0001,G8FJG ,GM4JTJ,M0MKS",352,14:48:50,53.50807,-1.09926,20917,9,5.32,13.6,47.7,-343.8
"$$DOGE1,353,14:49:07,53.50812,-1.09668,20775,9,5.32,13.6,48.8,-452.0*D77D","M0UPU,EDU0001,GM4JTJ,G4FEV,M0MKS,F5APQ,G8FJG",353,14:49:07,53.50812,-1.09668,20775,9,5.32,13.6,48.8,-452.0
"$$DOGE1,354,14:49:24,53.50810,-1.09344,20629,9,5.32,13.7,50.0,-564.9*C491","F5APQ,M0UPU,M0MKS",354,14:49:24,53.5081,-1.09344,20629,9,5.32,13.7,50.0,-564.9
"$$DOGE1,355,14:49:41,53.50846,-1.09041,20486,9,5.31,13.8,51.1,-673.9*1A7A","F5APQ,G8FJG ,G4FEV,M0MKS",355,14:49:41,53.50846,-1.09041,20486,9,5.31,13.8,51.1,-673.9
"$$DOGE1,356,14:49:41,53.50846,-1.09041,20486,9,5.30,13.8,52.3,-783.5*C2CA","F5APQ,M0UPU,G4FEV,GM4JTJ,M0MKS",356,14:49:41,53.50846,-1.09041,20486,9,5.3,13.8,52.3,-783.5
"$$DOGE1,358,14:50:31,53.50949,-1.08201,20073,9,5.29,14.0,54.5,-984.6*E7CC","M0UPU,G8DHE,GM4JTJ,G4FEV,M0MKS,F5APQ,G8FJG",358,14:50:31,53.50949,-1.08201,20073,9,5.29,14.0,54.5,-984.6
"$$DOGE1,359,14:50:48,53.50994,-1.07942,19937,9,5.29,14.0,55.6,-1081.1*8486","F5APQ,M0UPU,G8FJG ,GM4JTJ,M0MKS",359,14:50:48,53.50994,-1.07942,19937,9,5.29,14.0,55.6,-1081.1
"$$DOGE1,360,14:51:05,53.51050,-1.07690,19797,9,5.30,14.1,57.0,-1198.0*B23E","M0UPU,GM4JTJ,G4FEV,M0MKS,F5APQ,G8FJG ,G8IMN",360,14:51:05,53.5105,-1.0769,19797,9,5.3,14.1,57.0,-1198.0
"$$DOGE1,361,14:51:22,53.51084,-1.07447,19664,9,5.33,14.1,58.1,-1299.3*6033","M0UPU,F5APQ,G8FJG ,G4FEV,M0MKS",361,14:51:22,53.51084,-1.07447,19664,9,5.33,14.1,58.1,-1299.3
"$$DOGE1,362,14:51:39,53.51079,-1.07168,19531,9,5.32,14.2,59.4,-1403.5*72C9","GM4JTJ,G8FJG ,M0MKS,M0UPU,EDU0001,2E0KPI",362,14:51:39,53.51079,-1.07168,19531,9,5.32,14.2,59.4,-1403.5
"$$DOGE1,363,14:51:56,53.51092,-1.06900,19397,9,5.32,14.3,60.6,-1506.2*5CC5","G8FJG ,G8DHE,G4FEV,GM4JTJ,M0MKS",363,14:51:56,53.51092,-1.069,19397,9,5.32,14.3,60.6,-1506.2
"$$DOGE1,364,14:52:13,53.51141,-1.06688,19266,9,5.32,14.3,61.9,-1608.1*890B","F5APQ,M0UPU,G4FEV,GM4JTJ,M0MKS",364,14:52:13,53.51141,-1.06688,19266,9,5.32,14.3,61.9,-1608.1
"$$DOGE1,365,14:52:30,53.51158,-1.06455,19135,9,5.32,14.4,63.2,-1711.4*2E4C","M0UPU,G4FEV,M0MKS,F5APQ,G8FJG ,G6GZH",365,14:52:30,53.51158,-1.06455,19135,9,5.32,14.4,63.2,-1711.4
"$$DOGE1,366,14:52:47,53.51141,-1.06145,19007,9,5.32,14.4,64.5,-1814.7*BEAD","F5APQ,GM4JTJ,M0MKS,M0UPU,G8FJG ,2E0KPI",366,14:52:47,53.51141,-1.06145,19007,9,5.32,14.4,64.5,-1814.7
"$$DOGE1,367,14:53:04,53.51135,-1.05795,18884,9,5.31,14.5,65.7,-1907.1*0C40","F5APQ,GM4JTJ,M0MKS,M0UPU,G8FJG ,G8KNN",367,14:53:04,53.51135,-1.05795,18884,9,5.31,14.5,65.7,-1907.1
"$$DOGE1,368,14:53:21,53.51159,-1.05498,18758,9,5.31,14.6,67.0,-2007.8*96EE","F5APQ,GM4JTJ,EDU0001,M0MKS,M0UPU,G8FJG ,G8KNN",368,14:53:21,53.51159,-1.05498,18758,9,5.31,14.6,67.0,-2007.8
"$$DOGE1,369,14:53:38,53.51184,-1.05265,18635,9,5.32,14.6,68.2,-2101.7*2303","GM4JTJ,EDU0001,G4FEV,M0UPU,G8FJG ,G8KNN,2E0KPI,M0MKS",369,14:53:38,53.51184,-1.05265,18635,9,5.32,14.6,68.2,-2101.7
"$$DOGE1,370,14:53:55,53.51194,-1.05016,18513,9,5.32,14.7,69.6,-2201.0*ADF0","M0UPU,GM4JTJ,G4FEV,M0MKS,F5APQ,G8KNN",370,14:53:55,53.51194,-1.05016,18513,9,5.32,14.7,69.6,-2201.0
"$$DOGE1,371,14:54:12,53.51202,-1.04724,18391,9,5.32,14.8,70.9,-2299.8*4A3C","F5APQ,GM4JTJ,M0MKS,M0UPU,G8FJG ,G8KNN",371,14:54:12,53.51202,-1.04724,18391,9,5.32,14.8,70.9,-2299.8
"$$DOGE1,372,14:54:29,53.51215,-1.04416,18272,9,5.32,14.8,72.3,-2400.9*6BCC","M0UPU,G4FEV,M0MKS,F5APQ,G8KNN,G6GZH",372,14:54:29,53.51215,-1.04416,18272,9,5.32,14.8,72.3,-2400.9
"$$DOGE1,373,14:54:46,53.51228,-1.04049,18151,9,5.31,14.9,73.6,-2493.5*CCBC","M0UPU,G8FJG ,M0MKS,EDU0001,G8KNN",373,14:54:46,53.51228,-1.04049,18151,9,5.31,14.9,73.6,-2493.5
"$$DOGE1,374,14:55:03,53.51261,-1.03628,18031,9,5.29,14.9,75.0,-2591.2*AE8D","M0UPU,GM4JTJ,G4FEV,M0MKS,F5APQ,G8FJG ,G8KNN",374,14:55:03,53.51261,-1.03628,18031,9,5.29,14.9,75.0,-2591.2
"$$DOGE1,375,14:55:20,53.51301,-1.03234,17910,9,5.32,15.0,76.5,-2693.3*C855","M0UPU,G8FJG ,G8KNN,GM4JTJ,M0MKS",375,14:55:20,53.51301,-1.03234,17910,9,5.32,15.0,76.5,-2693.3
"$$DOGE1,376,14:55:37,53.51335,-1.02896,17790,9,5.31,15.0,77.9,-2787.3*B607","M0UPU,2E0KPI,G8KNN,G4FEV,M0MKS",376,14:55:37,53.51335,-1.02896,17790,9,5.31,15.0,77.9,-2787.3
"$$DOGE1,377,14:55:54,53.51367,-1.02549,17669,9,5.29,15.1,79.4,-2887.0*71E4","M0UPU,GM4JTJ,M0MKS,F5APQ,EDU0001,G8KNN",377,14:55:54,53.51367,-1.02549,17669,9,5.29,15.1,79.4,-2887.0
"$$DOGE1,378,14:56:11,53.51425,-1.02149,17554,10,5.29,15.1,80.8,-2977.1*8096","GM4JTJ,G4FEV,M0MKS,G8FJG ,G8KNN,G6GZH",378,14:56:11,53.51425,-1.02149,17554,10,5.29,15.1,80.8,-2977.1
"$$DOGE1,379,14:56:28,53.51506,-1.01735,17438,10,5.29,15.2,82.4,-3081.6*6ACD","M0MKS,GM4JTJ,EDU0001,G4FEV,M0UPU,G8FJG ,G8KNN,2E0KPI,G6GZH",379,14:56:28,53.51506,-1.01735,17438,10,5.29,15.2,82.4,-3081.6
"$$DOGE1,380,14:56:45,53.51604,-1.01349,17324,10,5.32,15.2,83.9,-3177.8*372B","M0UPU,GM4JTJ,M0MKS,F5APQ,G8FJG ,G8KNN,G6GZH",380,14:56:45,53.51604,-1.01349,17324,10,5.32,15.2,83.9,-3177.8
"$$DOGE1,381,14:57:02,53.51696,-1.00985,17210,10,5.31,15.3,85.4,-3268.6*AE55","GM4JTJ,M0MKS,M0UPU,G8FJG ,G8KNN,G6GZH",381,14:57:02,53.51696,-1.00985,17210,10,5.31,15.3,85.4,-3268.6
"$$DOGE1,382,14:57:19,53.51771,-1.00628,17099,10,5.32,15.4,86.9,3188.5*1385","GM4JTJ,M0MKS,M0UPU,G8FJG ,G8KNN,G6GZH",382,14:57:19,53.51771,-1.00628,17099,10,5.32,15.4,86.9,3188.5
"$$DOGE1,383,14:57:36,53.51850,-1.00279,16984,10,5.32,15.4,88.5,3096.7*3108","F5APQ,GM4JTJ,G4FEV,M0MKS,M0UPU,G8KNN,G6GZH",383,14:57:36,53.5185,-1.00279,16984,10,5.32,15.4,88.5,3096.7
"$$DOGE1,384,14:57:53,53.51933,-0.99960,16871,10,5.31,15.4,90.0,3002.3*13BC","GM4JTJ,G4FEV,M0MKS,M0UPU,EDU0001,G8KNN,G6GZH",384,14:57:53,53.51933,-0.9996,16871,10,5.31,15.4,90.0,3002.3
"$$DOGE1,385,14:58:10,53.52013,-0.99631,16763,10,5.32,15.5,91.5,2912.5*F35C","M0UPU,GM4JTJ,G4FEV,M0MKS,F5APQ,G8KNN,G6GZH",385,14:58:10,53.52013,-0.99631,16763,10,5.32,15.5,91.5,2912.5
"$$DOGE1,386,14:58:27,53.52114,-0.99314,16607,10,5.33,15.5,93.7,2789.3*E3E7","M0UPU,GM4JTJ,2E0KPI",386,14:58:27,53.52114,-0.99314,16607,10,5.33,15.5,93.7,2789.3
"$$DOGE1,387,14:58:44,53.52236,-0.99015,16383,10,5.32,15.5,96.9,2602.8*19B2","M0UPU,GM4JTJ,2E0KPI",387,14:58:44,53.52236,-0.99015,16383,10,5.32,15.5,96.9,2602.8
"$$DOGE1,388,14:59:01,53.52316,-0.98761,16171,10,5.32,15.6,100.3,2418.9*D03C","M0UPU,G8KNN,GM4JTJ",388,14:59:01,53.52316,-0.98761,16171,10,5.32,15.6,100.3,2418.9
"$$DOGE1,389,14:59:18,53.52375,-0.98480,15971,10,5.31,15.6,103.5,2243.5*710E","M0UPU,GM4JTJ",389,14:59:18,53.52375,-0.9848,15971,10,5.31,15.6,103.5,2243.5
"$$DOGE1,390,14:59:35,53.52390,-0.98240,15763,10,5.29,15.6,106.9,2065.6*5A24","M0UPU,G8KNN,G6GZH,GM4JTJ,M0MKS",390,14:59:35,53.5239,-0.9824,15763,10,5.29,15.6,106.9,2065.6
"$$DOGE1,391,14:59:52,53.52401,-0.97925,15601,10,5.30,15.6,109.6,1925.2*F70E","M0UPU,M0MKS,G8KNN,GM4JTJ,2E0KPI",391,14:59:52,53.52401,-0.97925,15601,10,5.3,15.6,109.6,1925.2
"$$DOGE1,392,15:00:09,53.52444,-0.97590,15447,10,5.30,15.6,112.4,1787.6*16AD","M0UPU,M0MKS,G8KNN,2E0KPI",392,15:00:09,53.52444,-0.9759,15447,10,5.3,15.6,112.4,1787.6
"$$DOGE1,393,15:00:26,53.52562,-0.97235,15292,10,5.29,15.6,115.0,1654.9*14D3","M0UPU,G8KNN,GM4JTJ,2E0KPI",393,15:00:26,53.52562,-0.97235,15292,10,5.29,15.6,115.0,1654.9
"$$DOGE1,394,15:00:43,53.52730,-0.96902,15138,10,5.33,15.6,118.0,1513.7*18D8","M0UPU,G8FJG ,G8KNN,2E0KPI",394,15:00:43,53.5273,-0.96902,15138,10,5.33,15.6,118.0,1513.7
"$$DOGE1,395,15:01:00,53.52887,-0.96652,14996,10,5.30,15.6,120.5,1391.3*A42F","M0UPU,G8KNN,GM4JTJ,M0MKS",395,15:01:00,53.52887,-0.96652,14996,10,5.3,15.6,120.5,1391.3
"$$DOGE1,396,15:01:17,53.52994,-0.96418,14836,10,5.32,15.6,123.6,1247.7*3B8D","M0UPU,G8KNN,GM4JTJ,G6GZH",396,15:01:17,53.52994,-0.96418,14836,10,5.32,15.6,123.6,1247.7
"$$DOGE1,397,15:01:34,53.53069,-0.96104,14679,10,5.27,15.6,126.6,1109.5*7ABF","M0UPU,M0MKS,G6GZH,GM4JTJ,G8KNN",397,15:01:34,53.53069,-0.96104,14679,10,5.27,15.6,126.6,1109.5
"$$DOGE1,398,15:01:51,53.53175,-0.95792,14531,10,5.32,15.4,129.7,972.4*DDE1","M0UPU,M0MKS,G6GZH,G8KNN",398,15:01:51,53.53175,-0.95792,14531,10,5.32,15.4,129.7,972.4
"$$DOGE1,399,15:02:08,53.53265,-0.95469,14387,10,5.30,15.5,132.7,842.3*4619","M0UPU,2E0KPI",399,15:02:08,53.53265,-0.95469,14387,10,5.3,15.5,132.7,842.3
"$$DOGE1,400,15:02:25,53.53372,-0.95110,14186,10,5.29,15.5,137.0,657.9*8B45",GM4JTJ,400,15:02:25,53.53372,-0.9511,14186,10,5.29,15.5,137.0,657.9
"$$DOGE1,401,15:02:42,53.53517,-0.94755,13976,10,5.28,15.6,141.4,471.6*0BF7","M0UPU,G8KNN,GM4JTJ",401,15:02:42,53.53517,-0.94755,13976,10,5.28,15.6,141.4,471.6
"$$DOGE1,402,15:02:59,53.53647,-0.94402,13786,10,5.27,15.5,145.5,303.0*0B69","M0UPU,GM4JTJ,2E0KPI",402,15:02:59,53.53647,-0.94402,13786,10,5.27,15.5,145.5,303.0
"$$DOGE1,403,15:03:16,53.53815,-0.94010,13585,9,5.30,15.4,150.2,116.8*C8BD",M0UPU,403,15:03:16,53.53815,-0.9401,13585,9,5.3,15.4,150.2,116.8
"$$DOGE1,404,15:03:33,53.54002,-0.93704,13413,9,5.33,15.4,154.4,-48.2*958A","M0UPU,G8KNN,GM4JTJ,M0MKS",404,15:03:33,53.54002,-0.93704,13413,9,5.33,15.4,154.4,-48.2
"$$DOGE1,405,15:03:33,53.54002,-0.93704,13413,9,5.31,15.5,157.5,-165.1*8FD3","M0UPU,G8FJG ,G8KNN,M0MKS",405,15:03:33,53.54002,-0.93704,13413,9,5.31,15.5,157.5,-165.1
"$$DOGE1,407,15:04:23,53.54598,-0.92534,13063,9,5.29,15.4,163.2,-378.5*7540","G8KNN,GM4JTJ",407,15:04:23,53.54598,-0.92534,13063,9,5.29,15.4,163.2,-378.5
"$$DOGE1,408,15:04:40,53.54819,-0.92166,12916,9,5.29,15.3,167.0,-517.8*2AB4","G8FJG ,G8KNN,GM4JTJ,M0MKS",408,15:04:40,53.54819,-0.92166,12916,9,5.29,15.3,167.0,-517.8
"$$DOGE1,409,15:04:57,53.55036,-0.91776,12780,9,5.28,15.2,170.7,-649.9*AC33","M0UPU,G8FJG ,G8KNN,GM4JTJ,M0MKS",409,15:04:57,53.55036,-0.91776,12780,9,5.28,15.2,170.7,-649.9
"$$DOGE1,410,15:05:14,53.55275,-0.91361,12641,9,5.29,15.2,174.6,-786.8*8FE8","M0UPU,M0MKS",410,15:05:14,53.55275,-0.91361,12641,9,5.29,15.2,174.6,-786.8
"$$DOGE1,411,15:05:31,53.55513,-0.90958,12507,9,5.28,15.2,178.3,-916.7*6E8F","M0UPU,G8KNN,GM4JTJ,M0MKS",411,15:05:31,53.55513,-0.90958,12507,9,5.28,15.2,178.3,-916.7
"$$DOGE1,412,15:05:48,53.55747,-0.90552,12388,9,5.29,15.2,181.8,-1035.2*94E0","G8FJG ,G8KNN,GM4JTJ,M0MKS",412,15:05:48,53.55747,-0.90552,12388,9,5.29,15.2,181.8,-1035.2
"$$DOGE1,413,15:06:05,53.55980,-0.90152,12272,9,5.24,15.1,185.2,-1146.9*3791","M0UPU,G8KNN,GM4JTJ,M0MKS",413,15:06:05,53.5598,-0.90152,12272,9,5.24,15.1,185.2,-1146.9
"$$DOGE1,414,15:06:22,53.56216,-0.89743,12152,9,5.30,15.1,188.8,-1266.7*A694","M0UPU,GM4JTJ",414,15:06:22,53.56216,-0.89743,12152,9,5.3,15.1,188.8,-1266.7
"$$DOGE1,415,15:06:39,53.56490,-0.89314,12008,9,5.28,15.0,193.1,-1406.6*CAFA","M0UPU,GM4JTJ",415,15:06:39,53.5649,-0.89314,12008,9,5.28,15.0,193.1,-1406.6
"$$DOGE1,416,15:06:56,53.56749,-0.88910,11876,9,5.30,15.0,197.0,-1530.9*A045","GM4JTJ,M0MKS",416,15:06:56,53.56749,-0.8891,11876,9,5.3,15.0,197.0,-1530.9
"$$DOGE1,417,15:07:13,53.57038,-0.88537,11730,9,5.28,14.9,201.6,-1674.6*BF0D","M0UPU,G8KNN,GM4JTJ",417,15:07:13,53.57038,-0.88537,11730,9,5.28,14.9,201.6,-1674.6
"$$DOGE1,418,15:07:30,53.57297,-0.88160,11575,9,5.30,15.0,206.6,-1827.2*4733","M0UPU,GM4JTJ,2E0KPI",418,15:07:30,53.57297,-0.8816,11575,9,5.3,15.0,206.6,-1827.2
"$$DOGE1,419,15:07:47,53.57505,-0.87658,11422,9,5.30,14.9,211.8,-1984.7*09EB","M0UPU,GM4JTJ,2E0KPI",419,15:07:47,53.57505,-0.87658,11422,9,5.3,14.9,211.8,-1984.7
"$$DOGE1,420,15:08:04,53.57751,-0.87015,11282,9,5.30,14.8,216.5,-2123.8*0194","M0UPU,G8KNN,GM4JTJ",420,15:08:04,53.57751,-0.87015,11282,9,5.3,14.8,216.5,-2123.8
"$$DOGE1,421,15:08:21,53.58053,-0.86283,11120,9,5.29,14.7,222.5,-2296.9*531F","M0UPU,G8FJG ,G8KNN,GM4JTJ",421,15:08:21,53.58053,-0.86283,11120,9,5.29,14.7,222.5,-2296.9
"$$DOGE1,422,15:08:38,53.58384,-0.85560,11005,9,5.29,14.7,226.5,-2411.6*2B8A","M0UPU,G8FJG ,G8KNN,GM4JTJ,M0MKS",422,15:08:38,53.58384,-0.8556,11005,9,5.29,14.7,226.5,-2411.6
"$$DOGE1,423,15:08:55,53.58791,-0.84855,10908,9,5.28,14.6,229.9,-2506.4*8996","GM4JTJ,M0MKS,M0UPU,G8KNN,G6GZH,G8IMN",423,15:08:55,53.58791,-0.84855,10908,9,5.28,14.6,229.9,-2506.4
"$$DOGE1,424,15:09:12,53.59243,-0.84172,10815,9,5.32,14.6,233.4,-2603.6*1123","M0UPU,G8FJG ,2E0KPI,G8KNN,M0MKS",424,15:09:12,53.59243,-0.84172,10815,9,5.32,14.6,233.4,-2603.6
"$$DOGE1,425,15:09:29,53.59687,-0.83501,10716,9,5.30,14.4,237.1,-2704.5*0793","GM4JTJ,M0MKS,M0UPU,G8FJG ,G8KNN,2E0KPI,G6GZH,G8IMN",425,15:09:29,53.59687,-0.83501,10716,9,5.3,14.4,237.1,-2704.5
"$$DOGE1,426,15:09:46,53.60127,-0.82835,10621,9,5.30,14.2,240.6,-2800.1*B5E0","M0UPU,G8FJG ,G8KNN,GM4JTJ,M0MKS",426,15:09:46,53.60127,-0.82835,10621,9,5.3,14.2,240.6,-2800.1
"$$DOGE1,427,15:10:03,53.60551,-0.82165,10521,9,5.29,14.2,244.2,-2896.4*3270","GM4JTJ,M0MKS,M0UPU,G8KNN,G6GZH,G8IMN",427,15:10:03,53.60551,-0.82165,10521,9,5.29,14.2,244.2,-2896.4
"$$DOGE1,428,15:10:20,53.60973,-0.81509,10421,9,5.32,14.0,248.1,-2999.4*AF83","M0UPU,G8FJG ,G8KNN,GM4JTJ,M0MKS",428,15:10:20,53.60973,-0.81509,10421,9,5.32,14.0,248.1,-2999.4
"$$DOGE1,429,15:10:37,53.61413,-0.80878,10333,9,5.31,13.9,251.8,-3097.5*E863","GM4JTJ,EDU0001,M0MKS,M0UPU,G8FJG ,G8KNN,G6GZH,G8IMN",429,15:10:37,53.61413,-0.80878,10333,9,5.31,13.9,251.8,-3097.5
"$$DOGE1,430,15:10:54,53.61872,-0.80256,10241,9,5.32,14.0,255.6,-3195.3*25CE","M0UPU,M0MKS,G6GZH,G8KNN",430,15:10:54,53.61872,-0.80256,10241,9,5.32,14.0,255.6,-3195.3
"$$DOGE1,431,15:11:11,53.62332,-0.79639,10142,9,5.31,13.6,259.6,3258.5*69A3","GM4JTJ,G8FJG ,M0UPU,EDU0001,G8KNN,G6GZH",431,15:11:11,53.62332,-0.79639,10142,9,5.31,13.6,259.6,3258.5
"$$DOGE1,432,15:11:28,53.62782,-0.79027,10035,9,5.29,13.5,263.6,3156.2*CE55","M0UPU,G8KNN,G6GZH,GM4JTJ,M0MKS",432,15:11:28,53.62782,-0.79027,10035,9,5.29,13.5,263.6,3156.2
"$$DOGE1,433,15:11:45,53.63238,-0.78411,9929,9,5.28,13.6,268.0,3047.0*7837","GM4JTJ,M0MKS,G8FJG ,G8KNN,2E0KPI,G6GZH",433,15:11:45,53.63238,-0.78411,9929,9,5.28,13.6,268.0,3047.0
"$$DOGE1,434,15:11:45,53.63238,-0.78411,9929,9,5.29,13.1,272.0,2948.9*1EA3","GM4JTJ,M0MKS,M0UPU,EDU0001,G8KNN,2E0KPI",434,15:11:45,53.63238,-0.78411,9929,9,5.29,13.1,272.0,2948.9
"$$DOGE1,436,15:12:35,53.64555,-0.76632,9631,9,5.28,12.7,280.5,2745.2*37C2","GM4JTJ,G8FJG ,M0MKS,M0UPU,EDU0001,G8KNN",436,15:12:35,53.64555,-0.76632,9631,9,5.28,12.7,280.5,2745.2
"$$DOGE1,437,15:12:52,53.64975,-0.76010,9537,9,5.31,12.5,284.6,2648.0*E5F0","M0UPU,G8FJG ,GM4JTJ,M0MKS",437,15:12:52,53.64975,-0.7601,9537,9,5.31,12.5,284.6,2648.0
"$$DOGE1,438,15:12:52,53.64975,-0.76010,9537,9,5.29,12.5,289.7,2530.2*977C","GM4JTJ,EDU0001,M0MKS,M0UPU,G8FJG ,G8KNN,2E0KPI",438,15:12:52,53.64975,-0.7601,9537,9,5.29,12.5,289.7,2530.2
"$$DOGE1,440,15:13:42,53.66124,-0.74204,9213,9,5.29,11.8,298.8,2322.1*70E1","GM4JTJ,EDU0001,2E0KPI,G8FJG ,G8KNN,M0MKS,G6GZH",440,15:13:42,53.66124,-0.74204,9213,9,5.29,11.8,298.8,2322.1
"$$DOGE1,441,15:13:59,53.66502,-0.73600,9058,9,5.32,11.3,305.5,2172.0*4A01","EDU0001,G8KNN,GM4JTJ,M0MKS",441,15:13:59,53.66502,-0.736,9058,9,5.32,11.3,305.5,2172.0
"$$DOGE1,442,15:14:16,53.66863,-0.73003,8900,9,5.32,11.2,312.5,2017.9*D18E","G8FJG ,M0MKS,EDU0001,GM4JTJ,G8KNN",442,15:14:16,53.66863,-0.73003,8900,9,5.32,11.2,312.5,2017.9
"$$DOGE1,443,15:14:16,53.66863,-0.73003,8900,9,5.31,10.7,319.8,1859.8*BAC4","G8KNN,G8FJG ,EDU0001,GM4JTJ,M0MKS",443,15:14:16,53.66863,-0.73003,8900,9,5.31,10.7,319.8,1859.8
"$$DOGE1,445,15:15:06,53.67832,-0.71320,8442,9,5.27,10.3,334.6,1548.9*84FF","GM4JTJ,EDU0001,2E0KPI,M0UPU,G8FJG ,G8KNN,M0MKS,G6GZH",445,15:15:06,53.67832,-0.7132,8442,9,5.27,10.3,334.6,1548.9
"$$DOGE1,446,15:15:23,53.68143,-0.70802,8278,9,5.31,9.9,342.5,1388.3*5333","M0UPU,EDU0001,G8KNN,M0MKS",446,15:15:23,53.68143,-0.70802,8278,9,5.31,9.9,342.5,1388.3
"$$DOGE1,447,15:15:39,53.68429,-0.70349,8131,9,5.29,9.6,350.4,1229.8*DA32","GM4JTJ,EDU0001,M0MKS,M0UPU,G8FJG ,G0WXI",447,15:15:39,53.68429,-0.70349,8131,9,5.29,9.6,350.4,1229.8
"$$DOGE1,448,15:15:55,53.68716,-0.69883,7978,9,5.30,9.1,358.2,1077.7*2475","M0UPU,G0WXI,G8KNN,M0MKS",448,15:15:55,53.68716,-0.69883,7978,9,5.3,9.1,358.2,1077.7
"$$DOGE1,449,15:16:11,53.68994,-0.69422,7833,9,5.29,8.7,365.9,928.2*2907","G0WXI,G8KNN,GM4JTJ,M0MKS",449,15:16:11,53.68994,-0.69422,7833,9,5.29,8.7,365.9,928.2
"$$DOGE1,450,15:16:27,53.69249,-0.68962,7691,9,5.31,8.4,373.5,783.3*2FAD","GM4JTJ,G8FJG ,M0UPU,EDU0001,G8KNN,G0WXI",450,15:16:27,53.69249,-0.68962,7691,9,5.31,8.4,373.5,783.3
"$$DOGE1,451,15:16:43,53.69483,-0.68507,7538,9,5.31,7.9,381.5,634.1*36A5","M0UPU,G0WXI,G8KNN,GM4JTJ,M0MKS",451,15:16:43,53.69483,-0.68507,7538,9,5.31,7.9,381.5,634.1
"$$DOGE1,452,15:16:59,53.69704,-0.68048,7403,9,5.29,7.9,389.4,489.7*B9A0","G0WXI,GM4JTJ,M0MKS",452,15:16:59,53.69704,-0.68048,7403,9,5.29,7.9,389.4,489.7
"$$DOGE1,453,15:17:15,53.69908,-0.67598,7261,9,5.30,7.5,397.1,350.4*8CC8","M0UPU,G8KNN,GM4JTJ",453,15:17:15,53.69908,-0.67598,7261,9,5.3,7.5,397.1,350.4
"$$DOGE1,454,15:17:31,53.70089,-0.67131,7120,9,5.32,7.3,404.8,213.5*458F","M0UPU,M0MKS,GM4JTJ,2E0KPI",454,15:17:31,53.70089,-0.67131,7120,9,5.32,7.3,404.8,213.5
"$$DOGE1,455,15:17:47,53.70282,-0.66672,6982,9,5.32,7.2,412.7,73.8*93F9",GM4JTJ,455,15:17:47,53.70282,-0.66672,6982,9,5.32,7.2,412.7,73.8
"$$DOGE1,456,15:18:03,53.70466,-0.66240,6851,9,5.31,7.3,420.5,-60.4*BC43","M0UPU,2E0KPI,M0MKS",456,15:18:03,53.70466,-0.6624,6851,9,5.31,7.3,420.5,-60.4
"$$DOGE1,457,15:18:19,53.70641,-0.65792,6706,9,5.31,7.0,429.0,-204.3*94B4","GM4JTJ,2E0KPI,M0UPU,EDU0001,G8KNN,G0WXI",457,15:18:19,53.70641,-0.65792,6706,9,5.31,7.0,429.0,-204.3
"$$DOGE1,458,15:18:35,53.70806,-0.65352,6564,9,5.28,6.8,437.5,-345.7*5A89","M0UPU,EDU0001,GM4JTJ,M0MKS",458,15:18:35,53.70806,-0.65352,6564,9,5.28,6.8,437.5,-345.7
"$$DOGE1,459,15:18:51,53.70966,-0.64918,6431,9,5.29,6.6,445.4,-476.5*C78F","2E0KPI,G0WXI,G8KNN,M0MKS",459,15:18:51,53.70966,-0.64918,6431,9,5.29,6.6,445.4,-476.5
"$$DOGE1,460,15:19:07,53.71116,-0.64506,6306,9,5.30,6.5,453.4,-606.7*2129","M0UPU,2E0KPI,G8KNN,GM4JTJ,M0MKS",460,15:19:07,53.71116,-0.64506,6306,9,5.3,6.5,453.4,-606.7
"$$DOGE1,461,15:19:23,53.71276,-0.64105,6179,9,5.30,6.4,461.5,-735.0*A7FE","G0WXI,G8KNN,M0MKS",461,15:19:23,53.71276,-0.64105,6179,9,5.3,6.4,461.5,-735.0
"$$DOGE1,462,15:19:39,53.71452,-0.63724,6043,9,5.29,6.2,470.0,-869.3*2E90","GM4JTJ,2E0KPI,M0UPU,EDU0001,G8KNN,M0MKS,G0WXI",462,15:19:39,53.71452,-0.63724,6043,9,5.29,6.2,470.0,-869.3
"$$DOGE1,463,15:19:55,53.71649,-0.63375,5904,9,5.27,5.9,478.6,-1004.0*8EE2","M0UPU,G6GZH",463,15:19:55,53.71649,-0.63375,5904,9,5.27,5.9,478.6,-1004.0
"$$DOGE1,464,15:20:12,53.71842,-0.63004,5773,9,5.30,5.6,487.1,-1133.2*4D14","M0UPU,EDU0001,M0MKS,G0WXI,2E0KPI",464,15:20:12,53.71842,-0.63004,5773,9,5.3,5.6,487.1,-1133.2
"$$DOGE1,465,15:20:12,53.71842,-0.63004,5773,9,5.31,5.4,496.0,-1267.3*E7ED","M0UPU,M0MKS,G0WXI,G8KNN,2E0KPI",465,15:20:12,53.71842,-0.63004,5773,9,5.31,5.4,496.0,-1267.3
"$$DOGE1,467,15:21:02,53.72288,-0.61927,5383,9,5.27,5.0,513.3,-1523.2*61CB","M0UPU,M0MKS,G8KNN,G6GZH,2E0KPI",467,15:21:02,53.72288,-0.61927,5383,9,5.27,5.0,513.3,-1523.2
"$$DOGE1,468,15:21:19,53.72447,-0.61608,5247,9,5.28,4.8,522.4,-1654.9*E89C","G0WXI,G8KNN,2E0KPI",468,15:21:19,53.72447,-0.61608,5247,9,5.28,4.8,522.4,-1654.9
"$$DOGE1,469,15:21:19,53.72447,-0.61608,5247,9,5.29,4.7,531.6,-1785.8*F729","G0WXI,G8KNN,2E0KPI",469,15:21:19,53.72447,-0.61608,5247,9,5.29,4.7,531.6,-1785.8
"$$DOGE1,471,15:22:09,53.72776,-0.60801,4880,9,5.26,4.7,549.7,-2039.4*A4A9","M0UPU,G0WXI,2E0KPI",471,15:22:09,53.72776,-0.60801,4880,9,5.26,4.7,549.7,-2039.4
"$$DOGE1,472,15:22:09,53.72776,-0.60801,4880,9,5.31,4.8,559.9,-2178.7*4AFD","M0UPU,2E0KPI",472,15:22:09,53.72776,-0.60801,4880,9,5.31,4.8,559.9,-2178.7
"$$DOGE1,474,15:22:59,53.73012,-0.60224,4486,9,5.24,4.8,579.3,-2437.7*91F9","M0UPU,G8KNN,2E0KPI",474,15:22:59,53.73012,-0.60224,4486,9,5.24,4.8,579.3,-2437.7
"$$DOGE1,475,15:22:59,53.73012,-0.60224,4486,9,5.29,4.9,589.4,-2570.9*08DB",M0UPU,475,15:22:59,53.73012,-0.60224,4486,9,5.29,4.9,589.4,-2570.9
"$$DOGE1,477,15:23:49,53.73187,-0.59759,4106,9,5.24,4.7,608.5,-2816.7*BD67","M0UPU,2E0KPI,G6GZH,G8KNN",477,15:23:49,53.73187,-0.59759,4106,9,5.24,4.7,608.5,-2816.7
"$$DOGE1,478,15:23:49,53.73187,-0.59759,4106,9,5.27,4.7,616.7,-2919.5*D1D8","2E0KPI,G6GZH,G8KNN",478,15:23:49,53.73187,-0.59759,4106,9,5.27,4.7,616.7,-2919.5
"$$DOGE1,480,15:24:39,53.73318,-0.59407,3792,8,5.27,4.4,634.0,-3134.2*D824","M0UPU,G6GZH,2E0KPI",480,15:24:39,53.73318,-0.59407,3792,8,5.27,4.4,634.0,-3134.2
"$$DOGE1,481,15:24:39,53.73318,-0.59407,3792,8,5.30,4.3,643.1,-3246.1*1360","M0UPU,2E0KPI",481,15:24:39,53.73318,-0.59407,3792,8,5.3,4.3,643.1,-3246.1
"$$DOGE1,483,15:24:56,53.73338,-0.59308,3674,9,5.28,4.1,662.8,3071.8*F3A6",2E0KPI,483,15:24:56,53.73338,-0.59308,3674,9,5.28,4.1,662.8,3071.8
"$$DOGE1,484,15:25:45,53.73411,-0.59185,3334,9,5.29,4.1,672.7,2955.6*E5F9","M0UPU,G6GZH",484,15:25:45,53.73411,-0.59185,3334,9,5.29,4.1,672.7,2955.6
"$$DOGE1,485,15:26:01,53.73426,-0.59164,3229,9,5.28,4.1,681.9,2848.1*4B4E","G6GZH,2E0KPI",485,15:26:01,53.73426,-0.59164,3229,9,5.28,4.1,681.9,2848.1
"$$DOGE1,487,15:26:33,53.73459,-0.59140,3000,9,5.27,4.1,702.3,2615.1*B8EA","G6GZH,2E0KPI",487,15:26:33,53.73459,-0.5914,3000,9,5.27,4.1,702.3,2615.1
"$$DOGE1,488,15:26:49,53.73482,-0.59156,2884,9,5.27,4.1,712.8,2496.4*E312",M0UPU,488,15:26:49,53.73482,-0.59156,2884,9,5.27,4.1,712.8,2496.4
"$$DOGE1,489,15:27:05,53.73501,-0.59184,2767,9,5.27,4.2,723.3,2380.0*781B",2E0KPI,489,15:27:05,53.73501,-0.59184,2767,9,5.27,4.2,723.3,2380.0
"$$DOGE1,490,15:27:21,53.73507,-0.59210,2652,9,5.27,4.2,733.9,2264.4*F67E","M0UPU,2E0KPI",490,15:27:21,53.73507,-0.5921,2652,9,5.27,4.2,733.9,2264.4
"$$DOGE1,491,15:27:37,53.73512,-0.59249,2538,9,5.27,4.2,744.3,2151.2*3573",M0UPU,491,15:27:37,53.73512,-0.59249,2538,9,5.27,4.2,744.3,2151.2
"$$DOGE1,492,15:27:53,53.73511,-0.59300,2433,9,5.27,4.3,754.6,2040.5*6CE4",2E0KPI,492,15:27:53,53.73511,-0.593,2433,9,5.27,4.3,754.6,2040.5
"$$DOGE1,493,15:28:09,53.73497,-0.59331,2320,9,5.27,4.3,765.1,1929.0*019E","M0UPU,2E0KPI",493,15:28:09,53.73497,-0.59331,2320,9,5.27,4.3,765.1,1929.0
"$$DOGE1,494,15:28:25,53.73494,-0.59371,2210,9,5.27,4.5,775.9,1816.4*2A97","M0UPU,2E0KPI",494,15:28:25,53.73494,-0.59371,2210,9,5.27,4.5,775.9,1816.4
"$$DOGE1,495,15:28:41,53.73500,-0.59424,2101,9,5.26,4.7,786.8,1703.0*6840",2E0KPI,495,15:28:41,53.735,-0.59424,2101,9,5.26,4.7,786.8,1703.0
"$$DOGE1,496,15:28:57,53.73491,-0.59459,1990,9,5.26,4.8,798.0,1588.5*A8CA",M0UPU,496,15:28:57,53.73491,-0.59459,1990,9,5.26,4.8,798.0,1588.5
"$$DOGE1,497,15:29:13,53.73482,-0.59490,1876,9,5.27,4.9,809.2,1475.2*EC17",2E0KPI,497,15:29:13,53.73482,-0.5949,1876,9,5.27,4.9,809.2,1475.2
"$$DOGE1,498,15:29:29,53.73472,-0.59530,1765,9,5.27,5.0,820.6,1360.2*AA33","M0UPU,2E0KPI",498,15:29:29,53.73472,-0.5953,1765,9,5.27,5.0,820.6,1360.2
"$$DOGE1,499,15:29:45,53.73463,-0.59569,1654,9,5.24,5.0,831.9,1248.2*1DB7",2E0KPI,499,15:29:45,53.73463,-0.59569,1654,9,5.24,5.0,831.9,1248.2
"$$DOGE1,501,15:30:17,53.73446,-0.59653,1417,9,5.27,5.1,856.5,1009.4*925E",2E0KPI,501,15:30:17,53.73446,-0.59653,1417,9,5.27,5.1,856.5,1009.4
"$$DOGE1,502,15:30:33,53.73439,-0.59733,1301,9,5.28,5.2,868.9,890.1*2BA2","M0UPU,2E0KPI",502,15:30:33,53.73439,-0.59733,1301,9,5.28,5.2,868.9,890.1
"$$DOGE1,504,15:31:05,53.73378,-0.59970,1069,9,5.28,5.4,894.4,651.0*3921","M0UPU,2E0KPI",504,15:31:05,53.73378,-0.5997,1069,9,5.28,5.4,894.4,651.0
"$$DOGE1,506,15:31:37,53.73323,-0.60278,829,9,5.25,5.6,920.1,414.5*6D22","M0UPU,2E0KPI",506,15:31:37,53.73323,-0.60278,829,9,5.25,5.6,920.1,414.5
"$$DOGE1,507,15:31:53,53.73296,-0.60419,711,9,5.25,5.7,933.2,296.7*F4EA",2E0KPI,507,15:31:53,53.73296,-0.60419,711,9,5.25,5.7,933.2,296.7
"$$DOGE1,508,15:32:09,53.73265,-0.60522,593,9,5.24,5.8,946.8,175.0*EC4B",M0UPU,508,15:32:09,53.73265,-0.60522,593,9,5.24,5.8,946.8,175.0
"$$DOGE1,509,15:32:25,53.73233,-0.60620,481,9,5.26,6.0,960.2,56.4*93C7","M0UPU,2E0KPI",509,15:32:25,53.73233,-0.6062,481,9,5.26,6.0,960.2,56.4
"$$DOGE1,510,15:32:41,53.73190,-0.60713,360,9,5.23,6.2,973.6,-60.2*9560","M0UPU,2E0KPI",510,15:32:41,53.7319,-0.60713,360,9,5.23,6.2,973.6,-60.2
"$$DOGE1,512,15:33:13,53.73126,-0.60836,133,9,5.27,5.7,933.2,296.7*2008",M0UPU-,512,15:33:13,53.73126,-0.60836,133,9,5.27,5.7,933.2,296.7
