_sentence,_receivers,sentence_id,time,latitude,longitude,satellites,altitude,flightmode,gps_mode,temperature,battery
"$$EDUPIC7,6,07:44:24,5232.32445,-00152.68475,06,148.2,0,0,23,1.44*A86C",EDU001,6,07:44:24,52.53874083,-1.87807917,6,148.2,0,0,23.0,1.44
"$$EDUPIC7,7,07:44:54,5232.30978,-00152.68591,06,129.5,0,0,23.5,1.43*47AA",EDU001,7,07:44:54,52.53849633,-1.8780985,6,129.5,0,0,23.5,1.43
"$$EDUPIC7,8,07:47:24,5232.32802,-00152.68888,06,152.5,0,0,22.75,1.4*A4A2",EDU001,8,07:47:24,52.53880033,-1.878148,6,152.5,0,0,22.75,1.4
"$$EDUPIC7,9,07:47:54,5232.31998,-00152.68555,06,133.3,0,0,23.25,1.4*67F7",EDU001,9,07:47:54,52.53866633,-1.8780925,6,133.3,0,0,23.25,1.4
"$$EDUPIC7,10,07:50:09,5232.32329,-00152.68542,05,135.5,0,0,22,1.39*E5F6",EDU001,10,07:50:09,52.5387215,-1.87809033,5,135.5,0,0,22.0,1.39
"$$EDUPIC7,11,07:50:24,5232.32636,-00152.68683,06,144.8,0,0,23,1.36*8463",EDU001,11,07:50:24,52.53877267,-1.87811383,6,144.8,0,0,23.0,1.36
"$$EDUPIC7,12,07:52:44,5232.32149,-00152.69174,05,124.2,0,0,22.75,1.4*22A7",EDU001,12,07:52:44,52.5386915,-1.87819567,5,124.2,0,0,22.75,1.4
"$$EDUPIC7,13,07:53:05,5232.31965,-00152.68793,05,121.6,0,0,23.5,1.36*531B",EDU001,13,07:53:05,52.53866083,-1.87813217,5,121.6,0,0,23.5,1.36
"$$EDUPIC7,2,08:06:44,5232.31068,-00152.68880,05,121.6,0,0,23.5,1.38*5E7B",EDU001,2,08:06:44,52.53851133,-1.87814667,5,121.6,0,0,23.5,1.38
"$$EDUPIC7,3,08:08:58,5232.33693,-00152.69004,06,177.3,0,0,23.25,1.33*9950",EDU001,3,08:08:58,52.53894883,-1.87816733,6,177.3,0,0,23.25,1.33
"$$EDUPIC7,2,08:14:34,5232.31189,-00152.68420,05,103.8,0,0,23.75,1.36*6582",EDU001,2,08:14:34,52.5385315,-1.87807,5,103.8,0,0,23.75,1.36
"$$EDUPIC7,1,08:17:37,5232.31794,-00152.68054,05,130.0,0,0,24.75,1.26*22CF",EDU001,1,08:17:37,52.53863233,-1.878009,5,130.0,0,0,24.75,1.26
"$$EDUPIC7,2,08:19:51,5232.32511,-00152.69003,06,148.7,0,0,23.5,1.3*41CB",EDU001,2,08:19:51,52.53875183,-1.87816717,6,148.7,0,0,23.5,1.3
"$$EDUPIC7,3,08:22:14,5232.32785,-00152.70610,05,163.1,0,0,23.75,1.35*52FC",EDU001,3,08:22:14,52.5387975,-1.878435,5,163.1,0,0,23.75,1.35
"$$EDUPIC7,5,08:26:50,5232.32846,-00152.68479,07,154.0,0,0,23.25,1.31*E956",EDU001,5,08:26:50,52.53880767,-1.87807983,7,154.0,0,0,23.25,1.31
"$$EDUPIC7,1,08:28:24,5232.32279,-00152.68313,07,141.6,0,0,25.5,1.25*4C54",EDU001,1,08:28:24,52.53871317,-1.87805217,7,141.6,0,0,25.5,1.25
"$$EDUPIC7,2,08:30:54,5232.32121,-00152.67905,04,145.7,0,1,24.75,1.29*1869",EDU001,2,08:30:54,52.53868683,-1.87798417,4,145.7,0,1,24.75,1.29
"$$EDUPIC7,3,08:33:17,5232.32445,-00152.68616,07,149.8,0,0,24.75,1.27*C9DD",EDU001,3,08:33:17,52.53874083,-1.87810267,7,149.8,0,0,24.75,1.27
"$$EDUPIC7,5,09:19:14,5232.69916,-00152.67843,06,215.5,0,0,18.75,1.47*7AAA",EDU001,5,09:19:14,52.544986,-1.87797383,6,215.5,0,0,18.75,1.47
"$$EDUPIC7,8,09:26:44,5235.76580,-00151.23216,06,594.5,0,0,19.5,1.47*A5E5",EDU001,8,09:26:44,52.59609667,-1.85386933,6,594.5,0,0,19.5,1.47
"$$EDUPIC7,9,09:29:14,5237.04991,-00150.13771,06,695.1,0,0,20,1.48*1D43",EDU001,9,09:29:14,52.6174985,-1.8356285,6,695.1,0,0,20.0,1.48
"$$EDUPIC7,10,09:31:44,5238.33675,-00148.84409,06,761.3,0,0,20.5,1.47*685A",EDU001,10,09:31:44,52.63894583,-1.81406817,6,761.3,0,0,20.5,1.47
"$$EDUPIC7,11,09:34:14,5239.65927,-00147.33533,06,783.0,0,0,21,1.47*53A5",EDU001,11,09:34:14,52.66098783,-1.78892217,6,783.0,0,0,21.0,1.47
"$$EDUPIC7,12,09:36:44,5241.02182,-00145.65760,06,923.3,0,0,22.25,1.47*3C20",EDU001,12,09:36:44,52.683697,-1.76096,6,923.3,0,0,22.25,1.47
"$$EDUPIC7,13,09:39:14,5242.46359,-00143.84630,07,1146.5,0,0,22,1.47*C7AD",EDU001,13,09:39:14,52.7077265,-1.73077167,7,1146.5,0,0,22.0,1.47
"$$EDUPIC7,14,09:41:44,5243.94674,-00141.80222,06,1152.8,0,0,22,1.46*7910",EDU001,14,09:41:44,52.73244567,-1.69670367,6,1152.8,0,0,22.0,1.46
"$$EDUPIC7,15,09:44:14,5245.45841,-00139.57558,07,1286.4,0,0,22,1.48*CC17",EDU001,15,09:44:14,52.75764017,-1.659593,7,1286.4,0,0,22.0,1.48
"$$EDUPIC7,16,09:46:44,5246.96483,-00137.17958,07,1448.9,0,0,21.5,1.47*6435","M0UPU,EDU001",16,09:46:44,52.78274717,-1.61965967,7,1448.9,0,0,21.5,1.47
"$$EDUPIC7,17,09:49:14,5248.35974,-00134.71911,07,1534.3,0,0,21.5,1.48*664D","M0UPU,EDU001",17,09:49:14,52.80599567,-1.57865183,7,1534.3,0,0,21.5,1.48
"$$EDUPIC7,18,09:51:44,5249.60871,-00132.23931,06,1647.6,0,0,21.25,1.48*B582","M0UPU,EDU001",18,09:51:44,52.82681183,-1.53732183,6,1647.6,0,0,21.25,1.48
"$$EDUPIC7,19,09:54:14,5250.75417,-00129.81872,08,1813.7,0,0,20.25,1.48*FA2D","M0UPU,EDU001",19,09:54:14,52.84590283,-1.49697867,8,1813.7,0,0,20.25,1.48
"$$EDUPIC7,20,09:56:44,5251.82519,-00127.55972,08,1934.0,0,0,20,1.49*F375","M0UPU,EDU001",20,09:56:44,52.86375317,-1.45932867,8,1934.0,0,0,20.0,1.49
"$$EDUPIC7,21,09:59:14,5252.97555,-00125.39494,08,2146.3,0,0,18.25,1.47*AA54","M0UPU,EDU001",21,09:59:14,52.88292583,-1.423249,8,2146.3,0,0,18.25,1.47
"$$EDUPIC7,23,10:04:14,5255.10244,-00120.88021,07,2377.9,0,0,16,1.45*ED13","M0UPU,EDU001",23,10:04:14,52.918374,-1.3480035,7,2377.9,0,0,16.0,1.45
"$$EDUPIC7,24,10:06:44,5256.15020,-00118.33244,07,2496.5,0,0,16.5,1.46*26C7","M0UPU,EDU001",24,10:06:44,52.93583667,-1.30554067,7,2496.5,0,0,16.5,1.46
"$$EDUPIC7,25,10:09:14,5257.16606,-00115.69039,07,2681.7,0,0,14.25,1.45*D2CD","M0UPU,EDU001",25,10:09:14,52.95276767,-1.2615065,7,2681.7,0,0,14.25,1.45
"$$EDUPIC7,26,10:11:44,5258.13841,-00113.09020,07,2808.3,0,0,15,1.44*A255","M0UPU,EDU001,G6GZH",26,10:11:44,52.9689735,-1.21817,7,2808.3,0,0,15.0,1.44
"$$EDUPIC7,27,10:14:14,5259.05241,-00110.55632,07,2896.7,0,0,14.5,1.44*326F","M0UPU,EDU001,G6GZH",27,10:14:14,52.98420683,-1.17593867,7,2896.7,0,0,14.5,1.44
"$$EDUPIC7,28,10:16:44,5300.04072,-00108.12468,06,3021.4,0,0,13.75,1.44*B0D1","M0UPU,EDU001,G6GZH",28,10:16:44,53.00067867,-1.13541133,6,3021.4,0,0,13.75,1.44
"$$EDUPIC7,29,10:19:14,5300.96274,-00105.95849,07,3072.5,0,0,12.75,1.43*4921","M0UPU,EDU001,G6GZH",29,10:19:14,53.01604567,-1.09930817,7,3072.5,0,0,12.75,1.43
"$$EDUPIC7,30,10:21:44,5301.83596,-00103.83160,06,3106.0,0,0,10.75,1.44*C857","M0UPU,EDU001,G6GZH",30,10:21:44,53.03059933,-1.06386,6,3106.0,0,0,10.75,1.44
"$$EDUPIC7,31,10:24:14,5302.69878,-00101.83522,07,3251.7,0,0,10.25,1.44*39A9","M0UPU,EDU001,G6GZH",31,10:24:14,53.04497967,-1.030587,7,3251.7,0,0,10.25,1.44
"$$EDUPIC7,32,10:26:44,5303.45101,-00059.94042,07,3469.2,0,0,9.75,1.45*8622","M0UPU,EDU001,G6GZH",32,10:26:44,53.05751683,-0.999007,7,3469.2,0,0,9.75,1.45
"$$EDUPIC7,33,10:29:14,5304.18729,-00058.30578,07,3613.1,0,0,8.75,1.44*92FB","M0UPU,EDU001,G6GZH",33,10:29:14,53.06978817,-0.971763,7,3613.1,0,0,8.75,1.44
"$$EDUPIC7,34,10:31:44,5305.06586,-00056.84236,06,3657.2,0,0,8.75,1.44*A5CA","M0UPU,EDU001,G6GZH",34,10:31:44,53.084431,-0.94737267,6,3657.2,0,0,8.75,1.44
"$$EDUPIC7,35,10:34:14,5305.87099,-00055.48437,06,3776.2,0,0,9.75,1.43*3791","M0UPU,EDU001,G6GZH",35,10:34:14,53.09784983,-0.9247395,6,3776.2,0,0,9.75,1.43
"$$EDUPIC7,36,10:36:44,5306.70679,-00054.20864,06,4023.3,0,0,8.5,1.44*7047","M0UPU,EDU001,G6GZH",36,10:36:44,53.11177983,-0.90347733,6,4023.3,0,0,8.5,1.44
"$$EDUPIC7,37,10:39:14,5307.56554,-00052.78800,08,4166.4,0,0,7,1.43*1FCC","F5APQ,M0UPU,EDU001,G6GZH,ex-G8HUI",37,10:39:14,53.12609233,-0.8798,8,4166.4,0,0,7.0,1.43
"$$EDUPIC7,38,10:41:44,5308.32217,-00051.13492,06,4270.1,0,0,7.25,1.43*6C94","M0UPU,F5APQ,EDU001,G6GZH,ex-G8HUI",38,10:41:44,53.13870283,-0.85224867,6,4270.1,0,0,7.25,1.43
"$$EDUPIC7,39,10:44:14,5309.06949,-00049.41331,06,4416.3,0,0,5.75,1.43*C5F6","F5APQ,M0UPU,EDU001,G6GZH,ex-G8HUI",39,10:44:14,53.15115817,-0.82355517,6,4416.3,0,0,5.75,1.43
"$$EDUPIC7,40,10:46:44,5309.82580,-00047.67073,07,4593.8,0,0,5,1.41*3D97","ex-G8HUI,F5APQ,EDU001,2E1FOV,M0UPU,G6GZH",40,10:46:44,53.16376333,-0.79451217,7,4593.8,0,0,5.0,1.41
"$$EDUPIC7,41,10:49:14,5310.53375,-00045.93344,05,4800.1,0,0,3.5,1.42*D314","ex-G8HUI,EDU001,G6GZH,2E1FOV",41,10:49:14,53.1755625,-0.76555733,5,4800.1,0,0,3.5,1.42
"$$EDUPIC7,42,10:51:44,5311.27659,-00044.30136,08,4927.7,0,0,3,1.41*D16D","ex-G8HUI,EDU001,G6GZH,2E1FOV",42,10:51:44,53.18794317,-0.738356,8,4927.7,0,0,3.0,1.41
"$$EDUPIC7,43,10:54:14,5312.04227,-00042.70176,09,5040.0,0,0,3.25,1.4*4373","F5APQ,M0UPU,EDU001,G6GZH",43,10:54:14,53.2007045,-0.711696,9,5040.0,0,0,3.25,1.4
"$$EDUPIC7,44,10:56:44,5312.81562,-00041.04039,06,5206.8,0,0,3.5,1.42*3426","M0UPU,EDU001,G6GZH",44,10:56:44,53.21359367,-0.6840065,6,5206.8,0,0,3.5,1.42
"$$EDUPIC7,45,10:59:14,5313.56194,-00039.55540,09,5333.0,0,0,5.75,1.41*5F6C","M0UPU,F5APQ,EDU001,G6GZH",45,10:59:14,53.22603233,-0.65925667,9,5333.0,0,0,5.75,1.41
"$$EDUPIC7,46,11:01:44,5314.24712,-00038.17387,06,5452.6,0,0,5.5,1.42*AD1B","M0UPU,F5APQ,EDU001,G6GZH",46,11:01:44,53.237452,-0.63623117,6,5452.6,0,0,5.5,1.42
"$$EDUPIC7,47,11:04:14,5314.98342,-00036.83970,09,5465.0,0,0,8.5,1.44*A04F","F5APQ,M0UPU,EDU001,G6GZH",47,11:04:14,53.24972367,-0.613995,9,5465.0,0,0,8.5,1.44
"$$EDUPIC7,49,11:09:14,5316.70726,-00034.34754,09,5624.4,0,0,10.5,1.44*374A","M0UPU,EDU001,G6GZH",49,11:09:14,53.27845433,-0.572459,9,5624.4,0,0,10.5,1.44
"$$EDUPIC7,50,11:11:44,5317.63900,-00033.10827,09,5708.6,0,0,13.25,1.45*C83E","M0UPU,F5APQ,EDU001,G6GZH",50,11:11:44,53.29398333,-0.5518045,9,5708.6,0,0,13.25,1.45
"$$EDUPIC7,51,11:14:14,5318.56283,-00031.78911,08,5815.5,0,0,12.25,1.45*CA1B","F5APQ,M0UPU,EDU001,G6GZH",51,11:14:14,53.3093805,-0.5298185,8,5815.5,0,0,12.25,1.45
"$$EDUPIC7,52,11:16:44,5319.50255,-00030.45912,07,5906.2,0,0,12.5,1.45*7407","F5APQ,M0UPU,EDU001,G6GZH",52,11:16:44,53.3250425,-0.507652,7,5906.2,0,0,12.5,1.45
"$$EDUPIC7,53,11:19:14,5320.46785,-00029.08480,07,5902.7,0,0,13.25,1.45*9A95","M0UPU,F5APQ,EDU001,G6GZH",53,11:19:14,53.34113083,-0.48474667,7,5902.7,0,0,13.25,1.45
"$$EDUPIC7,54,11:21:37,5321.34475,-00027.65277,10,5927.8,0,0,12.75,1.42*77A5","M0UPU,EDU001,G6GZH",54,11:21:37,53.35574583,-0.4608795,10,5927.8,0,0,12.75,1.42
"$$EDUPIC7,55,11:24:04,5322.20869,-00026.10661,08,5967.6,0,0,12.75,1.46*5DC9","M0UPU,EDU001,G6GZH",55,11:24:04,53.37014483,-0.43511017,8,5967.6,0,0,12.75,1.46
"$$EDUPIC7,56,11:26:27,5323.07910,-00024.57620,07,6030.5,0,0,13.5,1.46*E95D","M0UPU,EDU001,G6GZH",56,11:26:27,53.38465167,-0.40960333,7,6030.5,0,0,13.5,1.46
"$$EDUPIC7,57,11:28:54,5323.98137,-00022.88018,07,6084.2,0,0,12.75,1.45*7E3B","M0UPU,F5APQ,EDU001,G6GZH",57,11:28:54,53.3996895,-0.38133633,7,6084.2,0,0,12.75,1.45
"$$EDUPIC7,58,11:31:24,5324.88115,-00021.10812,08,6128.9,0,0,11.5,1.45*E370","F5APQ,M0UPU,EDU001,G6GZH",58,11:31:24,53.41468583,-0.351802,8,6128.9,0,0,11.5,1.45
"$$EDUPIC7,59,11:33:54,5325.75415,-00019.28149,09,6145.6,0,0,11,1.45*77FA","F5APQ,M0UPU,EDU001,G6GZH,G8FJG_1",59,11:33:54,53.42923583,-0.32135817,9,6145.6,0,0,11.0,1.45
"$$EDUPIC7,60,11:36:24,5326.60033,-00017.46662,08,6189.1,0,0,9.5,1.45*47E6","M0UPU,F5APQ,EDU001,G6GZH,G8FJG_1",60,11:36:24,53.44333883,-0.29111033,8,6189.1,0,0,9.5,1.45
"$$EDUPIC7,61,11:38:54,5327.42170,-00015.70194,07,6214.5,0,0,9.75,1.45*2828","F5APQ,M0UPU,EDU001,G6GZH,G8FJG_1",61,11:38:54,53.45702833,-0.261699,7,6214.5,0,0,9.75,1.45
"$$EDUPIC7,62,11:41:24,5328.20526,-00014.07180,07,6287.1,0,0,9.5,1.44*5050","M0UPU,F5APQ,EDU001,G6GZH,G8FJG_1",62,11:41:24,53.47008767,-0.23453,7,6287.1,0,0,9.5,1.44
"$$EDUPIC7,63,11:43:54,5328.98746,-00012.45412,08,6333.9,0,0,10.5,1.45*C657","F5APQ,M0UPU,EDU001,G6GZH,G8FJG_1",63,11:43:54,53.48312433,-0.20756867,8,6333.9,0,0,10.5,1.45
"$$EDUPIC7,64,11:46:24,5329.77003,-00010.83875,08,6351.3,0,0,14,1.44*E428","F5APQ,M0UPU,EDU001,G6GZH,G8FJG_1",64,11:46:24,53.49616717,-0.18064583,8,6351.3,0,0,14.0,1.44
"$$EDUPIC7,65,11:48:54,5330.53741,-00009.23631,06,6320.3,0,0,11.25,1.44*98F6","M0UPU,F5APQ,EDU001,G6GZH,G8FJG_1",65,11:48:54,53.50895683,-0.1539385,6,6320.3,0,0,11.25,1.44
"$$EDUPIC7,66,11:51:24,5331.30057,-00007.58279,09,6301.7,0,0,8,1.43*9410","F5APQ,EDU001,M0UPU,G8KNN,G8FJG_1,G6GZH",66,11:51:24,53.52167617,-0.12637983,9,6301.7,0,0,8.0,1.43
"$$EDUPIC7,67,11:53:54,5332.08136,-00005.82658,10,6357.3,0,0,8.75,1.42*4CE2","F5APQ,EDU001,M0UPU,G8KNN,G8FJG_1,G6GZH",67,11:53:54,53.53468933,-0.09710967,10,6357.3,0,0,8.75,1.42
"$$EDUPIC7,68,11:56:24,5332.86454,-00004.04043,08,6372.2,0,0,9.5,1.43*299B","M0UPU,EDU001,F5APQ,G4YHE,G8KNN,G8FJG_1,G6GZH",68,11:56:24,53.54774233,-0.0673405,8,6372.2,0,0,9.5,1.43
"$$EDUPIC7,69,11:58:54,5333.64409,-00002.24876,08,6357.7,0,0,8.25,1.43*614A","M0UPU,F5APQ,G4YHE,EDU001,G8FJG_1",69,11:58:54,53.56073483,-0.03747933,8,6357.7,0,0,8.25,1.43
"$$EDUPIC7,70,12:01:24,5334.41613,-00000.42216,09,6351.7,0,0,6.25,1.41*2E88","F5APQ,EDU001,M0UPU,G4YHE,G8FJG_1,G6GZH",70,12:01:24,53.57360217,-0.007036,9,6351.7,0,0,6.25,1.41
"$$EDUPIC7,71,12:03:54,5335.18236,00001.44347,07,6335.5,0,0,6.75,1.42*B668","M0UPU,EDU001,F5APQ,G4YHE,G8KNN,G8FJG_1,G6GZH",71,12:03:54,53.58637267,0.02405783,7,6335.5,0,0,6.75,1.42
"$$EDUPIC7,72,12:06:24,5335.92993,00003.34894,08,6406.6,0,0,8.75,1.41*8630","M0UPU,EDU001,F5APQ,G4YHE,G8KNN,G8FJG_1,G6GZH",72,12:06:24,53.59883217,0.05581567,8,6406.6,0,0,8.75,1.41
"$$EDUPIC7,73,12:08:54,5336.66547,00005.28905,09,6384.8,0,0,9.5,1.42*6C08","F5APQ,EDU001,M0UPU,G4YHE,G8KNN,G8FJG_1,G6GZH",73,12:08:54,53.61109117,0.08815083,9,6384.8,0,0,9.5,1.42
"$$EDUPIC7,74,12:11:24,5337.42093,00007.28203,09,6358.7,0,0,10.25,1.43*F3C7","M0UPU,EDU001,F5APQ,G4YHE,G8KNN,G8FJG_1,G6GZH",74,12:11:24,53.62368217,0.12136717,9,6358.7,0,0,10.25,1.43
"$$EDUPIC7,75,12:13:54,5338.15816,00009.37128,09,6377.9,0,0,10.25,1.43*69F2","F5APQ,EDU001,M0UPU,G4YHE,G8KNN,G8FJG_1,G0WXI,G6GZH",75,12:13:54,53.63596933,0.156188,9,6377.9,0,0,10.25,1.43
"$$EDUPIC7,76,12:16:24,5338.90795,00011.46796,08,6482.7,0,0,12,1.43*D6A0","M0UPU,EDU001,F5APQ,G4YHE,G8KNN,G8FJG_1,G0WXI,G6GZH",76,12:16:24,53.64846583,0.19113267,8,6482.7,0,0,12.0,1.43
"$$EDUPIC7,79,12:23:54,5340.95489,00017.28966,07,6375.4,0,0,8.25,1.43*BE01","EDU001,M0UPU,G4YHE,G8FJG_1,NAVRAC2,G0WXI,G6GZH",79,12:23:54,53.6825815,0.288161,7,6375.4,0,0,8.25,1.43
"$$EDUPIC7,80,12:26:24,5341.59602,00019.20368,06,6334.8,0,0,10.25,1.42*8E01","F5APQ,EDU001,M0UPU,G4YHE,G8FJG_1,NAVRAC2,G0WXI,G6GZH",80,12:26:24,53.693267,0.32006133,6,6334.8,0,0,10.25,1.42
"$$EDUPIC7,81,12:28:54,5342.24384,00021.14432,07,6375.2,0,0,10.75,1.43*4CDF","F5APQ,EDU001,M0UPU,G8KNN,G8FJG_1,NAVRAC2,G0WXI,G6GZH",81,12:28:54,53.704064,0.35240533,7,6375.2,0,0,10.75,1.43
"$$EDUPIC7,82,12:31:24,5342.88844,00023.12214,09,6428.3,0,0,9,1.44*52EF","M0UPU,EDU001,F5APQ,G4YHE,G8KNN,G8FJG_1,G0WXI,G6GZH",82,12:31:24,53.71480733,0.385369,9,6428.3,0,0,9.0,1.44
"$$EDUPIC7,83,12:33:54,5343.50514,00025.08594,08,6481.2,0,0,10,1.43*EB4B","M0UPU,EDU001,F5APQ,G4YHE,G8KNN,G8FJG_1,G6GZH",83,12:33:54,53.72508567,0.418099,8,6481.2,0,0,10.0,1.43
"$$EDUPIC7,84,12:36:24,5344.10027,00027.00471,08,6478.7,0,0,10.25,1.45*2E43","M0UPU,G4YHE,EDU001,G6GZH,G8KNN",84,12:36:24,53.7350045,0.4500785,8,6478.7,0,0,10.25,1.45
"$$EDUPIC7,85,12:38:54,5344.69523,00028.90212,07,6494.3,0,0,11,1.45*59FC","EDU001,M0UPU,G4YHE,G8KNN,G8FJG_1,G6GZH",85,12:38:54,53.7449205,0.481702,7,6494.3,0,0,11.0,1.45
"$$EDUPIC7,86,12:41:24,5345.27484,00030.81453,06,6495.0,0,0,11.25,1.44*AFFD","EDU001,M0UPU,G4YHE,G8KNN,G8FJG_1,G6GZH",86,12:41:24,53.75458067,0.5135755,6,6495.0,0,0,11.25,1.44
"$$EDUPIC7,87,12:43:54,5345.83452,00032.59182,06,6497.4,0,0,8.25,1.43*8533","EDU001,M0UPU,G4YHE,G8KNN,G8FJG_1,G0WXI,G6GZH",87,12:43:54,53.76390867,0.543197,6,6497.4,0,0,8.25,1.43
"$$EDUPIC7,88,12:46:24,5346.38592,00034.25816,06,6472.6,0,0,10.25,1.42*8B77","EDU001,F5APQ,G4YHE,G8KNN,G8FJG_1,G0WXI",88,12:46:24,53.77309867,0.57096933,6,6472.6,0,0,10.25,1.42
"$$EDUPIC7,89,12:48:54,5346.90395,00035.91452,06,6500.5,0,0,9.75,1.43*3EF9","F5APQ,EDU001,M0UPU,G4YHE,G8KNN,G8FJG_1,G0WXI,G6GZH",89,12:48:54,53.7817325,0.59857533,6,6500.5,0,0,9.75,1.43
"$$EDUPIC7,90,12:51:24,5347.42978,00037.67825,06,6428.1,0,0,11.25,1.43*FB80","F5APQ,EDU001,M0UPU,G4YHE,G8KNN,G8FJG_1,G0WXI,G6GZH",90,12:51:24,53.79049633,0.62797083,6,6428.1,0,0,11.25,1.43
"$$EDUPIC7,91,12:53:54,5347.88460,00039.37938,06,6385.8,0,0,9.75,1.43*4E48","F5APQ,EDU001,M0UPU,G4YHE,G8KNN,G8FJG_1,G0WXI,G6GZH",91,12:53:54,53.79807667,0.656323,6,6385.8,0,0,9.75,1.43
"$$EDUPIC7,92,12:56:24,5348.37308,00041.15142,06,6401.4,0,0,10,1.44*4398","M0UPU,EDU001,F5APQ,G4YHE,G8KNN,G8FJG_1,G0WXI,G6GZH",92,12:56:24,53.806218,0.685857,6,6401.4,0,0,10.0,1.44
"$$EDUPIC7,93,12:58:54,5348.83510,00042.90852,06,6441.7,0,0,9.75,1.43*E99C","M0UPU,G6GZH-M,EDU001,F5APQ,G4YHE,G8KNN,G8FJG_1,G0WXI,G6GZH",93,12:58:54,53.81391833,0.715142,6,6441.7,0,0,9.75,1.43
"$$EDUPIC7,94,13:01:24,5349.31464,00044.76939,09,6475.4,0,0,11.75,1.44*D143","M0UPU,EDU001,F5APQ,G4YHE,G8KNN,G8FJG_1,G0WXI,G6GZH",94,13:01:24,53.82191067,0.7461565,9,6475.4,0,0,11.75,1.44
"$$EDUPIC7,95,13:03:54,5349.82536,00046.75821,09,6469.8,0,0,11.25,1.44*1692","M0UPU,EDU001,F5APQ,G4YHE,G8KNN,G8FJG_1,G0WXI,G6GZH",95,13:03:54,53.83042267,0.7793035,9,6469.8,0,0,11.25,1.44
"$$EDUPIC7,96,13:06:24,5350.34750,00048.77304,10,6461.9,0,0,8.75,1.43*70BB","M0UPU,G6GZH-M,EDU001,F5APQ,G4YHE,G8KNN,G8FJG_1,G0WXI,G6GZH",96,13:06:24,53.839125,0.812884,10,6461.9,0,0,8.75,1.43
"$$EDUPIC7,97,13:08:54,5350.84316,00050.70458,09,6446.0,0,0,5.75,1.42*D0FD","M0UPU,G6GZH-M,EDU001,F5APQ,G4YHE,G8KNN,G8FJG_1,G0WXI,G6GZH",97,13:08:54,53.847386,0.84507633,9,6446.0,0,0,5.75,1.42
"$$EDUPIC7,98,13:11:24,5351.35572,00052.51122,10,6402.9,0,0,5,1.4*D603","F5APQ,G6GZH-M,EDU001,M0UPU,G4YHE,G8KNN,G8FJG_1,G0WXI,G6GZH",98,13:11:24,53.85592867,0.875187,10,6402.9,0,0,5.0,1.4
"$$EDUPIC7,99,13:13:54,5351.86398,00054.32119,10,6411.5,0,0,3.5,1.4*45F7","F5APQ,EDU001,M0UPU,G4YHE,G8KNN,G8FJG_1,G0WXI,G6GZH",99,13:13:54,53.86439967,0.90535317,10,6411.5,0,0,3.5,1.4
"$$EDUPIC7,100,13:16:24,5352.35510,00056.14647,07,6419.1,0,0,3.75,1.4*8DD7","G6GZH-M,EDU001,M0UPU,G4YHE,G8KNN,G8FJG_1,G0WXI,G6GZH",100,13:16:24,53.872585,0.9357745,7,6419.1,0,0,3.75,1.4
"$$EDUPIC7,102,13:21:24,5353.33486,00059.73612,06,6492.5,0,0,4.25,1.4*257F","M0UPU,F5APQ,G0WXI,G6GZH,G8KNN",102,13:21:24,53.88891433,0.995602,6,6492.5,0,0,4.25,1.4
"$$EDUPIC7,104,13:26:24,5354.31699,00103.06119,08,6477.8,0,0,6.5,1.42*6DFF","M0UPU,G8FJG_1,G0WXI,G8KNN,G6GZH",104,13:26:24,53.90528317,1.05101983,8,6477.8,0,0,6.5,1.42
"$$EDUPIC7,105,13:28:54,5354.77883,00104.73425,08,6486.8,0,0,7.75,1.42*8643","M0UPU,EDU001,F5APQ,G8FJG_1,DutchMillbt,G0WXI,G6GZH",105,13:28:54,53.9129805,1.07890417,8,6486.8,0,0,7.75,1.42
"$$EDUPIC7,106,13:31:24,5355.22988,00106.45730,07,6528.3,0,0,9.75,1.42*4191","EDU001,M0UPU,G8KNN,G8FJG_1,DutchMillbt,G0WXI,G6GZH",106,13:31:24,53.920498,1.10762167,7,6528.3,0,0,9.75,1.42
"$$EDUPIC7,107,13:33:54,5355.69089,00108.16936,06,6523.0,0,0,8.75,1.43*9759","M0UPU,EDU001,F5APQ,G8KNN,DutchMillbt,G0WXI,G6GZH",107,13:33:54,53.9281815,1.136156,6,6523.0,0,0,8.75,1.43
"$$EDUPIC7,108,13:36:24,5356.15747,00109.74638,06,6469.0,0,0,8,1.41*3B15","M0UPU,G8FJG_1,EDU001,F5APQ,G8KNN,PD1ODE,G0WXI,G6GZH",108,13:36:24,53.93595783,1.16243967,6,6469.0,0,0,8.0,1.41
"$$EDUPIC7,109,13:38:54,5356.58376,00111.22971,08,6498.6,0,0,7.25,1.42*303E","F5APQ,G8FJG_1,M0UPU,G8KNN,PD1ODE,G0WXI,G6GZH",109,13:38:54,53.94306267,1.18716183,8,6498.6,0,0,7.25,1.42
"$$EDUPIC7,110,13:41:24,5357.00177,00112.70309,08,6536.2,0,0,9.25,1.42*FCD9","F5APQ,EDU001,M0UPU,G8KNN,G8FJG_1,G0WXI,G6GZH",110,13:41:24,53.9500295,1.21171817,8,6536.2,0,0,9.25,1.42
"$$EDUPIC7,111,13:43:47,5357.43866,00114.08687,09,6559.2,0,0,7,1.4*3AFC","M0UPU,EDU001,F5APQ,G8KNN,G8FJG_1,NAVRAC2,DutchMillbt,G0WXI,G6GZH",111,13:43:47,53.957311,1.23478117,9,6559.2,0,0,7.0,1.4
"$$EDUPIC7,112,13:46:14,5357.92428,00115.42107,08,6519.8,0,0,8,1.41*B0D1","F5APQ,EDU001,M0UPU,G8KNN,G8FJG_1,NAVRAC2,G6GZH",112,13:46:14,53.96540467,1.25701783,8,6519.8,0,0,8.0,1.41
"$$EDUPIC7,113,13:48:44,5358.43714,00116.75861,06,6510.2,0,0,9.25,1.41*FBB7","M0UPU,EDU001,F5APQ,G8KNN,G8FJG_1,NAVRAC2,G6GZH",113,13:48:44,53.97395233,1.27931017,6,6510.2,0,0,9.25,1.41
"$$EDUPIC7,114,13:51:14,5358.90387,00118.11334,06,6544.7,0,0,7.25,1.42*C3A9","EDU001,M0UPU,G8KNN,G8FJG_1,NAVRAC2,G6GZH",114,13:51:14,53.98173117,1.301889,6,6544.7,0,0,7.25,1.42
"$$EDUPIC7,115,13:53:44,5359.37138,00119.49515,06,6483.9,0,0,10.75,1.43*3948","F5APQ,G8FJG_1,EDU001,PE2BZ,G8KNN,PD1ODE,NAVRAC2,DutchMillbt,G6GZH,M0UPU",115,13:53:44,53.989523,1.32491917,6,6483.9,0,0,10.75,1.43
"$$EDUPIC7,116,13:56:14,5359.80554,00120.92308,06,6408.4,0,0,11.75,1.43*24FB","PE2BZ,EDU001,M0UPU,G8KNN,G8FJG_1,NAVRAC2,DutchMillbt,G6GZH",116,13:56:14,53.996759,1.348718,6,6408.4,0,0,11.75,1.43
"$$EDUPIC7,117,13:58:44,5400.21466,00122.45435,06,6507.6,0,0,12.25,1.42*7B32","F5APQ,EDU001,PE2BZ,G8KNN,G8FJG_1,DutchMillbt,G6GZH,M0UPU",117,13:58:44,54.00357767,1.37423917,6,6507.6,0,0,12.25,1.42
"$$EDUPIC7,118,14:01:14,5400.65362,00124.01356,08,6547.0,0,0,12.5,1.43*BB01","F5APQ,EDU001,PE2BZ,G8KNN,G8FJG_1,NAVRAC2,G6GZH,M0UPU",118,14:01:14,54.01089367,1.400226,8,6547.0,0,0,12.5,1.43
"$$EDUPIC7,119,14:03:44,5401.10079,00125.55657,06,6480.5,0,0,8.25,1.42*BA29","F5APQ,G8FJG_1,M0UPU,G8KNN,PD1ODE,DutchMillbt,G6GZH",119,14:03:44,54.0183465,1.42594283,6,6480.5,0,0,8.25,1.42
"$$EDUPIC7,120,14:06:14,5401.53617,00127.05828,07,6485.0,0,0,9,1.41*D78E","PE2BZ,EDU001,F5APQ,G8KNN,G8FJG_1,G6GZH,M0UPU",120,14:06:14,54.02560283,1.45097133,7,6485.0,0,0,9.0,1.41
"$$EDUPIC7,121,14:08:45,5401.95283,00128.55541,10,6525.8,0,0,7.25,1.38*4892","PE2BZ,M0UPU,F5APQ,G6GZH,G8KNN",121,14:08:45,54.03254717,1.4759235,10,6525.8,0,0,7.25,1.38
"$$EDUPIC7,122,14:11:14,5402.40876,00130.09548,07,6519.8,0,0,4.5,1.4*C683","F5APQ,EDU001,PE2BZ,G8KNN,G8FJG_1,G6GZH,PD1ODE,M0UPU",122,14:11:14,54.040146,1.50159133,7,6519.8,0,0,4.5,1.4
"$$EDUPIC7,123,14:13:44,5402.86934,00131.63855,07,6499.9,0,0,3.5,1.4*3197","PE2BZ,EDU001,F5APQ,G8KNN,G8FJG_1,G6GZH",123,14:13:44,54.04782233,1.52730917,7,6499.9,0,0,3.5,1.4
"$$EDUPIC7,124,14:16:14,5403.38699,00133.15731,09,6477.1,0,0,2,1.39*332D","PE2BZ,F5APQ,G8KNN,G6GZH",124,14:16:14,54.05644983,1.55262183,9,6477.1,0,0,2.0,1.39
"$$EDUPIC7,125,14:18:44,5403.92586,00134.67061,09,6441.4,0,0,-1.25,1.39*CCDB","F5APQ,EDU001,PE2BZ,G8KNN,G8FJG_1,DutchMillbt,G6GZH,M0UPU",125,14:18:44,54.065431,1.5778435,9,6441.4,0,0,-1.25,1.39
"$$EDUPIC7,127,14:23:44,5404.96692,00137.64592,08,6471.7,0,0,3,1.39*C3C7","PE2BZ,PD1ODE,F5APQ,G8KNN,G8FJG_1,G6GZH,M0UPU",127,14:23:44,54.082782,1.627432,8,6471.7,0,0,3.0,1.39
"$$EDUPIC7,128,14:26:14,5405.51223,00139.17150,06,6439.7,0,0,1.5,1.39*ACD4","F5APQ,PE2BZ,G8KNN,G8FJG_1,DutchMillbt,G6GZH,M0UPU",128,14:26:14,54.0918705,1.65285833,6,6439.7,0,0,1.5,1.39
"$$EDUPIC7,129,14:28:44,5406.06935,00140.73906,07,6416.2,0,0,-0.5,1.38*2C0D","F5APQ,PE2BZ,M0UPU,G8KNN,G8FJG_1,G6GZH",129,14:28:44,54.10115583,1.67898433,7,6416.2,0,0,-0.5,1.38
"$$EDUPIC7,130,14:31:14,5406.62759,00142.30029,08,6467.1,0,0,-1.25,1.38*A920","PE2BZ,F5APQ,G8KNN,G8FJG_1,DutchMillbt,G6GZH,M0UPU",130,14:31:14,54.11045983,1.70500483,8,6467.1,0,0,-1.25,1.38
"$$EDUPIC7,131,14:33:44,5407.15869,00143.85900,07,6512.1,0,0,-3.5,1.39*65EB","F5APQ,EDU001,PE2BZ,G8KNN,G8FJG_1,DutchMillbt,G6GZH,M0UPU",131,14:33:44,54.1193115,1.73098333,7,6512.1,0,0,-3.5,1.39
"$$EDUPIC7,133,14:38:44,5408.14759,00146.92708,08,6401.8,0,0,-2.25,1.38*5017","PE2BZ,M0UPU,F5APQ,G8KNN,G6GZH",133,14:38:44,54.13579317,1.782118,8,6401.8,0,0,-2.25,1.38
"$$EDUPIC7,134,14:41:14,5408.64610,00148.45318,07,6389.1,0,0,-3,1.39*A489","PE2BZ,F5APQ,G8KNN,G8FJG_1,G6GZH,M0UPU",134,14:41:14,54.14410167,1.807553,7,6389.1,0,0,-3.0,1.39
"$$EDUPIC7,135,14:43:44,5409.20570,00149.97932,07,6369.4,0,0,-1.5,1.39*5428","F5APQ,DutchMillbt,G8KNN,M0UPU",135,14:43:44,54.15342833,1.83298867,7,6369.4,0,0,-1.5,1.39
"$$EDUPIC7,136,14:46:14,5409.79236,00151.57088,07,6432.3,0,0,0,1.4*DC6F","PE2BZ,F5APQ,M0UPU,G8KNN,G6GZH",136,14:46:14,54.163206,1.85951467,7,6432.3,0,0,0.0,1.4
"$$EDUPIC7,137,14:48:44,5410.35842,00153.20431,08,6482.6,0,0,0.5,1.4*6495","PE2BZ,F5APQ,G8KNN,DutchMillbt,G6GZH,M0UPU",137,14:48:44,54.17264033,1.8867385,8,6482.6,0,0,0.5,1.4
"$$EDUPIC7,138,14:51:14,5410.93751,00154.84940,08,6481.8,0,0,2.75,1.39*E532","PE2BZ,F5APQ,G8KNN,DutchMillbt",138,14:51:14,54.18229183,1.91415667,8,6481.8,0,0,2.75,1.39
"$$EDUPIC7,139,14:53:44,5411.49393,00156.41563,08,6449.6,0,0,0.25,1.39*4E31","PE2BZ,F5APQ,M0UPU,G8KNN,DutchMillbt",139,14:53:44,54.1915655,1.9402605,8,6449.6,0,0,0.25,1.39
"$$EDUPIC7,140,14:56:14,5412.05710,00157.98927,08,6427.3,0,0,1,1.4*59E0","M0UPU,F5APQ,PE2BZ,G6GZH,G8KNN",140,14:56:14,54.20095167,1.96648783,8,6427.3,0,0,1.0,1.4
"$$EDUPIC7,141,14:58:44,5412.59444,00159.58035,08,6407.5,0,0,3.25,1.4*F8D3","PE2BZ,F5APQ,G8KNN,DutchMillbt,G6GZH,M0UPU",141,14:58:44,54.20990733,1.99300583,8,6407.5,0,0,3.25,1.4
"$$EDUPIC7,142,15:01:14,5413.08980,00201.23455,08,6457.0,0,0,3.25,1.39*FEB3","PE2BZ,DutchMillbt,F5APQ,G8KNN,G6GZH",142,15:01:14,54.21816333,2.02057583,8,6457.0,0,0,3.25,1.39
"$$EDUPIC7,143,15:03:44,5413.58121,00202.87558,08,6477.5,0,0,1,1.39*93DB","F5APQ,M0UPU,PE2BZ,G8KNN,PD1ODE",143,15:03:44,54.2263535,2.04792633,8,6477.5,0,0,1.0,1.39
"$$EDUPIC7,144,15:06:14,5414.12209,00204.41514,07,6500.8,0,0,0.5,1.4*A57b",M0UPU,144,15:06:14,54.23536817,2.07358567,7,6500.8,0,0,0.5,1.4
"$$EDUPIC7,144,15:06:14,5414.12209,00204.41514,07,6500.8,0,0,0.5,1.4*A57B","F5APQ,DutchMillbt,PE2BZ,G8KNN,M0UPU",144,15:06:14,54.23536817,2.07358567,7,6500.8,0,0,0.5,1.4
"$$EDUPIC7,145,15:08:44,5414.68366,00205.86951,07,6426.0,0,0,2.75,1.4*E70C","PE2BZ,M0UPU,G6GZH,G8KNN,DutchMillbt",145,15:08:44,54.24472767,2.09782517,7,6426.0,0,0,2.75,1.4
"$$EDUPIC7,147,15:13:44,5415.66157,00208.99290,07,6331.5,0,0,3,1.39*5C23","PE2BZ,DutchMillbt,G8KNN,G6GZH,M0UPU",147,15:13:44,54.26102617,2.14988167,7,6331.5,0,0,3.0,1.39
"$$EDUPIC7,148,15:16:14,5416.10007,00210.65279,08,6488.8,0,0,1.25,1.4*1EE4","PE2BZ,DutchMillbt,G8KNN,M0UPU",148,15:16:14,54.2683345,2.1775465,8,6488.8,0,0,1.25,1.4
"$$EDUPIC7,149,15:18:44,5416.56239,00212.32588,06,6510.6,0,0,-1,1.4*80A4","M0UPU,DutchMillbt,PE2BZ,G6GZH,G8KNN",149,15:18:44,54.27603983,2.20543133,6,6510.6,0,0,-1.0,1.4
"$$EDUPIC7,150,15:21:14,5417.05548,00213.91296,09,6432.3,0,0,-0.25,1.38*C2F8","PE2BZ,DutchMillbt,G6GZH,G8KNN,M0UPU",150,15:21:14,54.284258,2.23188267,9,6432.3,0,0,-0.25,1.38
"$$EDUPIC7,151,15:23:44,5417.55479,00215.45479,09,6385.1,0,0,-0.25,1.39*A627","PE2BZ,DutchMillbt,G8KNN,M0UPU",151,15:23:44,54.29257983,2.25757983,9,6385.1,0,0,-0.25,1.39
"$$EDUPIC7,152,15:26:14,5418.01436,00217.05367,07,6355.0,0,0,-1.5,1.39*1CCB","PE2BZ,DutchMillbt,G6GZH,M0UPU",152,15:26:14,54.30023933,2.28422783,7,6355.0,0,0,-1.5,1.39
"$$EDUPIC7,153,15:28:44,5418.45717,00218.69998,08,6392.3,0,0,-2.75,1.39*A47C","PE2BZ,DutchMillbt,PD1ODE,pd3jag,G8KNN",153,15:28:44,54.3076195,2.31166633,8,6392.3,0,0,-2.75,1.39
"$$EDUPIC7,154,15:31:14,5418.87097,00220.31984,09,6397.7,0,0,-3,1.37*5190","M0UPU,DutchMillbt,PE2BZ,pd3jag,G8KNN",154,15:31:14,54.31451617,2.338664,9,6397.7,0,0,-3.0,1.37
"$$EDUPIC7,155,15:33:44,5419.35699,00221.92625,09,6421.9,0,0,-3.25,1.38*E533","PE2BZ,DutchMillbt,G6GZH,G8KNN,M0UPU",155,15:33:44,54.3226165,2.3654375,9,6421.9,0,0,-3.25,1.38
"$$EDUPIC7,157,15:38:44,5420.34012,00225.02045,11,6357.1,0,0,-8.5,1.36*2C2E","PE2BZ,DutchMillbt,G8KNN,M0UPU",157,15:38:44,54.339002,2.4170075,11,6357.1,0,0,-8.5,1.36
"$$EDUPIC7,158,15:41:14,5420.80759,00226.56565,08,6293.7,0,0,-8,1.36*987A","PE2BZ,M0UPU,G8KNN",158,15:41:14,54.34679317,2.44276083,8,6293.7,0,0,-8.0,1.36
"$$EDUPIC7,159,15:43:44,5421.26803,00228.12679,08,6274.2,0,0,-9,1.34*1A69","PE2BZ,M0UPU,F5APQ,G8KNN,DutchMillbt",159,15:43:44,54.35446717,2.46877983,8,6274.2,0,0,-9.0,1.34
"$$EDUPIC7,160,15:46:14,5421.74485,00229.65903,11,6346.4,0,0,-10,1.35*6AE1","PE2BZ,F5APQ,G8KNN,G6GZH,M0UPU",160,15:46:14,54.36241417,2.49431717,11,6346.4,0,0,-10.0,1.35
"$$EDUPIC7,161,15:48:44,5422.21286,00231.17792,10,6339.7,0,0,-10.75,1.35*316C","PE2BZ,F5APQ,G8KNN,DutchMillbt,G6GZH,M0UPU",161,15:48:44,54.37021433,2.519632,10,6339.7,0,0,-10.75,1.35
"$$EDUPIC7,162,15:51:14,5422.65374,00232.69073,08,6284.8,0,0,-10.75,1.34*3D3F","PE2BZ,F5APQ,G8KNN,DutchMillbt,G6GZH,M0UPU",162,15:51:14,54.37756233,2.5448455,8,6284.8,0,0,-10.75,1.34
"$$EDUPIC7,163,15:53:44,5423.08540,00234.17440,10,6266.1,0,0,-10.5,1.35*664F","PE2BZ,DutchMillbt,G8KNN,M0UPU",163,15:53:44,54.38475667,2.56957333,10,6266.1,0,0,-10.5,1.35
"$$EDUPIC7,164,15:56:14,5423.52772,00235.64617,10,6316.8,0,0,-11.25,1.34*B407","PE2BZ,DutchMillbt,M0UPU",164,15:56:14,54.39212867,2.59410283,10,6316.8,0,0,-11.25,1.34
"$$EDUPIC7,165,15:58:44,5423.97956,00237.14753,11,6336.0,0,0,-11.75,1.34*2E90","PE2BZ,F5APQ,DutchMillbt,G8KNN,M0UPU",165,15:58:44,54.39965933,2.6191255,11,6336.0,0,0,-11.75,1.34
"$$EDUPIC7,166,16:01:14,5424.41880,00238.68437,10,6291.9,0,0,-12.5,1.33*DDEC","PE2BZ,DutchMillbt,F5APQ,G6GZH,M0UPU",166,16:01:14,54.40698,2.6447395,10,6291.9,0,0,-12.5,1.33
"$$EDUPIC7,167,16:03:44,5424.86251,00240.22473,10,6223.9,0,0,-13,1.34*B627","F5APQ,DutchMillbt,PE2BZ,G6GZH,M0UPU",167,16:03:44,54.41437517,2.67041217,10,6223.9,0,0,-13.0,1.34
"$$EDUPIC7,168,16:06:14,5425.31013,00241.79588,10,6212.0,0,0,-13.25,1.33*87D7","M0UPU,DutchMillbt,F5APQ,PE2BZ,G6GZH",168,16:06:14,54.4218355,2.696598,10,6212.0,0,0,-13.25,1.33
"$$EDUPIC7,169,16:08:44,5425.79676,00243.37713,11,6256.5,0,0,-13.75,1.34*16A9","PE2BZ,DutchMillbt,G6GZH,M0UPU",169,16:08:44,54.429946,2.72295217,11,6256.5,0,0,-13.75,1.34
"$$EDUPIC7,170,16:11:14,5426.27757,00244.95897,09,6261.5,0,0,-14,1.33*1C00","PE2BZ,DutchMillbt,M0UPU,G6GZH,pd3jag",170,16:11:14,54.4379595,2.74931617,9,6261.5,0,0,-14.0,1.33
"$$EDUPIC7,171,16:13:44,5426.75258,00246.52516,08,6171.5,0,0,-14.25,1.32*468B","PE2BZ,G6GZH,F5APQ,DutchMillbt,pd3jag,M0UPU",171,16:13:44,54.44587633,2.77541933,8,6171.5,0,0,-14.25,1.32
"$$EDUPIC7,172,16:16:14,5427.23386,00248.14683,10,6177.3,0,0,-14.25,1.32*D327","PE2BZ,M0UPU,G6GZH",172,16:16:14,54.45389767,2.80244717,10,6177.3,0,0,-14.25,1.32
"$$EDUPIC7,173,16:18:44,5427.69155,00249.84265,09,6263.6,0,0,-14.25,1.33*DD8A","M0UPU,DutchMillbt,PE2BZ,G6GZH",173,16:18:44,54.46152583,2.83071083,9,6263.6,0,0,-14.25,1.33
"$$EDUPIC7,175,16:23:44,5428.72190,00253.27693,07,6229.4,0,0,-14.75,1.32*C03F","PE2BZ,M0UPU,pd3jag",175,16:23:44,54.47869833,2.88794883,7,6229.4,0,0,-14.75,1.32
"$$EDUPIC7,176,16:26:14,5429.22230,00254.99683,08,6201.3,0,0,-15,1.32*CA05","PE2BZ,M0UPU,pd3jag",176,16:26:14,54.48703833,2.91661383,8,6201.3,0,0,-15.0,1.32
"$$EDUPIC7,177,16:28:44,5429.76420,00256.69981,09,6198.3,0,0,-15,1.32*7F87","PE2BZ,M0UPU,MH",177,16:28:44,54.49607,2.94499683,9,6198.3,0,0,-15.0,1.32
"$$EDUPIC7,179,16:33:44,5430.81082,00300.03595,08,6185.4,0,0,-14.75,1.32*EDD6",M0UPU,179,16:33:44,54.51351367,3.00059917,8,6185.4,0,0,-14.75,1.32
"$$EDUPIC7,180,16:36:14,5431.22391,00301.69860,09,6196.9,0,0,-14.5,1.33*42A0",PE2BZ,180,16:36:14,54.5203985,3.02831,9,6196.9,0,0,-14.5,1.33
"$$EDUPIC7,181,16:38:44,5431.66214,00303.37762,07,6235.0,0,0,-14.75,1.32*D3A7","PE2BZ,M0UPU",181,16:38:44,54.52770233,3.05629367,7,6235.0,0,0,-14.75,1.32
"$$EDUPIC7,182,16:41:14,5432.15326,00305.04581,09,6279.8,0,0,-15,1.33*5EB5","PE2BZ,M0UPU",182,16:41:14,54.53588767,3.08409683,9,6279.8,0,0,-15.0,1.33
"$$EDUPIC7,184,16:46:14,5432.98395,00308.34925,08,6165.0,0,0,-15,1.32*D3C1",PE2BZ,184,16:46:14,54.5497325,3.13915417,8,6165.0,0,0,-15.0,1.32
"$$EDUPIC7,186,16:51:14,5433.87868,00311.74909,07,6246.5,0,0,-15,1.32*3CF7","PE2BZ,M0UPU,MH",186,16:51:14,54.56464467,3.19581817,7,6246.5,0,0,-15.0,1.32
"$$EDUPIC7,188,16:56:14,5434.60915,00315.00400,07,6227.7,0,0,-15,1.32*C6DA","PE2BZ,M0UPU",188,16:56:14,54.57681917,3.25006667,7,6227.7,0,0,-15.0,1.32
"$$EDUPIC7,189,16:58:44,5434.96305,00316.62175,07,6220.5,0,0,-15,1.33*7095",PE2BZ,189,16:58:44,54.5827175,3.27702917,7,6220.5,0,0,-15.0,1.33
"$$EDUPIC7,190,17:01:14,5435.33276,00318.22258,10,6192.4,0,0,-15,1.32*43F8",PE2BZ,190,17:01:14,54.58887933,3.30370967,10,6192.4,0,0,-15.0,1.32
"$$EDUPIC7,191,17:03:44,5435.69878,00319.85273,08,6146.1,0,0,-15,1.32*6F32","PE2BZ,M0UPU",191,17:03:44,54.59497967,3.33087883,8,6146.1,0,0,-15.0,1.32
"$$EDUPIC7,192,17:06:14,5436.03985,00321.47559,07,6214.4,0,0,-15,1.33*C30D","M0UPU,PE2BZ",192,17:06:14,54.60066417,3.3579265,7,6214.4,0,0,-15.0,1.33
"$$EDUPIC7,193,17:08:44,5436.37135,00323.07556,08,6298.9,0,0,-15.25,1.32*745C","PE2BZ,M0UPU,MH",193,17:08:44,54.60618917,3.38459267,8,6298.9,0,0,-15.25,1.32
"$$EDUPIC7,194,17:11:14,5436.70140,00324.66229,07,6256.3,0,0,-15.5,1.32*7826","PE1ANS,PE2BZ,MH",194,17:11:14,54.61169,3.41103817,7,6256.3,0,0,-15.5,1.32
"$$EDUPIC7,195,17:13:44,5437.01272,00326.23358,06,6187.7,0,0,-15.25,1.32*AD39","PE2BZ,PE1ANS,MH,M0UPU",195,17:13:44,54.61687867,3.43722633,6,6187.7,0,0,-15.25,1.32
"$$EDUPIC7,196,17:16:14,5437.34493,00327.83712,09,6169.5,0,0,-15.25,1.33*2B50","PE1ANS,MH",196,17:16:14,54.6224155,3.463952,9,6169.5,0,0,-15.25,1.33
"$$EDUPIC7,197,17:18:44,5437.67903,00329.48594,08,6231.1,0,0,-15.25,1.33*F359","PE2BZ,PE1ANS,MH,M0UPU",197,17:18:44,54.62798383,3.49143233,8,6231.1,0,0,-15.25,1.33
"$$EDUPIC7,198,17:21:14,5438.02672,00331.10668,09,6256.4,0,0,-15.25,1.32*6458","PE1ANS,MH",198,17:21:14,54.63377867,3.51844467,9,6256.4,0,0,-15.25,1.32
"$$EDUPIC7,199,17:23:44,5438.35085,00332.67014,09,6219.0,0,0,-15.5,1.32*A815","PE1ANS,MH",199,17:23:44,54.63918083,3.54450233,9,6219.0,0,0,-15.5,1.32
"$$EDUPIC7,200,17:26:14,5438.66094,00334.21888,07,6165.7,0,0,-15.5,1.32*7E51","PE1ANS,MH",200,17:26:14,54.644349,3.57031467,7,6165.7,0,0,-15.5,1.32
"$$EDUPIC7,201,17:28:44,5439.00376,00335.76381,07,6172.7,0,0,-15.25,1.32*3C39","PE1ANS,PE2BZ,MH",201,17:28:44,54.65006267,3.5960635,7,6172.7,0,0,-15.25,1.32
"$$EDUPIC7,202,17:31:14,5439.35761,00337.35937,07,6236.9,0,0,-15.25,1.3*4517","PE2BZ,PE1ANS,MH",202,17:31:14,54.65596017,3.62265617,7,6236.9,0,0,-15.25,1.3
"$$EDUPIC7,203,17:33:44,5439.71110,00338.91304,08,6254.2,0,0,-15.5,1.32*2C52","PE1ANS,MH",203,17:33:44,54.66185167,3.64855067,8,6254.2,0,0,-15.5,1.32
"$$EDUPIC7,204,17:36:14,5440.02267,00340.44021,08,6233.0,0,0,-15.5,1.33*B692","PE1ANS,MH",204,17:36:14,54.6670445,3.6740035,8,6233.0,0,0,-15.5,1.33
"$$EDUPIC7,205,17:38:44,5440.30051,00341.92083,08,6228.5,0,0,-15.75,1.32*2DCB","PE1ANS,MH",205,17:38:44,54.67167517,3.6986805,8,6228.5,0,0,-15.75,1.32
"$$EDUPIC7,206,17:41:14,5440.58847,00343.37694,08,6227.9,0,0,-15.75,1.32*6CAA","PE1ANS,MH",206,17:41:14,54.6764745,3.722949,8,6227.9,0,0,-15.75,1.32
"$$EDUPIC7,207,17:43:44,5440.88924,00344.83416,08,6202.1,0,0,-15.5,1.32*75E2","PE1ANS,PE2BZ,MH",207,17:43:44,54.68148733,3.747236,8,6202.1,0,0,-15.5,1.32
"$$EDUPIC7,208,17:46:14,5441.17695,00346.28295,07,6175.0,0,0,-15.75,1.32*29E4","PE2BZ,PE1ANS,MH",208,17:46:14,54.6862825,3.7713825,7,6175.0,0,0,-15.75,1.32
"$$EDUPIC7,209,17:48:44,5441.46918,00347.72499,08,6170.9,0,0,-15.5,1.32*3D6B","PE1ANS,PE2BZ,MH",209,17:48:44,54.691153,3.7954165,8,6170.9,0,0,-15.5,1.32
"$$EDUPIC7,210,17:51:14,5441.77767,00349.21760,09,6161.5,0,0,-15.5,1.33*D3AB","PE1ANS,PE2BZ,MH",210,17:51:14,54.6962945,3.82029333,9,6161.5,0,0,-15.5,1.33
"$$EDUPIC7,211,17:53:44,5442.10836,00350.73297,08,6185.7,0,0,-15.5,1.33*38F3","PE2BZ,PE1ANS,MH",211,17:53:44,54.701806,3.8455495,8,6185.7,0,0,-15.5,1.33
"$$EDUPIC7,212,17:56:14,5442.46173,00352.31246,09,6164.6,0,0,-15.5,1.32*4DD4","PE1ANS,PE2BZ,MH",212,17:56:14,54.7076955,3.87187433,9,6164.6,0,0,-15.5,1.32
"$$EDUPIC7,213,17:58:44,5442.82553,00353.91238,08,6184.6,0,0,-15.5,1.32*8BF5","PE2BZ,PE1ANS,MH",213,17:58:44,54.71375883,3.89853967,8,6184.6,0,0,-15.5,1.32
"$$EDUPIC7,214,18:01:14,5443.17435,00355.49490,10,6189.1,0,0,-15.25,1.32*78D0","PE1ANS,MH",214,18:01:14,54.7195725,3.924915,10,6189.1,0,0,-15.25,1.32
"$$EDUPIC7,215,18:03:44,5443.49905,00357.05271,10,6215.2,0,0,-15.5,1.33*93E5","PE1ANS,MH",215,18:03:44,54.72498417,3.9508785,10,6215.2,0,0,-15.5,1.33
"$$EDUPIC7,216,18:06:14,5443.78783,00358.58858,10,6203.8,0,0,-15.5,1.32*E2C6","PE1ANS,MH",216,18:06:14,54.72979717,3.97647633,10,6203.8,0,0,-15.5,1.32
"$$EDUPIC7,217,18:08:44,5444.05657,00400.06721,09,6169.0,0,0,-15.5,1.32*D307","PE1ANS,MH",217,18:08:44,54.73427617,4.00112017,9,6169.0,0,0,-15.5,1.32
"$$EDUPIC7,218,18:11:14,5444.33442,00401.53159,08,6183.8,0,0,-15.75,1.33*9FE6","PE1ANS,MH",218,18:11:14,54.738907,4.0255265,8,6183.8,0,0,-15.75,1.33
"$$EDUPIC7,219,18:13:44,5444.62142,00402.99733,09,6192.3,0,0,-15.75,1.32*CA0E","PE1ANS,MH",219,18:13:44,54.74369033,4.0499555,9,6192.3,0,0,-15.75,1.32
"$$EDUPIC7,220,18:16:14,5444.90295,00404.43752,10,6167.1,0,0,-15.75,1.32*DF5B","PE1ANS,MH",220,18:16:14,54.7483825,4.07395867,10,6167.1,0,0,-15.75,1.32
"$$EDUPIC7,221,18:18:44,5445.20203,00405.89684,09,6120.5,0,0,-15.75,1.32*A597","PE1ANS,MH",221,18:18:44,54.75336717,4.09828067,9,6120.5,0,0,-15.75,1.32
"$$EDUPIC7,222,18:21:14,5445.53186,00407.39298,09,6122.6,0,0,-15.75,1.32*292C","jijdaar,PE1ANS,MH",222,18:21:14,54.75886433,4.12321633,9,6122.6,0,0,-15.75,1.32
"$$EDUPIC7,223,18:23:44,5445.87672,00408.91007,09,6209.1,0,0,-15.75,1.33*1A7A","PE1ANS,MH",223,18:23:44,54.764612,4.14850117,9,6209.1,0,0,-15.75,1.33
"$$EDUPIC7,224,18:26:14,5446.20114,00410.41868,10,6190.6,0,0,-16,1.33*E7A5","PE1ANS,MH",224,18:26:14,54.770019,4.17364467,10,6190.6,0,0,-16.0,1.33
"$$EDUPIC7,225,18:28:44,5446.54076,00411.89677,10,6139.7,0,0,-16,1.32*4750","PE1ANS,MH",225,18:28:44,54.77567933,4.1982795,10,6139.7,0,0,-16.0,1.32
"$$EDUPIC7,226,18:31:14,5446.89501,00413.42570,09,6130.9,0,0,-15.75,1.32*Bc56",jijdaar,226,18:31:14,54.7815835,4.22376167,9,6130.9,0,0,-15.75,1.32
"$$EDUPIC7,226,18:31:14,5446.89501,00413.42570,09,6130.9,0,0,-15.75,1.32*BC56","PE1ANS,MH",226,18:31:14,54.7815835,4.22376167,9,6130.9,0,0,-15.75,1.32
"$$EDUPIC7,227,18:33:44,5447.26933,00415.04379,08,6143.8,0,0,-16,1.32*1CB6","jijdaar,PE1ANS,MH",227,18:33:44,54.78782217,4.25072983,8,6143.8,0,0,-16.0,1.32
"$$EDUPIC7,228,18:36:14,5447.61349,00416.63608,09,6180.8,0,0,-16,1.32*4F44","PE1ANS,MH",228,18:36:14,54.79355817,4.277268,9,6180.8,0,0,-16.0,1.32
"$$EDUPIC7,229,18:38:44,5447.93339,00418.18196,09,6199.4,0,0,-16.25,1.32*B70A","PE1ANS,jijdaar,MH",229,18:38:44,54.79888983,4.30303267,9,6199.4,0,0,-16.25,1.32
"$$EDUPIC7,230,18:41:14,5448.26530,00419.65911,10,6162.6,0,0,-16,1.31*6236","PE1ANS,MH",230,18:41:14,54.80442167,4.32765183,10,6162.6,0,0,-16.0,1.31
"$$EDUPIC7,231,18:43:44,5448.59550,00421.16837,10,6148.5,0,0,-16.25,1.32*5EF4","PE1ANS,jijdaar,MH",231,18:43:44,54.809925,4.35280617,10,6148.5,0,0,-16.25,1.32
"$$EDUPIC7,232,18:46:14,5448.92089,00422.67084,09,6141.8,0,0,-16.25,1.32*7ACD","PE1ANS,jijdaar,MH",232,18:46:14,54.81534817,4.37784733,9,6141.8,0,0,-16.25,1.32
"$$EDUPIC7,233,18:48:44,5449.22359,00424.13134,09,6131.0,0,0,-16.5,1.32*5858","PE1ANS,MH",233,18:48:44,54.82039317,4.402189,9,6131.0,0,0,-16.5,1.32
"$$EDUPIC7,234,18:51:14,5449.51209,00425.52439,10,6162.8,0,0,-16.5,1.32*CAE2","PE1ANS,MH",234,18:51:14,54.8252015,4.4254065,10,6162.8,0,0,-16.5,1.32
"$$EDUPIC7,235,18:53:44,5449.78980,00426.89427,09,6181.1,0,0,-16.5,1.32*F13A","PE1ANS,MH",235,18:53:44,54.82983,4.44823783,9,6181.1,0,0,-16.5,1.32
"$$EDUPIC7,236,18:56:14,5450.06998,00428.23743,08,6169.2,0,0,-16.75,1.32*CC36","PE1ANS,MH",236,18:56:14,54.83449967,4.47062383,8,6169.2,0,0,-16.75,1.32
"$$EDUPIC7,237,18:58:44,5450.36275,00429.56870,10,6097.1,0,0,-16.75,1.31*3C7F","PE1ANS,MH",237,18:58:44,54.83937917,4.49281167,10,6097.1,0,0,-16.75,1.31
"$$EDUPIC7,238,19:01:14,5450.66660,00430.96893,11,6119.0,0,0,-16.25,1.31*B09F","PE1ANS,MH",238,19:01:14,54.84444333,4.51614883,11,6119.0,0,0,-16.25,1.31
"$$EDUPIC7,239,19:03:44,5450.96877,00432.38631,09,6185.8,0,0,-16.5,1.32*A845","PE1ANS,MH",239,19:03:44,54.8494795,4.53977183,9,6185.8,0,0,-16.5,1.32
"$$EDUPIC7,240,19:06:14,5451.24799,00433.75487,10,6192.6,0,0,-16.75,1.32*2FAD","PE1ANS,MH",240,19:06:14,54.85413317,4.56258117,10,6192.6,0,0,-16.75,1.32
"$$EDUPIC7,241,19:08:44,5451.53549,00435.05370,10,6127.8,0,0,-16.75,1.32*D077","PE1ANS,MH",241,19:08:44,54.85892483,4.58422833,10,6127.8,0,0,-16.75,1.32
"$$EDUPIC7,242,19:11:14,5451.83899,00436.39185,09,6119.9,0,0,-16.5,1.31*1CF7","PE1ANS,MH",242,19:11:14,54.86398317,4.60653083,9,6119.9,0,0,-16.5,1.31
"$$EDUPIC7,243,19:13:44,5452.14910,00437.80406,11,6141.2,0,0,-16.5,1.32*6AA0","PE1ANS,MH",243,19:13:44,54.86915167,4.63006767,11,6141.2,0,0,-16.5,1.32
"$$EDUPIC7,245,19:18:44,5452.75465,00440.55958,09,6152.4,0,0,-16.75,1.32*3016","PE1ANS,MH",245,19:18:44,54.87924417,4.675993,9,6152.4,0,0,-16.75,1.32
"$$EDUPIC7,246,19:21:14,5453.05512,00441.86875,08,6138.0,0,0,-16.75,1.31*19FA","PE1ANS,MH",246,19:21:14,54.884252,4.6978125,8,6138.0,0,0,-16.75,1.31
"$$EDUPIC7,247,19:23:44,5453.33916,00443.16436,08,6129.5,0,0,-16.75,1.32*A415","PE1ANS,MH",247,19:23:44,54.888986,4.719406,8,6129.5,0,0,-16.75,1.32
"$$EDUPIC7,248,19:26:14,5453.62204,00444.43236,08,6123.5,0,0,-16.75,1.32*AE81",MH,248,19:26:14,54.89370067,4.74053933,8,6123.5,0,0,-16.75,1.32
"$$EDUPIC7,249,19:28:44,5453.89657,00445.71941,10,6135.2,0,0,-16.5,1.32*7239","PE1ANS,MH",249,19:28:44,54.89827617,4.76199017,10,6135.2,0,0,-16.5,1.32
"$$EDUPIC7,250,19:31:14,5454.16564,00446.96750,10,6159.7,0,0,-16.5,1.31*9CA6","PE1ANS,MH",250,19:31:14,54.90276067,4.78279167,10,6159.7,0,0,-16.5,1.31
"$$EDUPIC7,253,19:38:44,5455.05875,00450.77896,09,6096.3,0,0,-16.5,1.32*3A10","PE1ANS,MH",253,19:38:44,54.91764583,4.846316,9,6096.3,0,0,-16.5,1.32
"$$EDUPIC7,254,19:41:14,5455.39516,00452.18348,09,6085.0,0,0,-16,1.32*A7D2",MH,254,19:41:14,54.92325267,4.86972467,9,6085.0,0,0,-16.0,1.32
"$$EDUPIC7,255,19:43:44,5455.72420,00453.63005,10,6185.9,0,0,-16.25,1.32*5449",MH,255,19:43:44,54.92873667,4.89383417,10,6185.9,0,0,-16.25,1.32
"$$EDUPIC7,256,19:46:14,5456.04796,00454.96442,10,6246.4,0,0,-16.5,1.32*8EC3",PE1ANS,256,19:46:14,54.93413267,4.91607367,10,6246.4,0,0,-16.5,1.32
"$$EDUPIC7,257,19:48:44,5456.36508,00456.19736,10,6177.3,0,0,-16.75,1.32*A0B1",PE1ANS,257,19:48:44,54.939418,4.93662267,10,6177.3,0,0,-16.75,1.32
"$$EDUPIC7,258,19:51:14,5456.67570,00457.44651,10,6080.5,0,0,-16.75,1.32*E442","PE1ANS,MH",258,19:51:14,54.944595,4.95744183,10,6080.5,0,0,-16.75,1.32
"$$EDUPIC7,259,19:53:44,5456.99503,00458.70407,10,6095.4,0,0,-16.25,1.32*A377","PE1ANS,MH",259,19:53:44,54.94991717,4.97840117,10,6095.4,0,0,-16.25,1.32
"$$EDUPIC7,260,19:56:14,5457.30611,00500.06150,09,6153.8,0,0,-16.5,1.32*B42B",PE1ANS,260,19:56:14,54.95510183,5.001025,9,6153.8,0,0,-16.5,1.32
"$$EDUPIC7,261,19:58:44,5457.60805,00501.40640,08,6198.9,0,0,-16.5,1.32*C3A0",PE1ANS,261,19:58:44,54.96013417,5.02344,8,6198.9,0,0,-16.5,1.32
"$$EDUPIC7,262,20:01:14,5457.89986,00502.65162,10,6214.2,0,0,-16.5,1.31*993D",PE1ANS,262,20:01:14,54.96499767,5.04419367,10,6214.2,0,0,-16.5,1.31
"$$EDUPIC7,263,20:03:44,5458.18841,00503.86170,08,6186.1,0,0,-16.75,1.32*81C0",PE1ANS,263,20:03:44,54.96980683,5.06436167,8,6186.1,0,0,-16.75,1.32
"$$EDUPIC7,264,20:06:14,5458.48488,00505.11168,08,6166.4,0,0,-17,1.32*2B4F",PE1ANS,264,20:06:14,54.974748,5.08519467,8,6166.4,0,0,-17.0,1.32
"$$EDUPIC7,265,20:08:44,5458.78748,00506.37692,07,6103.1,0,0,-17,1.32*99DA","PE1ANS,MH",265,20:08:44,54.97979133,5.106282,7,6103.1,0,0,-17.0,1.32
"$$EDUPIC7,266,20:11:14,5459.09869,00507.63829,07,6115.7,0,0,-16.75,1.32*723B","PE1ANS,MH",266,20:11:14,54.98497817,5.12730483,7,6115.7,0,0,-16.75,1.32
"$$EDUPIC7,268,20:16:14,5459.75295,00510.15574,09,6150.0,0,0,-16.75,1.31*F582",PE1ANS,268,20:16:14,54.9958825,5.16926233,9,6150.0,0,0,-16.75,1.31
"$$EDUPIC7,269,20:18:44,5500.06054,00511.43750,08,6163.0,0,0,-17,1.31*D745",PE1ANS,269,20:18:44,55.001009,5.190625,8,6163.0,0,0,-17.0,1.31
"$$EDUPIC7,270,20:21:14,5500.36774,00512.72839,08,6111.1,0,0,-17,1.31*21A6",PE1ANS,270,20:21:14,55.006129,5.21213983,8,6111.1,0,0,-17.0,1.31
"$$EDUPIC7,271,20:23:44,5500.66360,00514.00604,10,6130.9,0,0,-17,1.32*D6DA",PE1ANS,271,20:23:44,55.01106,5.233434,10,6130.9,0,0,-17.0,1.32
"$$EDUPIC7,272,20:26:14,5500.96057,00515.28578,08,6141.9,0,0,-17,1.32*B6CC","PE1ANS,MH",272,20:26:14,55.0160095,5.254763,8,6141.9,0,0,-17.0,1.32
"$$EDUPIC7,273,20:28:44,5501.25551,00516.53631,08,6130.8,0,0,-17,1.32*EE49","PE1ANS,MH",273,20:28:44,55.02092517,5.27560517,8,6130.8,0,0,-17.0,1.32
"$$EDUPIC7,274,20:31:14,5501.54971,00517.72877,08,6113.7,0,0,-16.75,1.3*8B02",PE1ANS,274,20:31:14,55.0258285,5.2954795,8,6113.7,0,0,-16.75,1.3
"$$EDUPIC7,275,20:33:44,5501.84186,00518.92058,09,6115.3,0,0,-16.75,1.31*E00E",PE1ANS,275,20:33:44,55.03069767,5.315343,9,6115.3,0,0,-16.75,1.31
"$$EDUPIC7,276,20:36:14,5502.13785,00520.15847,08,6119.7,0,0,-16.5,1.32*E55A",PE1ANS,276,20:36:14,55.03563083,5.3359745,8,6119.7,0,0,-16.5,1.32
"$$EDUPIC7,277,20:38:44,5502.46246,00521.40958,09,6119.3,0,0,-16.5,1.32*5D46",PE1ANS,277,20:38:44,55.041041,5.35682633,9,6119.3,0,0,-16.5,1.32
"$$EDUPIC7,278,20:41:14,5502.77829,00522.63699,09,6136.6,0,0,-16.5,1.32*F5FB","PE1ANS,MH",278,20:41:14,55.04630483,5.37728317,9,6136.6,0,0,-16.5,1.32
"$$EDUPIC7,279,20:43:44,5503.10360,00523.85977,09,6153.0,0,0,-16.5,1.32*DC44","PE1ANS,MH",279,20:43:44,55.05172667,5.39766283,9,6153.0,0,0,-16.5,1.32
"$$EDUPIC7,280,20:46:14,5503.43261,00525.07186,10,6175.0,0,0,-16.5,1.32*A30D","PE1ANS,MH",280,20:46:14,55.05721017,5.41786433,10,6175.0,0,0,-16.5,1.32
"$$EDUPIC7,281,20:48:44,5503.75222,00526.28000,10,6160.7,0,0,-16.75,1.31*F45D","PE1ANS,MH",281,20:48:44,55.062537,5.438,10,6160.7,0,0,-16.75,1.31
"$$EDUPIC7,282,20:51:14,5504.07956,00527.46974,11,6141.7,0,0,-16.75,1.31*43BA",MH,282,20:51:14,55.06799267,5.457829,11,6141.7,0,0,-16.75,1.31
"$$EDUPIC7,283,20:53:44,5504.41301,00528.64075,08,6133.9,0,0,-16.75,1.32*5BF9",MH,283,20:53:44,55.07355017,5.47734583,8,6133.9,0,0,-16.75,1.32
"$$EDUPIC7,284,20:56:14,5504.74412,00529.78835,09,6116.9,0,0,-16.5,1.32*8E45",MH,284,20:56:14,55.07906867,5.4964725,9,6116.9,0,0,-16.5,1.32
"$$EDUPIC7,285,20:58:44,5505.06858,00530.96132,08,6122.1,0,0,-16.75,1.32*5351",MH,285,20:58:44,55.08447633,5.516022,8,6122.1,0,0,-16.75,1.32
"$$EDUPIC7,286,21:01:14,5505.38577,00532.17706,08,6108.8,0,0,-16.25,1.31*FF42",MH,286,21:01:14,55.08976283,5.53628433,8,6108.8,0,0,-16.25,1.31
"$$EDUPIC7,287,21:03:44,5505.70336,00533.47190,07,6110.2,0,0,-16.5,1.31*7564",MH,287,21:03:44,55.095056,5.557865,7,6110.2,0,0,-16.5,1.31
"$$EDUPIC7,290,21:11:14,5506.68229,00537.50360,07,6153.6,0,0,-16.25,1.31*24BC",MH,290,21:11:14,55.1113715,5.62506,7,6153.6,0,0,-16.25,1.31
"$$EDUPIC7,291,21:13:44,5506.99270,00538.82744,08,6121.6,0,0,-16.25,1.32*D76E",MH,291,21:13:44,55.116545,5.647124,8,6121.6,0,0,-16.25,1.32
"$$EDUPIC7,292,21:16:14,5507.30591,00540.14104,09,6107.3,0,0,-16.25,1.32*4ED2",MH,292,21:16:14,55.12176517,5.66901733,9,6107.3,0,0,-16.25,1.32
"$$EDUPIC7,293,21:18:44,5507.61934,00541.44694,08,6105.8,0,0,-16.25,1.31*5339",MH,293,21:18:44,55.126989,5.69078233,8,6105.8,0,0,-16.25,1.31
"$$EDUPIC7,294,21:21:14,5507.95249,00542.76839,08,6144.2,0,0,-16.25,1.32*87CF",MH,294,21:21:14,55.1325415,5.7128065,8,6144.2,0,0,-16.25,1.32
"$$EDUPIC7,295,21:23:44,5508.27260,00544.11400,08,6177.6,0,0,-16.5,1.32*D79C",MH,295,21:23:44,55.13787667,5.73523333,8,6177.6,0,0,-16.5,1.32
"$$EDUPIC7,296,21:26:14,5508.60503,00545.40222,08,6159.0,0,0,-16.5,1.31*41F2",MH,296,21:26:14,55.14341717,5.75670367,8,6159.0,0,0,-16.5,1.31
"$$EDUPIC7,297,21:28:44,5508.95061,00546.66007,08,6130.6,0,0,-16.5,1.32*EB54",MH,297,21:28:44,55.14917683,5.77766783,8,6130.6,0,0,-16.5,1.32
"$$EDUPIC7,298,21:31:14,5509.27403,00547.91479,08,6134.7,0,0,-16.25,1.31*36C8",MH,298,21:31:14,55.15456717,5.79857983,8,6134.7,0,0,-16.25,1.31
"$$EDUPIC7,299,21:33:44,5509.59743,00549.17287,08,6152.7,0,0,-16.25,1.31*1EB6",MH,299,21:33:44,55.15995717,5.81954783,8,6152.7,0,0,-16.25,1.31
"$$EDUPIC7,300,21:36:14,5509.92952,00550.39762,08,6152.2,0,0,-16.5,1.31*F5BF",MH,300,21:36:14,55.165492,5.83996033,8,6152.2,0,0,-16.5,1.31
"$$EDUPIC7,301,21:38:44,5510.27302,00551.59475,09,6135.4,0,0,-16.5,1.31*8513",MH,301,21:38:44,55.171217,5.8599125,9,6135.4,0,0,-16.5,1.31
"$$EDUPIC7,302,21:41:14,5510.61753,00552.78682,10,6113.5,0,0,-16.5,1.31*9824",MH,302,21:41:14,55.17695883,5.87978033,10,6113.5,0,0,-16.5,1.31
"$$EDUPIC7,303,21:43:44,5510.94399,00553.99688,09,6132.5,0,0,-16.25,1.31*CEDB",MH,303,21:43:44,55.18239983,5.899948,9,6132.5,0,0,-16.25,1.31
"$$EDUPIC7,304,21:46:14,5511.24651,00555.18753,08,6114.6,0,0,-16.25,1.32*F47A",MH,304,21:46:14,55.18744183,5.91979217,8,6114.6,0,0,-16.25,1.32
"$$EDUPIC7,305,21:48:44,5511.55043,00556.32486,08,6121.8,0,0,-16.25,1.31*F788",MH,305,21:48:44,55.19250717,5.93874767,8,6121.8,0,0,-16.25,1.31
"$$EDUPIC7,306,21:51:14,5511.85570,00557.40082,09,6139.1,0,0,-16.25,1.32*70A9",MH,306,21:51:14,55.197595,5.95668033,9,6139.1,0,0,-16.25,1.32
"$$EDUPIC7,307,21:53:44,5512.16531,00558.44510,07,6136.2,0,0,-16.25,1.31*19BC",MH,307,21:53:44,55.20275517,5.974085,7,6136.2,0,0,-16.25,1.31
"$$EDUPIC7,308,21:56:14,5512.47393,00559.47583,07,6134.7,0,0,-16.25,1.31*8B7E",MH,308,21:56:14,55.20789883,5.99126383,7,6134.7,0,0,-16.25,1.31
"$$EDUPIC7,309,21:58:44,5512.80362,00600.51472,08,6098.0,0,0,-16.25,1.32*84C4",MH,309,21:58:44,55.21339367,6.00857867,8,6098.0,0,0,-16.25,1.32
"$$EDUPIC7,310,22:01:14,5513.12936,00601.62064,08,6087.5,0,0,-16,1.31*CDF2",MH,310,22:01:14,55.21882267,6.02701067,8,6087.5,0,0,-16.0,1.31
"$$EDUPIC7,311,22:03:44,5513.44926,00602.76231,08,6094.8,0,0,-16,1.31*81BB",MH,311,22:03:44,55.22415433,6.0460385,8,6094.8,0,0,-16.0,1.31
"$$EDUPIC7,313,22:08:44,5514.07624,00605.03579,08,6167.7,0,0,-16,1.32*B258",MH,313,22:08:44,55.234604,6.08392983,8,6167.7,0,0,-16.0,1.32
"$$EDUPIC7,314,22:11:14,5514.39241,00606.15133,07,6155.7,0,0,-16,1.31*A35E",MH,314,22:11:14,55.2398735,6.10252217,7,6155.7,0,0,-16.0,1.31
"$$EDUPIC7,315,22:13:44,5514.70498,00607.26217,08,6085.4,0,0,-16,1.31*7661",MH,315,22:13:44,55.245083,6.12103617,8,6085.4,0,0,-16.0,1.31
"$$EDUPIC7,316,22:16:14,5515.02310,00608.36558,07,6068.9,0,0,-15.75,1.31*3128",MH,316,22:16:14,55.250385,6.13942633,7,6068.9,0,0,-15.75,1.31
"$$EDUPIC7,317,22:18:44,5515.33314,00609.46110,08,6086.9,0,0,-15.75,1.32*A987",MH,317,22:18:44,55.25555233,6.157685,8,6086.9,0,0,-15.75,1.32
"$$EDUPIC7,320,22:26:14,5516.30470,00612.83372,09,6182.4,0,0,-16.25,1.31*3A72",MH,320,22:26:14,55.271745,6.21389533,9,6182.4,0,0,-16.25,1.31
"$$EDUPIC7,321,22:28:44,5516.64834,00613.96823,07,6128.0,0,0,-16.25,1.32*B2E3",MH,321,22:28:44,55.27747233,6.23280383,7,6128.0,0,0,-16.25,1.32
"$$EDUPIC7,323,22:33:44,5517.32162,00616.29246,08,6083.4,0,0,-16,1.31*C533",MH,323,22:33:44,55.28869367,6.271541,8,6083.4,0,0,-16.0,1.31
"$$EDUPIC7,324,22:36:14,5517.62550,00617.43456,07,6149.1,0,0,-16,1.31*48B4",MH,324,22:36:14,55.29375833,6.290576,7,6149.1,0,0,-16.0,1.31
"$$EDUPIC7,325,22:38:44,5517.95517,00618.53259,08,6203.1,0,0,-16.25,1.31*9C6A",MH,325,22:38:44,55.29925283,6.3088765,8,6203.1,0,0,-16.25,1.31
"$$EDUPIC7,326,22:41:14,5518.28269,00619.62907,07,6158.7,0,0,-16.5,1.3*AE2E",MH,326,22:41:14,55.3047115,6.32715117,7,6158.7,0,0,-16.5,1.3
"$$EDUPIC7,327,22:43:44,5518.60751,00620.73809,08,6095.7,0,0,-16.5,1.31*ACE6",MH,327,22:43:44,55.31012517,6.34563483,8,6095.7,0,0,-16.5,1.31
"$$EDUPIC7,328,22:46:14,5518.94824,00621.90338,06,6027.3,0,0,-16.25,1.31*6EC8",MH,328,22:46:14,55.315804,6.36505633,6,6027.3,0,0,-16.25,1.31
"$$EDUPIC7,329,22:48:44,5519.29167,00623.14627,06,6076.1,0,0,-16,1.31*8696",MH,329,22:48:44,55.32152783,6.38577117,6,6076.1,0,0,-16.0,1.31
"$$EDUPIC7,330,22:51:14,5519.62188,00624.46669,08,6147.5,0,0,-16.25,1.31*4C0C",MH,330,22:51:14,55.32703133,6.40777817,8,6147.5,0,0,-16.25,1.31
"$$EDUPIC7,331,22:53:44,5519.98737,00625.77111,07,6167.4,0,0,-16.5,1.31*C2B6",MH,331,22:53:44,55.33312283,6.4295185,7,6167.4,0,0,-16.5,1.31
"$$EDUPIC7,332,22:56:14,5520.35376,00627.08997,06,6102.5,0,0,-16.75,1.31*33D3",MH,332,22:56:14,55.33922933,6.4514995,6,6102.5,0,0,-16.75,1.31
"$$EDUPIC7,333,22:58:44,5520.72449,00628.36336,07,6055.5,0,0,-16.75,1.31*CDD4",MH,333,22:58:44,55.34540817,6.47272267,7,6055.5,0,0,-16.75,1.31
"$$EDUPIC7,334,23:01:14,5521.09100,00629.59422,07,6096.3,0,0,-16.5,1.3*FAA2",MH,334,23:01:14,55.35151667,6.493237,7,6096.3,0,0,-16.5,1.3
"$$EDUPIC7,335,23:03:44,5521.45842,00630.80181,07,6116.1,0,0,-16.75,1.3*72AF",MH,335,23:03:44,55.35764033,6.5133635,7,6116.1,0,0,-16.75,1.3
"$$EDUPIC7,336,23:06:14,5521.82931,00631.97933,07,6139.5,0,0,-16.75,1.31*1394",MH,336,23:06:14,55.36382183,6.53298883,7,6139.5,0,0,-16.75,1.31
"$$EDUPIC7,337,23:08:44,5522.20647,00633.15287,08,6130.2,0,0,-17,1.3*AAED",MH,337,23:08:44,55.37010783,6.55254783,8,6130.2,0,0,-17.0,1.3
"$$EDUPIC7,338,23:11:14,5522.61872,00634.33344,06,6095.6,0,0,-17,1.3*7D7D",MH,338,23:11:14,55.37697867,6.572224,6,6095.6,0,0,-17.0,1.3
"$$EDUPIC7,339,23:13:44,5523.03221,00635.51680,07,6093.7,0,0,-16.75,1.3*D158",MH,339,23:13:44,55.38387017,6.59194667,7,6093.7,0,0,-16.75,1.3
"$$EDUPIC7,340,23:16:14,5523.42619,00636.68437,07,6093.4,0,0,-17,1.3*2AA9",MH,340,23:16:14,55.3904365,6.61140617,7,6093.4,0,0,-17.0,1.3
"$$EDUPIC7,341,23:18:44,5523.82800,00637.85926,07,6072.3,0,0,-17,1.3*71E7",MH,341,23:18:44,55.39713333,6.63098767,7,6072.3,0,0,-17.0,1.3
"$$EDUPIC7,342,23:21:14,5524.23280,00639.03155,08,6086.8,0,0,-17,1.3*B143",MH,342,23:21:14,55.40388,6.65052583,8,6086.8,0,0,-17.0,1.3
"$$EDUPIC7,343,23:23:44,5524.60921,00640.19591,06,6083.4,0,0,-17,1.3*B948",MH,343,23:23:44,55.4101535,6.66993183,6,6083.4,0,0,-17.0,1.3
"$$EDUPIC7,344,23:26:14,5524.99515,00641.42435,07,6064.1,0,0,-17,1.3*FC5C",MH,344,23:26:14,55.41658583,6.69040583,7,6064.1,0,0,-17.0,1.3
"$$EDUPIC7,346,23:31:14,5525.80021,00644.05442,06,6068.4,0,0,-16.75,1.3*EA6C",MH,346,23:31:14,55.4300035,6.73424033,6,6068.4,0,0,-16.75,1.3
"$$EDUPIC7,347,23:33:44,5526.20694,00645.38342,07,6085.1,0,0,-17,1.3*7691",MH,347,23:33:44,55.43678233,6.75639033,7,6085.1,0,0,-17.0,1.3
"$$EDUPIC7,348,23:36:14,5526.62189,00646.70033,06,6075.7,0,0,-17,1.3*F948",MH,348,23:36:14,55.44369817,6.77833883,6,6075.7,0,0,-17.0,1.3
"$$EDUPIC7,349,23:38:44,5527.05715,00648.02299,06,6064.5,0,0,-17,1.3*C98F",MH,349,23:38:44,55.4509525,6.80038317,6,6064.5,0,0,-17.0,1.3
"$$EDUPIC7,350,23:41:14,5527.50383,00649.33196,06,6047.1,0,0,-17,1.3*354B",MH,350,23:41:14,55.45839717,6.82219933,6,6047.1,0,0,-17.0,1.3
"$$EDUPIC7,351,23:43:44,5527.93248,00650.60237,07,6092.7,0,0,-17,1.3*E866",MH,351,23:43:44,55.46554133,6.84337283,7,6092.7,0,0,-17.0,1.3
"$$EDUPIC7,352,23:46:14,5528.31138,00651.83508,07,6107.2,0,0,-17,1.3*7529",MH,352,23:46:14,55.47185633,6.863918,7,6107.2,0,0,-17.0,1.3
"$$EDUPIC7,354,23:51:14,5529.17937,00654.29850,09,6113.4,0,0,-17.25,1.3*E42A",MH,354,23:51:14,55.48632283,6.904975,9,6113.4,0,0,-17.25,1.3
"$$EDUPIC7,355,23:53:44,5529.64141,00655.55033,08,6074.3,0,0,-17.25,1.3*1933",MH,355,23:53:44,55.4940235,6.92583883,8,6074.3,0,0,-17.25,1.3
"$$EDUPIC7,357,23:58:44,5530.55258,00658.03791,06,6103.3,0,0,-17.25,1.29*FDE9",MH,357,23:58:44,55.50920967,6.9672985,6,6103.3,0,0,-17.25,1.29
