_sentence,_receivers,sentence_id,time,latitude,longitude,altitude,satellites,battery,temperature_internal
"$$FALCON,40,13:52:31,+50.821541,+4.428860,3730,10,4.40,23.5*B090",PD5TON,40,13:52:31,50.821541,4.42886,3730,10,4.4,23.5
"$$FALCON,43,13:53:17,+50.826672,+4.436520,4068,10,4.39,23.0*04D6","PE1ANS,PD5TON",43,13:53:17,50.826672,4.43652,4068,10,4.39,23.0
"$$FALCON,44,13:53:32,+50.828732,+4.439450,4172,10,4.40,23.0*DC1F",PE1ANS,44,13:53:32,50.828732,4.43945,4172,10,4.4,23.0
"$$FALCON,45,13:53:46,+50.830761,+4.442360,4283,10,4.39,22.5*D4CE","PE1ANS,PD5TON",45,13:53:46,50.830761,4.44236,4283,10,4.39,22.5
"$$FALCON,46,13:54:01,+50.833061,+4.445300,4395,10,4.40,22.5*EDC4","PE1ANS,PD5TON",46,13:54:01,50.833061,4.4453,4395,10,4.4,22.5
"$$FALCON,47,13:54:16,+50.835522,+4.448410,4498,10,4.39,22.5*C9EC","PE1ANS,PD5TON",47,13:54:16,50.835522,4.44841,4498,10,4.39,22.5
"$$FALCON,48,13:54:31,+50.837849,+4.451290,4608,10,4.40,22.0*9294",PD5TON,48,13:54:31,50.837849,4.45129,4608,10,4.4,22.0
"$$FALCON,49,13:54:46,+50.840260,+4.454090,4705,10,4.38,22.0*1BE0","PE1ANS,PD5TON",49,13:54:46,50.84026,4.45409,4705,10,4.38,22.0
"$$FALCON,50,13:55:02,+50.842461,+4.457210,4824,10,4.40,21.5*987E","PE1ANS,PD5TON",50,13:55:02,50.842461,4.45721,4824,10,4.4,21.5
"$$FALCON,51,13:55:17,+50.844292,+4.460000,4925,10,4.39,21.5*EE8A","PE1ANS,PD5TON",51,13:55:17,50.844292,4.46,4925,10,4.39,21.5
"$$FALCON,52,13:55:31,+50.846008,+4.462560,5031,10,4.38,21.5*8DB3","PE1ANS,PD5TON",52,13:55:31,50.846008,4.46256,5031,10,4.38,21.5
"$$FALCON,53,13:55:46,+50.847820,+4.465590,5139,10,4.39,21.0*7C8A","PE1ANS,PD5TON",53,13:55:46,50.84782,4.46559,5139,10,4.39,21.0
"$$FALCON,55,13:56:16,+50.851650,+4.471830,5354,10,4.38,20.5*E756",PE1ANS,55,13:56:16,50.85165,4.47183,5354,10,4.38,20.5
"$$FALCON,56,13:56:31,+50.853870,+4.474920,5455,10,4.37,20.5*81CE",PE1ANS,56,13:56:31,50.85387,4.47492,5455,10,4.37,20.5
"$$FALCON,58,13:57:02,+50.858181,+4.482870,5666,10,4.39,20.0*AB92",PE1ANS,58,13:57:02,50.858181,4.48287,5666,10,4.39,20.0
"$$FALCON,59,13:57:16,+50.860371,+4.486650,5773,10,4.37,19.5*B974",PE1ANS,59,13:57:16,50.860371,4.48665,5773,10,4.37,19.5
"$$FALCON,60,13:57:31,+50.862919,+4.490850,5880,10,4.39,19.5*2E44",PE1ANS,60,13:57:31,50.862919,4.49085,5880,10,4.39,19.5
"$$FALCON,61,13:57:46,+50.865700,+4.495170,5979,10,4.39,19.0*197F",PE1ANS,61,13:57:46,50.8657,4.49517,5979,10,4.39,19.0
"$$FALCON,62,13:58:01,+50.868351,+4.499550,6084,10,4.37,19.0*09A2",PE1ANS,62,13:58:01,50.868351,4.49955,6084,10,4.37,19.0
"$$FALCON,63,13:58:15,+50.871021,+4.503070,6183,10,4.37,18.5*AC86",PE1ANS,63,13:58:15,50.871021,4.50307,6183,10,4.37,18.5
"$$FALCON,64,13:58:30,+50.873680,+4.506960,6289,10,4.37,18.5*B718",PE1ANS,64,13:58:30,50.87368,4.50696,6289,10,4.37,18.5
"$$FALCON,66,13:59:01,+50.879570,+4.514860,6515,10,4.36,17.5*D8EB","PE1ANS,PD5TON",66,13:59:01,50.87957,4.51486,6515,10,4.36,17.5
"$$FALCON,67,13:59:16,+50.882381,+4.518690,6634,10,4.37,17.5*1D3B","PE1ANS,PD5TON",67,13:59:16,50.882381,4.51869,6634,10,4.37,17.5
"$$FALCON,68,13:59:31,+50.885391,+4.522210,6750,10,4.38,17.0*1D92","PE1ANS,PD5TON",68,13:59:31,50.885391,4.52221,6750,10,4.38,17.0
"$$FALCON,69,13:59:46,+50.888500,+4.525970,6856,10,4.37,17.0*CA22","PE1ANS,PD5TON",69,13:59:46,50.8885,4.52597,6856,10,4.37,17.0
"$$FALCON,70,14:00:00,+50.891472,+4.529750,6968,10,4.36,16.5*0068",PD5TON,70,14:00:00,50.891472,4.52975,6968,10,4.36,16.5
"$$FALCON,72,14:00:30,+50.897770,+4.537430,7195,10,4.37,16.0*B555",PE1ANS,72,14:00:30,50.89777,4.53743,7195,10,4.37,16.0
"$$FALCON,74,14:01:01,+50.903912,+4.546540,7434,10,4.35,15.5*5F8A",PE1ANS,74,14:01:01,50.903912,4.54654,7434,10,4.35,15.5
"$$FALCON,75,14:01:16,+50.906601,+4.550720,7531,10,4.35,15.0*1DF3",PE1ANS,75,14:01:16,50.906601,4.55072,7531,10,4.35,15.0
"$$FALCON,76,14:01:30,+50.909302,+4.554720,7644,10,4.36,14.5*176A",PE1ANS,76,14:01:30,50.909302,4.55472,7644,10,4.36,14.5
"$$FALCON,77,14:01:45,+50.912010,+4.558840,7760,10,4.36,14.5*B8B0",PE1ANS,77,14:01:45,50.91201,4.55884,7760,10,4.36,14.5
"$$FALCON,78,14:02:00,+50.915279,+4.563500,7865,10,4.36,14.0*F9C8",PE1ANS,78,14:02:00,50.915279,4.5635,7865,10,4.36,14.0
"$$FALCON,79,14:02:15,+50.918350,+4.568140,7971,10,4.36,14.0*67F1",PE1ANS,79,14:02:15,50.91835,4.56814,7971,10,4.36,14.0
"$$FALCON,80,14:02:29,+50.921268,+4.572710,8085,10,4.32,13.5*6E94",PE1ANS,80,14:02:29,50.921268,4.57271,8085,10,4.32,13.5
"$$FALCON,82,14:03:00,+50.927219,+4.581510,8312,10,4.35,13.0*5BE3",PE1ANS,82,14:03:00,50.927219,4.58151,8312,10,4.35,13.0
"$$FALCON,83,14:03:15,+50.930019,+4.585890,8423,10,4.35,12.5*D5E1",PE1ANS,83,14:03:15,50.930019,4.58589,8423,10,4.35,12.5
"$$FALCON,85,14:03:45,+50.936039,+4.595090,8645,10,4.35,12.0*A3CE",PE1ANS,85,14:03:45,50.936039,4.59509,8645,10,4.35,12.0
"$$FALCON,86,14:04:00,+50.938950,+4.599090,8768,10,4.35,12.0*04A0",PE1ANS,86,14:04:00,50.93895,4.59909,8768,10,4.35,12.0
"$$FALCON,87,14:04:14,+50.941601,+4.603170,8878,10,4.33,11.5*F850",PE1ANS,87,14:04:14,50.941601,4.60317,8878,10,4.33,11.5
"$$FALCON,88,14:04:29,+50.944771,+4.607890,8989,10,4.34,11.0*CDB1",PE1ANS,88,14:04:29,50.944771,4.60789,8989,10,4.34,11.0
"$$FALCON,90,14:05:00,+50.951370,+4.616860,9187,10,4.34,10.5*7664",PE1ANS,90,14:05:00,50.95137,4.61686,9187,10,4.34,10.5
"$$FALCON,91,14:05:15,+50.954659,+4.621590,9293,10,4.34,10.5*F5B3",PE1ANS,91,14:05:15,50.954659,4.62159,9293,10,4.34,10.5
"$$FALCON,92,14:05:30,+50.957500,+4.626480,9400,10,4.33,10.0*C963",PE1ANS,92,14:05:30,50.9575,4.62648,9400,10,4.33,10.0
"$$FALCON,93,14:05:45,+50.960419,+4.630910,9515,10,4.33,9.5*4A23",PE1ANS,93,14:05:45,50.960419,4.63091,9515,10,4.33,9.5
"$$FALCON,94,14:05:59,+50.963112,+4.634890,9619,10,4.32,9.5*DC0A",PE1ANS,94,14:05:59,50.963112,4.63489,9619,10,4.32,9.5
"$$FALCON,95,14:06:14,+50.966129,+4.638970,9715,10,4.31,9.0*47FA",PE1ANS,95,14:06:14,50.966129,4.63897,9715,10,4.31,9.0
"$$FALCON,96,14:06:28,+50.968590,+4.642270,9804,10,4.31,9.0*F42E",PE1ANS,96,14:06:28,50.96859,4.64227,9804,10,4.31,9.0
"$$FALCON,98,14:06:59,+50.974270,+4.652520,10020,10,4.31,8.0*E1B8",PE1ANS,98,14:06:59,50.97427,4.65252,10020,10,4.31,8.0
"$$FALCON,99,14:07:14,+50.976250,+4.657420,10106,10,4.31,8.0*FC8C",PE1ANS,99,14:07:14,50.97625,4.65742,10106,10,4.31,8.0
"$$FALCON,100,14:07:29,+50.977791,+4.661650,10190,10,4.32,7.5*615C",PE1ANS,100,14:07:29,50.977791,4.66165,10190,10,4.32,7.5
"$$FALCON,101,14:07:44,+50.979488,+4.665760,10293,10,4.30,7.5*FA59",PE1ANS,101,14:07:44,50.979488,4.66576,10293,10,4.3,7.5
"$$FALCON,102,14:07:59,+50.981239,+4.670050,10401,10,4.31,7.0*D8FB",PE1ANS,102,14:07:59,50.981239,4.67005,10401,10,4.31,7.0
"$$FALCON,105,14:08:44,+50.986858,+4.682540,10702,10,4.31,6.5*23E8",PE1ANS,105,14:08:44,50.986858,4.68254,10702,10,4.31,6.5
"$$FALCON,106,14:09:00,+50.988571,+4.687630,10798,10,4.31,6.0*259D",PE1ANS,106,14:09:00,50.988571,4.68763,10798,10,4.31,6.0
"$$FALCON,110,14:10:00,+50.997589,+4.705660,11177,10,4.30,5.0*034D",PE2BZ-1,110,14:10:00,50.997589,4.70566,11177,10,4.3,5.0
"$$FALCON,112,14:10:30,+51.003170,+4.713830,11359,10,4.29,4.5*4678",PE2BZ-1,112,14:10:30,51.00317,4.71383,11359,10,4.29,4.5
"$$FALCON,114,14:11:02,+51.010151,+4.722550,11564,10,4.29,4.0*41C2",PE2BZ-1,114,14:11:02,51.010151,4.72255,11564,10,4.29,4.0
"$$FALCON,116,14:11:32,+51.016880,+4.730360,11746,10,4.28,3.5*6DA6",PE2BZ-1,116,14:11:32,51.01688,4.73036,11746,10,4.28,3.5
"$$FALCON,117,14:11:47,+51.020561,+4.734590,11828,10,4.28,3.5*58EA",PE2BZ-1,117,14:11:47,51.020561,4.73459,11828,10,4.28,3.5
"$$FALCON,118,14:12:02,+51.024200,+4.739310,11911,10,4.28,3.5*4889",PE2BZ-1,118,14:12:02,51.0242,4.73931,11911,10,4.28,3.5
"$$FALCON,121,14:12:47,+51.034359,+4.755350,12171,10,4.28,3.0*033F",PE2BZ-1,121,14:12:47,51.034359,4.75535,12171,10,4.28,3.0
"$$FALCON,123,14:13:18,+51.040321,+4.766520,12319,10,4.27,2.5*FAD1",PE2BZ-1,123,14:13:18,51.040321,4.76652,12319,10,4.27,2.5
"$$FALCON,120,14:12:32,+51.031319,+4.750000,12085,10,4.28,3.0*BF2D",PE2BZ,120,14:12:32,51.031319,4.75,12085,10,4.28,3.0
"$$FALCON,122,14:13:03,+51.037430,+4.761200,12249,9,4.26,2.5*1376",PE2BZ,122,14:13:03,51.03743,4.7612,12249,9,4.26,2.5
"$$FALCON,127,14:14:18,+51.050831,+4.785350,12635,10,4.27,2.0*3438",PE2BZ-1,127,14:14:18,51.050831,4.78535,12635,10,4.27,2.0
"$$FALCON,128,14:14:33,+51.052971,+4.789900,12705,10,4.26,2.0*35F8","PE2BZ,PE2BZ-1",128,14:14:33,51.052971,4.7899,12705,10,4.26,2.0
"$$FALCON,131,14:15:20,+51.060242,+4.803250,12933,11,4.26,1.5*2AC1","PE2BZ,G8KNN-1,PE1ANS,PE2BZ-1",131,14:15:20,51.060242,4.80325,12933,11,4.26,1.5
"$$FALCON,130,14:15:05,+51.057659,+4.799100,12862,11,4.26,2.0*5179",PE2BZ,130,14:15:05,51.057659,4.7991,12862,11,4.26,2.0
"$$FALCON,132,14:15:35,+51.062691,+4.807300,13003,11,4.25,1.5*3C25","PE1ANS,G8KNN-1,PE2BZ",132,14:15:35,51.062691,4.8073,13003,11,4.25,1.5
"$$FALCON,133,14:15:50,+51.065159,+4.811350,13076,11,4.25,1.5*1264","PE2BZ,PE1ANS,G8KNN",133,14:15:50,51.065159,4.81135,13076,11,4.25,1.5
"$$FALCON,134,14:16:05,+51.067612,+4.815450,13152,11,4.25,1.5*B912","PE2BZ,PE1ANS,G8KNN",134,14:16:05,51.067612,4.81545,13152,11,4.25,1.5
"$$FALCON,135,14:16:20,+51.070141,+4.819860,13226,11,4.23,1.5*F0CA","PE1ANS,PE2BZ,G8KNN",135,14:16:20,51.070141,4.81986,13226,11,4.23,1.5
"$$FALCON,136,14:16:35,+51.072571,+4.824170,13306,11,4.25,1.5*CB14","PE2BZ,PE1ANS",136,14:16:35,51.072571,4.82417,13306,11,4.25,1.5
"$$FALCON,137,14:16:50,+51.074860,+4.827940,13382,11,4.23,1.5*2DC3","PE1ANS,G8DHE,G8KNN",137,14:16:50,51.07486,4.82794,13382,11,4.23,1.5
"$$FALCON,138,14:17:06,+51.077209,+4.831670,13465,11,4.23,1.0*A6C2","PE2BZ,PE1ANS,G8DHE,G8KNN",138,14:17:06,51.077209,4.83167,13465,11,4.23,1.0
"$$FALCON,139,14:17:21,+51.079510,+4.834740,13544,11,4.24,1.0*511F","PE2BZ,PE1ANS,G8KNN",139,14:17:21,51.07951,4.83474,13544,11,4.24,1.0
"$$FALCON,140,14:17:36,+51.081951,+4.837600,13625,11,4.24,1.0*89C0","PE1ANS,G8KNN",140,14:17:36,51.081951,4.8376,13625,11,4.24,1.0
"$$FALCON,141,14:17:51,+51.084591,+4.840660,13702,11,4.23,1.0*2419","PE2BZ,PE1ANS,G8DHE,G8KNN,PE2BZ-1",141,14:17:51,51.084591,4.84066,13702,11,4.23,1.0
"$$FALCON,142,14:18:06,+51.087269,+4.843870,13783,11,4.24,1.0*E82F","PE2BZ,PE1ANS,G8KNN",142,14:18:06,51.087269,4.84387,13783,11,4.24,1.0
"$$FALCON,143,14:18:21,+51.089569,+4.847310,13867,11,4.24,1.0*2B3A","PE2BZ,PE1ANS,G8KNN,PE2BZ-1",143,14:18:21,51.089569,4.84731,13867,11,4.24,1.0
"$$FALCON,144,14:18:36,+51.091492,+4.850850,13948,11,4.24,1.0*CA8A","PE2BZ,PE1ANS,G8DHE,G8KNN,PE2BZ-1",144,14:18:36,51.091492,4.85085,13948,11,4.24,1.0
"$$FALCON,146,14:19:08,+51.095959,+4.857590,14112,11,4.23,1.0*31E6","PE2BZ,PE1ANS,G8KNN",146,14:19:08,51.095959,4.85759,14112,11,4.23,1.0
"$$FALCON,147,14:19:23,+51.097931,+4.860890,14186,11,4.23,1.0*EED8",G8DHE,147,14:19:23,51.097931,4.86089,14186,11,4.23,1.0
"$$FALCON,148,14:19:38,+51.099899,+4.864100,14261,11,4.22,1.0*91AC","PE1ANS,PE2BZ-1,G8DHE,G8KNN,PD5TON",148,14:19:38,51.099899,4.8641,14261,11,4.22,1.0
"$$FALCON,149,14:19:53,+51.102020,+4.867400,14333,11,4.23,1.0*FF6A","PE1ANS,PE2BZ-1,G8DHE,PD5TON",149,14:19:53,51.10202,4.8674,14333,11,4.23,1.0
"$$FALCON,150,14:20:08,+51.104111,+4.870670,14404,11,4.23,1.0*AAC9","PE1ANS,PE2BZ,G8DHE,PE2BZ-1",150,14:20:08,51.104111,4.87067,14404,11,4.23,1.0
"$$FALCON,151,14:20:23,+51.105930,+4.873960,14477,11,4.23,1.0*209A","PE1ANS,PE2BZ-1,G8DHE,PD5TON",151,14:20:23,51.10593,4.87396,14477,11,4.23,1.0
"$$FALCON,152,14:20:38,+51.107620,+4.877220,14547,11,4.21,1.0*CE02","PE1ANS,G8DHE,PD5TON",152,14:20:38,51.10762,4.87722,14547,11,4.21,1.0
"$$FALCON,153,14:20:53,+51.109379,+4.880570,14617,11,4.21,1.0*CB09","PE1ANS,PE2BZ-1",153,14:20:53,51.109379,4.88057,14617,11,4.21,1.0
"$$FALCON,154,14:21:10,+51.111511,+4.884460,14693,11,4.20,0.5*957B","PE1ANS,G8DHE,G8KNN",154,14:21:10,51.111511,4.88446,14693,11,4.2,0.5
"$$FALCON,155,14:21:25,+51.113602,+4.887990,14762,11,4.22,0.5*6709","PE1ANS,PE2BZ-1,G8KNN",155,14:21:25,51.113602,4.88799,14762,11,4.22,0.5
"$$FALCON,156,14:21:40,+51.115822,+4.891600,14836,11,4.22,0.5*0D9F","PE1ANS,G8KNN",156,14:21:40,51.115822,4.8916,14836,11,4.22,0.5
"$$FALCON,157,14:21:55,+51.118061,+4.894890,14911,11,4.22,0.5*7D5F","PE1ANS,PE2BZ-1,G8KNN",157,14:21:55,51.118061,4.89489,14911,11,4.22,0.5
"$$FALCON,158,14:22:10,+51.120190,+4.897690,14987,11,4.22,0.5*03DA","PE2BZ,PE1ANS,G8KNN,PE2BZ-1",158,14:22:10,51.12019,4.89769,14987,11,4.22,0.5
"$$FALCON,159,14:22:25,+51.122280,+4.900360,15066,11,4.20,1.0*4132","PE1ANS,PE2BZ-1,G8KNN",159,14:22:25,51.12228,4.90036,15066,11,4.2,1.0
"$$FALCON,160,14:22:40,+51.124352,+4.903220,15146,11,4.22,1.0*C338","PE1ANS,G8KNN",160,14:22:40,51.124352,4.90322,15146,11,4.22,1.0
"$$FALCON,162,14:23:11,+51.128651,+4.909720,15318,10,4.22,1.0*4965","PE1ANS,G8KNN",162,14:23:11,51.128651,4.90972,15318,10,4.22,1.0
"$$FALCON,163,14:23:26,+51.130600,+4.913700,15402,11,4.22,1.0*5844","PE2BZ,PE1ANS,G8KNN",163,14:23:26,51.1306,4.9137,15402,11,4.22,1.0
"$$FALCON,164,14:23:41,+51.132462,+4.917650,15484,11,4.21,1.0*334C","PE2BZ,PE1ANS,G8KNN,PD5TON",164,14:23:41,51.132462,4.91765,15484,11,4.21,1.0
"$$FALCON,165,14:23:56,+51.134178,+4.921380,15563,11,4.20,1.0*D067","PE1ANS,PE2BZ,G8KNN,PD5TON",165,14:23:56,51.134178,4.92138,15563,11,4.2,1.0
"$$FALCON,166,14:24:11,+51.135899,+4.924910,15643,11,4.21,1.0*89E0","PE2BZ,PE1ANS,G8DHE,G8KNN,PD5TON",166,14:24:11,51.135899,4.92491,15643,11,4.21,1.0
"$$FALCON,167,14:24:26,+51.137711,+4.928320,15719,11,4.20,1.0*3211","PE1ANS,PE2BZ,G8KNN,PD5TON",167,14:24:26,51.137711,4.92832,15719,11,4.2,1.0
"$$FALCON,168,14:24:41,+51.139610,+4.931900,15795,11,4.19,1.0*1973","PE1ANS,G8DHE,G8KNN,PD5TON",168,14:24:41,51.13961,4.9319,15795,11,4.19,1.0
"$$FALCON,170,14:25:13,+51.143559,+4.939850,15961,11,4.20,1.0*6587","PE1ANS,G8DHE,G8KNN,PD5TON",170,14:25:13,51.143559,4.93985,15961,11,4.2,1.0
"$$FALCON,171,14:25:28,+51.145409,+4.943320,16038,11,4.20,1.0*6D49","G8DHE,G8KNN,PD5TON",171,14:25:28,51.145409,4.94332,16038,11,4.2,1.0
"$$FALCON,172,14:25:43,+51.147549,+4.946560,16117,11,4.21,1.0*D52A","PE1ANS,G8KNN,PD5TON",172,14:25:43,51.147549,4.94656,16117,11,4.21,1.0
"$$FALCON,173,14:25:58,+51.149570,+4.949920,16195,11,4.20,1.0*3D04","PE1ANS,G8KNN",173,14:25:58,51.14957,4.94992,16195,11,4.2,1.0
"$$FALCON,174,14:26:13,+51.151550,+4.953380,16273,11,4.20,1.0*DEA3","PE1ANS,G8KNN,PD5TON",174,14:26:13,51.15155,4.95338,16273,11,4.2,1.0
"$$FALCON,175,14:26:28,+51.153309,+4.956580,16351,11,4.20,1.0*D490","PE1ANS,NAVRAC2,G8KNN,PD5TON",175,14:26:28,51.153309,4.95658,16351,11,4.2,1.0
"$$FALCON,176,14:26:43,+51.154888,+4.959600,16429,11,4.19,1.0*EB10","PE1ANS,NAVRAC2,G8DHE,G8KNN,PD5TON",176,14:26:43,51.154888,4.9596,16429,11,4.19,1.0
"$$FALCON,177,14:26:58,+51.156719,+4.962560,16508,11,4.20,1.0*8FE5","PE1ANS,NAVRAC2,G8KNN,PD5TON",177,14:26:58,51.156719,4.96256,16508,11,4.2,1.0
"$$FALCON,178,14:27:14,+51.158531,+4.965770,16592,11,4.20,1.0*5ADF","PE1ANS,NAVRAC2,G8KNN,PD5TON,PE2BZ-1",178,14:27:14,51.158531,4.96577,16592,11,4.2,1.0
"$$FALCON,179,14:27:29,+51.160110,+4.968670,16672,11,4.19,1.0*ED5A","PE2BZ-1,PD5TON,PE2BZ,NAVRAC2,G8KNN,PE1ANS",179,14:27:29,51.16011,4.96867,16672,11,4.19,1.0
"$$FALCON,180,14:27:44,+51.161701,+4.971340,16752,11,4.20,1.0*F49A","PE2BZ,NAVRAC2,PD5TON,G8KNN,PE1ANS",180,14:27:44,51.161701,4.97134,16752,11,4.2,1.0
"$$FALCON,181,14:27:59,+51.163219,+4.973810,16833,11,4.20,1.0*C251","PE1ANS,NAVRAC2,G8KNN,PD5TON,PE2BZ-1",181,14:27:59,51.163219,4.97381,16833,11,4.2,1.0
"$$FALCON,182,14:28:14,+51.164639,+4.976170,16916,11,4.19,1.0*51DE","PE1ANS,NAVRAC2,G8KNN,PD5TON,PE2BZ-1",182,14:28:14,51.164639,4.97617,16916,11,4.19,1.0
"$$FALCON,183,14:28:29,+51.165852,+4.978230,17001,11,4.18,1.0*48AA","PE1ANS,NAVRAC2,G8KNN,PD5TON",183,14:28:29,51.165852,4.97823,17001,11,4.18,1.0
"$$FALCON,184,14:28:44,+51.167198,+4.980150,17098,11,4.20,1.5*12D3","PE1RQM,PE1ANS,G8KNN,NAVRAC2",184,14:28:44,51.167198,4.98015,17098,11,4.2,1.5
"$$FALCON,186,14:29:16,+51.170158,+4.983760,17276,11,4.18,1.5*0AB2","PE1ANS,PE1RQM,G8KNN,NAVRAC2",186,14:29:16,51.170158,4.98376,17276,11,4.18,1.5
"$$FALCON,187,14:29:31,+51.171490,+4.986220,17364,11,4.19,1.5*70C1","PE1ANS,PE1RQM,G8KNN,NAVRAC2,PE2BZ-1",187,14:29:31,51.17149,4.98622,17364,11,4.19,1.5
"$$FALCON,188,14:29:46,+51.172722,+4.989300,17445,11,4.19,1.5*8B6E","PE1ANS,NAVRAC2,G8DHE,G8KNN,PD5TON",188,14:29:46,51.172722,4.9893,17445,11,4.19,1.5
"$$FALCON,189,14:30:01,+51.173809,+4.992600,17526,11,4.19,1.5*56C4","PE1RQM,G8DHE,PD5TON,PE1ANS,G8KNN,NAVRAC2",189,14:30:01,51.173809,4.9926,17526,11,4.19,1.5
"$$FALCON,190,14:30:16,+51.174881,+4.995740,17607,11,4.18,1.5*9A97","NL1ALX,PD5TON,PE2BZ,PE1ANS,G8KNN,NAVRAC2",190,14:30:16,51.174881,4.99574,17607,11,4.18,1.5
"$$FALCON,191,14:30:31,+51.175980,+4.998750,17688,11,4.19,1.5*E944","NL1ALX,PD5TON,PE2BZ,NAVRAC2,G8KNN,PE1ANS",191,14:30:31,51.17598,4.99875,17688,11,4.19,1.5
"$$FALCON,192,14:30:46,+51.177341,+5.001900,17772,11,4.18,1.5*0D56","PE1ANS,NAVRAC2,G8KNN,PD5TON",192,14:30:46,51.177341,5.0019,17772,11,4.18,1.5
"$$FALCON,193,14:31:01,+51.178398,+5.005200,17850,11,4.17,1.5*E64C","PE1ANS,NL1ALX,G8KNN",193,14:31:01,51.178398,5.0052,17850,11,4.17,1.5
"$$FALCON,194,14:31:17,+51.179260,+5.008460,17935,11,4.19,1.5*936F","PE1ANS,NAVRAC2,NL1ALX,G8KNN,PD5TON",194,14:31:17,51.17926,5.00846,17935,11,4.19,1.5
"$$FALCON,195,14:31:32,+51.180168,+5.011330,18015,11,4.19,2.0*E10C","NAVRAC2,PE1ANS,NL1ALX,G8KNN,PD5TON",195,14:31:32,51.180168,5.01133,18015,11,4.19,2.0
"$$FALCON,196,14:31:47,+51.180981,+5.014030,18095,11,4.17,2.0*8033","PE1ANS,NL1ALX,G8KNN,PD5TON",196,14:31:47,51.180981,5.01403,18095,11,4.17,2.0
"$$FALCON,197,14:32:02,+51.181789,+5.016510,18174,11,4.17,2.0*A79C","NL1ALX,G8DHE,PD5TON,PE1ANS,G8KNN,NAVRAC2",197,14:32:02,51.181789,5.01651,18174,11,4.17,2.0
"$$FALCON,198,14:32:17,+51.182671,+5.018940,18255,11,4.18,2.0*7BFD","PE1ANS,NAVRAC2,NL1ALX,G8KNN,PD5TON",198,14:32:17,51.182671,5.01894,18255,11,4.18,2.0
"$$FALCON,199,14:32:33,+51.183830,+5.021660,18338,11,4.18,2.0*5AF7","PE1ANS,NAVRAC2,NL1ALX,G8KNN,PD5TON",199,14:32:33,51.18383,5.02166,18338,11,4.18,2.0
"$$FALCON,200,14:32:48,+51.185070,+5.024320,18421,11,4.18,2.0*1C5E","PE1ANS,NAVRAC2,NL1ALX,G8KNN,PD5TON",200,14:32:48,51.18507,5.02432,18421,11,4.18,2.0
"$$FALCON,202,14:33:19,+51.187462,+5.029940,18594,11,4.18,2.0*0EF2","NL1ALX,G8DHE,PD5TON,NAVRAC2,G8KNN,PE1ANS",202,14:33:19,51.187462,5.02994,18594,11,4.18,2.0
"$$FALCON,203,14:33:34,+51.188332,+5.032950,18672,11,4.18,2.0*4488","PE2BZ,NL1ALX,G8KNN,PD5TON",203,14:33:34,51.188332,5.03295,18672,11,4.18,2.0
"$$FALCON,204,14:33:49,+51.188911,+5.035580,18751,11,4.18,2.0*63B7","PE1ANS,NAVRAC2,NL1ALX,G8KNN",204,14:33:49,51.188911,5.03558,18751,11,4.18,2.0
"$$FALCON,205,14:34:04,+51.189522,+5.037830,18832,11,4.18,2.5*9D02","NAVRAC2,NL1ALX,PD5TON",205,14:34:04,51.189522,5.03783,18832,11,4.18,2.5
"$$FALCON,206,14:34:19,+51.190350,+5.039690,18915,11,4.17,2.5*6770","PE1ANS,NL1ALX,G8KNN,PD5TON",206,14:34:19,51.19035,5.03969,18915,11,4.17,2.5
"$$FALCON,207,14:34:34,+51.191399,+5.041190,19002,11,4.16,2.5*AE00","PE1ANS,NL1ALX,PD5TON",207,14:34:34,51.191399,5.04119,19002,11,4.16,2.5
"$$FALCON,208,14:34:49,+51.192509,+5.043100,19087,11,4.18,2.5*E586","PE1ANS,NL1ALX,G8KNN",208,14:34:49,51.192509,5.0431,19087,11,4.18,2.5
"$$FALCON,210,14:35:21,+51.195179,+5.048140,19277,11,4.16,2.5*1F48","PE1ANS,NL1ALX,G8KNN,PD5TON",210,14:35:21,51.195179,5.04814,19277,11,4.16,2.5
"$$FALCON,211,14:35:36,+51.196449,+5.050660,19366,11,4.18,2.5*D3CE","PE1ANS,NL1ALX,G8KNN,PD5TON",211,14:35:36,51.196449,5.05066,19366,11,4.18,2.5
"$$FALCON,212,14:35:51,+51.197460,+5.053170,19454,11,4.18,2.5*B6BE","PE1ANS,NL1ALX,PD5TON",212,14:35:51,51.19746,5.05317,19454,11,4.18,2.5
"$$FALCON,213,14:36:06,+51.198441,+5.055310,19543,11,4.16,3.0*3D3F","PE1ANS,NAVRAC2,NL1ALX,G8KNN,PD5TON",213,14:36:06,51.198441,5.05531,19543,11,4.16,3.0
"$$FALCON,214,14:36:21,+51.199680,+5.057650,19632,11,4.18,3.0*9831","PE1ANS,NAVRAC2,NL1ALX,G8KNN,PD5TON",214,14:36:21,51.19968,5.05765,19632,11,4.18,3.0
"$$FALCON,215,14:36:36,+51.201279,+5.060190,19720,11,4.17,3.0*471E","PE1ANS,NAVRAC2,NL1ALX,G8KNN,PD5TON",215,14:36:36,51.201279,5.06019,19720,11,4.17,3.0
"$$FALCON,216,14:36:51,+51.202980,+5.062910,19805,11,4.16,3.0*59B6","NL1ALX,G8KNN,PD5TON",216,14:36:51,51.20298,5.06291,19805,11,4.16,3.0
"$$FALCON,217,14:37:06,+51.204391,+5.065880,19891,11,4.16,3.0*86C5",G8KNN,217,14:37:06,51.204391,5.06588,19891,11,4.16,3.0
"$$FALCON,218,14:37:22,+51.205582,+5.069070,19978,11,4.17,3.0*3866","PE1ANS,NL1ALX,G8KNN,PD5TON",218,14:37:22,51.205582,5.06907,19978,11,4.17,3.0
"$$FALCON,219,14:37:37,+51.206631,+5.072290,20062,11,4.16,3.0*057B","PE1ANS,NAVRAC2,NL1ALX,G8KNN,PD5TON",219,14:37:37,51.206631,5.07229,20062,11,4.16,3.0
"$$FALCON,220,14:37:52,+51.207390,+5.075770,20146,11,4.16,3.0*6839","PE1ANS,NL1ALX,G8KNN,PD5TON",220,14:37:52,51.20739,5.07577,20146,11,4.16,3.0
"$$FALCON,221,14:38:07,+51.207958,+5.079210,20225,11,4.17,3.0*76D3","PE1ANS,NL1ALX,G8KNN,PD5TON",221,14:38:07,51.207958,5.07921,20225,11,4.17,3.0
"$$FALCON,222,14:38:22,+51.208549,+5.082400,20308,11,4.17,3.5*7190","PE1ANS,NL1ALX,G8KNN,PD5TON",222,14:38:22,51.208549,5.0824,20308,11,4.17,3.5
"$$FALCON,223,14:38:37,+51.209148,+5.085270,20390,11,4.16,3.5*D542","PE1ANS,NL1ALX,G8KNN,PD5TON",223,14:38:37,51.209148,5.08527,20390,11,4.16,3.5
"$$FALCON,224,14:38:52,+51.209869,+5.088180,20477,11,4.13,3.5*F231","PE1ANS,NL1ALX,G8KNN,PD5TON",224,14:38:52,51.209869,5.08818,20477,11,4.13,3.5
"$$FALCON,226,14:39:24,+51.211689,+5.095670,20658,11,4.17,3.5*AD18","PE2BZ,PE1ANS,NL1ALX,G8KNN,PD5TON",226,14:39:24,51.211689,5.09567,20658,11,4.17,3.5
"$$FALCON,227,14:39:39,+51.212410,+5.099140,20745,11,4.17,3.5*58DD","PE1ANS,NL1ALX,G8KNN,PD5TON",227,14:39:39,51.21241,5.09914,20745,11,4.17,3.5
"$$FALCON,228,14:39:54,+51.213009,+5.102320,20833,11,4.17,3.5*691A","PE1ANS,NickB,NL1ALX,G8KNN,PD5TON",228,14:39:54,51.213009,5.10232,20833,11,4.17,3.5
"$$FALCON,229,14:40:09,+51.213539,+5.105210,20924,11,4.16,3.5*A5F0","PE1ANS,NickB,NL1ALX,G8KNN,PD5TON",229,14:40:09,51.213539,5.10521,20924,11,4.16,3.5
"$$FALCON,230,14:40:24,+51.214031,+5.107680,21011,11,4.17,4.0*E968","PE1ANS,NickB,NL1ALX,G8KNN,PD5TON",230,14:40:24,51.214031,5.10768,21011,11,4.17,4.0
"$$FALCON,231,14:40:39,+51.214500,+5.109900,21095,11,4.17,4.0*47AF","PE1ANS,NL1ALX,G8KNN,PD5TON",231,14:40:39,51.2145,5.1099,21095,11,4.17,4.0
"$$FALCON,232,14:40:54,+51.215069,+5.112280,21182,11,4.15,4.0*6749","PE1ANS,NL1ALX,G8KNN,PD5TON",232,14:40:54,51.215069,5.11228,21182,11,4.15,4.0
"$$FALCON,233,14:41:09,+51.215599,+5.114760,21266,11,4.17,4.0*C7D7","PE1ANS,NL1ALX,G8KNN",233,14:41:09,51.215599,5.11476,21266,11,4.17,4.0
"$$FALCON,234,14:41:25,+51.216148,+5.117900,21355,11,4.15,4.0*FDB7","PE1ANS,NL1ALX,G8KNN,PD5TON",234,14:41:25,51.216148,5.1179,21355,11,4.15,4.0
"$$FALCON,235,14:41:40,+51.216480,+5.120920,21434,11,4.16,4.0*8628","PE1ANS,NL1ALX,G8KNN,PD5TON",235,14:41:40,51.21648,5.12092,21434,11,4.16,4.0
"$$FALCON,236,14:41:55,+51.216579,+5.123730,21512,11,4.15,4.5*8A56","PE1ANS,NL1ALX,G8KNN,PD5TON",236,14:41:55,51.216579,5.12373,21512,11,4.15,4.5
"$$FALCON,237,14:42:10,+51.216518,+5.126380,21592,11,4.15,4.5*4CB8","NL1ALX,PD5TON,M0UPU,PE1ANS,G8KNN,NickB",237,14:42:10,51.216518,5.12638,21592,11,4.15,4.5
"$$FALCON,238,14:42:25,+51.216400,+5.129170,21671,11,4.14,4.5*9FEF","NL1ALX,G8KNN,PD5TON",238,14:42:25,51.2164,5.12917,21671,11,4.14,4.5
"$$FALCON,239,14:42:40,+51.216190,+5.132190,21750,11,4.15,4.5*0908","NL1ALX,G8KNN,PD5TON",239,14:42:40,51.21619,5.13219,21750,11,4.15,4.5
"$$FALCON,240,14:42:55,+51.216099,+5.134600,21836,11,4.15,4.5*03A1","PE1ANS,NL1ALX,G8KNN,PD5TON",240,14:42:55,51.216099,5.1346,21836,11,4.15,4.5
"$$FALCON,242,14:43:27,+51.216480,+5.139320,22029,11,4.17,4.5*BE09","PE1ANS,NL1ALX,G8KNN,PD5TON",242,14:43:27,51.21648,5.13932,22029,11,4.17,4.5
"$$FALCON,243,14:43:42,+51.216862,+5.141440,22123,11,4.17,5.0*EA08","PE1ANS,NL1ALX,G8KNN,PD5TON",243,14:43:42,51.216862,5.14144,22123,11,4.17,5.0
"$$FALCON,244,14:43:57,+51.217411,+5.143150,22218,11,4.17,5.0*8CED","PE1ANS,NL1ALX,G8KNN,PD5TON",244,14:43:57,51.217411,5.14315,22218,11,4.17,5.0
"$$FALCON,245,14:44:12,+51.218159,+5.145060,22316,11,4.17,5.0*7F71","PE1ANS,NL1ALX,G8KNN,PD5TON",245,14:44:12,51.218159,5.14506,22316,11,4.17,5.0
"$$FALCON,246,14:44:27,+51.218811,+5.147160,22420,11,4.17,5.0*0DFD","PE1ANS,NL1ALX,G8KNN,PD5TON",246,14:44:27,51.218811,5.14716,22420,11,4.17,5.0
"$$FALCON,247,14:44:42,+51.219582,+5.148680,22521,11,4.17,5.0*65C2","PE1ANS,NL1ALX,G8DHE,G8KNN,PD5TON",247,14:44:42,51.219582,5.14868,22521,11,4.17,5.0
"$$FALCON,248,14:44:57,+51.220638,+5.149980,22622,11,4.17,5.0*65C9","PE1ANS,NL1ALX,G8KNN,PD5TON",248,14:44:57,51.220638,5.14998,22622,11,4.17,5.0
"$$FALCON,250,14:45:29,+51.223850,+5.154170,22827,11,4.14,5.5*F558","PE1ANS,NL1ALX,G8KNN,PD5TON",250,14:45:29,51.22385,5.15417,22827,11,4.14,5.5
"$$FALCON,251,14:45:44,+51.225349,+5.156630,22921,11,4.17,5.5*3A3B","PE1ANS,NL1ALX,G8KNN,PD5TON",251,14:45:44,51.225349,5.15663,22921,11,4.17,5.5
"$$FALCON,252,14:45:59,+51.226742,+5.159340,23013,11,4.17,5.5*6210","PE1ANS,NL1ALX,G8KNN,PD5TON",252,14:45:59,51.226742,5.15934,23013,11,4.17,5.5
"$$FALCON,253,14:46:14,+51.227741,+5.162060,23103,11,4.15,5.5*4960","PE1ANS,NL1ALX,G8KNN,PD5TON",253,14:46:14,51.227741,5.16206,23103,11,4.15,5.5
"$$FALCON,254,14:46:29,+51.228600,+5.164610,23192,10,4.15,5.5*4F2E","PE1ANS,NL1ALX,G8DHE,G8KNN,PD5TON",254,14:46:29,51.2286,5.16461,23192,10,4.15,5.5
"$$FALCON,255,14:46:44,+51.229630,+5.167250,23280,11,4.12,6.0*6767","PE1ANS,NL1ALX,G8KNN,PD5TON",255,14:46:44,51.22963,5.16725,23280,11,4.12,6.0
"$$FALCON,256,14:46:59,+51.230671,+5.169570,23373,11,4.17,6.0*1A3F","PE1ANS,G8KNN,PD5TON",256,14:46:59,51.230671,5.16957,23373,11,4.17,6.0
"$$FALCON,257,14:47:14,+51.231941,+5.172300,23469,11,4.16,6.0*7700","PE1ANS,G8KNN,PD5TON",257,14:47:14,51.231941,5.1723,23469,11,4.16,6.0
"$$FALCON,258,14:47:30,+51.233189,+5.175310,23562,11,4.16,6.0*7342","PE1ANS,NL1ALX,G8KNN,PD5TON",258,14:47:30,51.233189,5.17531,23562,11,4.16,6.0
"$$FALCON,259,14:47:45,+51.234329,+5.178620,23653,11,4.15,6.0*C561","PE1ANS,NL1ALX,G8KNN,PD5TON",259,14:47:45,51.234329,5.17862,23653,11,4.15,6.0
"$$FALCON,260,14:48:00,+51.235222,+5.182010,23746,11,4.15,6.5*E3F5","PE1ANS,M0UPU,NL1ALX,G8KNN,PD5TON",260,14:48:00,51.235222,5.18201,23746,11,4.15,6.5
"$$FALCON,261,14:48:15,+51.236141,+5.184950,23836,10,4.17,6.5*6850","M0UPU,NickB,NL1ALX,G8KNN,PD5TON",261,14:48:15,51.236141,5.18495,23836,10,4.17,6.5
"$$FALCON,262,14:48:30,+51.237049,+5.188240,23930,10,4.17,6.5*D658","PE1ANS,M0UPU,G8KNN,PD5TON",262,14:48:30,51.237049,5.18824,23930,10,4.17,6.5
"$$FALCON,263,14:48:45,+51.237881,+5.192030,24020,10,4.15,6.5*B23F","G8KNN,PD5TON",263,14:48:45,51.237881,5.19203,24020,10,4.15,6.5
"$$FALCON,264,14:49:00,+51.238548,+5.195920,24113,10,4.15,6.5*17A8","PE1ANS,M0UPU,G8KNN,PD5TON",264,14:49:00,51.238548,5.19592,24113,10,4.15,6.5
"$$FALCON,266,14:49:32,+51.239861,+5.203040,24314,10,4.15,7.0*9DC9","PE1ANS,NickB,G8KNN,PD5TON",266,14:49:32,51.239861,5.20304,24314,10,4.15,7.0
"$$FALCON,267,14:49:47,+51.240589,+5.205890,24409,10,4.16,7.0*19E5","PE1ANS,G8KNN,PD5TON",267,14:49:47,51.240589,5.20589,24409,10,4.16,7.0
"$$FALCON,268,14:50:02,+51.241280,+5.208910,24508,10,4.17,7.0*378F","PE1ANS,NickB,G8KNN,PD5TON",268,14:50:02,51.24128,5.20891,24508,10,4.17,7.0
"$$FALCON,269,14:50:17,+51.242199,+5.211930,24602,10,4.17,7.0*6E4D","PE1ANS,NickB,G8KNN,PD5TON",269,14:50:17,51.242199,5.21193,24602,10,4.17,7.0
"$$FALCON,270,14:50:32,+51.243259,+5.214920,24698,10,4.14,7.0*C89A","PE1ANS,G8DHE,G8KNN,PD5TON",270,14:50:32,51.243259,5.21492,24698,10,4.14,7.0
"$$FALCON,271,14:50:47,+51.244122,+5.218060,24799,10,4.17,7.5*BE04","PE1ANS,M0UPU,G8KNN",271,14:50:47,51.244122,5.21806,24799,10,4.17,7.5
"$$FALCON,272,14:51:02,+51.244751,+5.221120,24901,10,4.17,7.5*7B77","PE1ANS,M0UPU,G8KNN,PD5TON,NickB",272,14:51:02,51.244751,5.22112,24901,10,4.17,7.5
"$$FALCON,273,14:51:17,+51.245380,+5.224220,24998,10,4.16,7.5*1EB9","PE1ANS,NickB,G8KNN,PD5TON",273,14:51:17,51.24538,5.22422,24998,10,4.16,7.5
"$$FALCON,275,14:51:48,+51.246811,+5.230430,25190,10,4.17,7.5*9AE1","PE1ANS,PE2G,G8KNN,PD5TON",275,14:51:48,51.246811,5.23043,25190,10,4.17,7.5
"$$FALCON,274,14:51:33,+51.246071,+5.227380,25100,10,4.15,7.5*5685","PE1ANS,NickB,G8KNN,PD5TON",274,14:51:33,51.246071,5.22738,25100,10,4.15,7.5
"$$FALCON,276,14:52:03,+51.247398,+5.233080,25283,10,4.15,7.5*93FE","PE1ANS,M0UPU,PE2G,G8KNN,PD5TON",276,14:52:03,51.247398,5.23308,25283,10,4.15,7.5
"$$FALCON,277,14:52:18,+51.247540,+5.236040,25378,10,4.17,8.0*5E3C","PE1ANS,M0UPU,PE2G,G8KNN,NickB",277,14:52:18,51.24754,5.23604,25378,10,4.17,8.0
"$$FALCON,278,14:52:33,+51.247452,+5.239140,25474,10,4.13,8.0*B3CC","PE1ANS,NickB,G8KNN,PD5TON",278,14:52:33,51.247452,5.23914,25474,10,4.13,8.0
"$$FALCON,279,14:52:48,+51.247261,+5.242260,25570,10,4.17,8.0*D80F","PE1ANS,PE2G,G8KNN,PD5TON",279,14:52:48,51.247261,5.24226,25570,10,4.17,8.0
"$$FALCON,280,14:53:03,+51.247330,+5.245160,25667,10,4.17,8.0*C3AC","PE1ANS,NickB,PE2G,G8KNN,PD5TON",280,14:53:03,51.24733,5.24516,25667,10,4.17,8.0
"$$FALCON,282,14:53:35,+51.247749,+5.251080,25862,10,4.17,8.5*E1BE","PE1ANS,NickB,PE2G,G8KNN,PD5TON",282,14:53:35,51.247749,5.25108,25862,10,4.17,8.5
"$$FALCON,283,14:53:50,+51.248001,+5.253680,25957,10,4.17,8.5*C36F","PE1ANS,M0UPU,PE2G,G8KNN",283,14:53:50,51.248001,5.25368,25957,10,4.17,8.5
"$$FALCON,284,14:54:05,+51.248081,+5.256410,26053,10,4.17,8.5*0E2D","PE2G,PD5TON,M0UPU,PE1ANS,G8KNN,NAVRAC2",284,14:54:05,51.248081,5.25641,26053,10,4.17,8.5
"$$FALCON,285,14:54:20,+51.248169,+5.259100,26148,10,4.17,8.5*68AD","PD5TON,M0UPU,PE1ANS,G8KNN,NAVRAC2,NickB",285,14:54:20,51.248169,5.2591,26148,10,4.17,8.5
"$$FALCON,286,14:54:35,+51.248539,+5.261110,26238,10,4.17,8.5*013C","PE1ANS,PE2G,G8KNN,PD5TON",286,14:54:35,51.248539,5.26111,26238,10,4.17,8.5
"$$FALCON,287,14:54:50,+51.248852,+5.263050,26329,10,4.15,8.5*1146","PE1ANS,PE2G,G8KNN",287,14:54:50,51.248852,5.26305,26329,10,4.15,8.5
"$$FALCON,288,14:55:05,+51.249329,+5.264970,26419,10,4.15,9.0*0C5C","PE1ANS,PE2G,G8KNN,PD5TON",288,14:55:05,51.249329,5.26497,26419,10,4.15,9.0
"$$FALCON,290,14:55:36,+51.250401,+5.268520,26603,10,4.17,9.0*5F29","PE1ANS,NickB,PE2G,G8KNN",290,14:55:36,51.250401,5.26852,26603,10,4.17,9.0
"$$FALCON,291,14:55:51,+51.251492,+5.270130,26692,10,4.14,9.0*A2E1","G8DHE,PE2G,M0UPU,NAVRAC2,G8KNN,PE1ANS",291,14:55:51,51.251492,5.27013,26692,10,4.14,9.0
"$$FALCON,292,14:56:06,+51.252548,+5.271590,26787,10,4.15,9.0*FD12","PE1ANS,NAVRAC2,PE2G,G8KNN,PD5TON",292,14:56:06,51.252548,5.27159,26787,10,4.15,9.0
"$$FALCON,293,14:56:21,+51.253769,+5.272920,26885,10,4.15,9.5*473C","PE2G,PD5TON,PE1ANS,G8KNN,PD7R,NAVRAC2",293,14:56:21,51.253769,5.27292,26885,10,4.15,9.5
"$$FALCON,294,14:56:36,+51.255161,+5.273980,26978,10,4.15,9.5*B548","PE1ANS,PE2G,G8KNN,PD5TON,PD7R",294,14:56:36,51.255161,5.27398,26978,10,4.15,9.5
"$$FALCON,295,14:56:51,+51.256458,+5.275650,27081,10,4.13,9.5*BFA9","PE2G,PD5TON,M0UPU,PE1ANS,G8KNN,PD7R,NAVRAC2",295,14:56:51,51.256458,5.27565,27081,10,4.13,9.5
"$$FALCON,296,14:57:06,+51.257519,+5.277840,27180,10,4.15,9.5*085E","PE2G,PD5TON,M0UPU,PE1ANS,G8KNN,PD7R,NAVRAC2",296,14:57:06,51.257519,5.27784,27180,10,4.15,9.5
"$$FALCON,298,14:57:38,+51.260181,+5.283400,27395,10,4.16,10.0*4DED","PE1ANS,M0UPU,PE2G,G8KNN,PD5TON",298,14:57:38,51.260181,5.2834,27395,10,4.16,10.0
"$$FALCON,299,14:57:53,+51.261372,+5.286560,27495,10,4.17,10.0*5501","PE2G,G8KNN,PD5TON",299,14:57:53,51.261372,5.28656,27495,10,4.17,10.0
"$$FALCON,300,14:58:08,+51.262402,+5.289470,27600,10,4.16,10.0*904A","NAVRAC2,M0UPU,G8KNN,PD5TON,PD7R",300,14:58:08,51.262402,5.28947,27600,10,4.16,10.0
"$$FALCON,301,14:58:24,+51.263771,+5.292260,27709,10,4.17,10.0*F8FB","PE2G,PD5TON,PE1ANS,G8KNN,PD7R,NAVRAC2",301,14:58:24,51.263771,5.29226,27709,10,4.17,10.0
"$$FALCON,302,14:58:39,+51.265099,+5.295120,27816,10,4.17,10.0*BD84","PE2G,PD5TON,M0UPU,G8KNN,PD7R,PE1ANS",302,14:58:39,51.265099,5.29512,27816,10,4.17,10.0
"$$FALCON,303,14:58:54,+51.266579,+5.297940,27921,10,4.17,10.5*59DF","PE2G,G8KNN,PD7R",303,14:58:54,51.266579,5.29794,27921,10,4.17,10.5
"$$FALCON,304,14:59:09,+51.268089,+5.301270,28021,10,4.16,10.5*CE10","PE2G,PD5TON,M0UPU,G8KNN,PD7R,PE1ANS",304,14:59:09,51.268089,5.30127,28021,10,4.16,10.5
"$$FALCON,305,14:59:25,+51.269821,+5.305470,28122,10,4.17,10.5*9FB4","G8KNN,PD7R",305,14:59:25,51.269821,5.30547,28122,10,4.17,10.5
"$$FALCON,306,14:59:41,+51.271568,+5.310170,28217,10,4.16,10.5*2599","NAVRAC2,PE2G,G8KNN,PD5TON,PD7R",306,14:59:41,51.271568,5.31017,28217,10,4.16,10.5
"$$FALCON,307,14:59:57,+51.273151,+5.314680,28307,10,4.18,10.5*3BAB","PE2G,PD5TON,M0UPU,PE1ANS,G8KNN,NAVRAC2",307,14:59:57,51.273151,5.31468,28307,10,4.18,10.5
"$$FALCON,308,15:00:12,+51.274502,+5.318960,28403,10,4.17,11.0*3804","PE1ANS,PE2G,G8KNN,PD5TON,PD7R",308,15:00:12,51.274502,5.31896,28403,10,4.17,11.0
"$$FALCON,309,15:00:27,+51.275780,+5.323230,28495,10,4.18,11.0*E5DE","M0UPU,PE2G,G8KNN,PD5TON,PD7R",309,15:00:27,51.27578,5.32323,28495,10,4.18,11.0
"$$FALCON,310,15:00:42,+51.276920,+5.327870,28586,10,4.18,11.0*9602","PE1ANS,G8DHE,PE2G,G8KNN,PD5TON",310,15:00:42,51.27692,5.32787,28586,10,4.18,11.0
"$$FALCON,311,15:00:58,+51.277779,+5.332510,28676,10,4.18,11.0*EA06","PE1ANS,PE2G,G8KNN,PD5TON",311,15:00:58,51.277779,5.33251,28676,10,4.18,11.0
"$$FALCON,312,15:01:13,+51.278339,+5.336650,28779,10,4.17,11.0*8FA3","PE2G,PD5TON,M0UPU,G8KNN,PD7R,PE1ANS",312,15:01:13,51.278339,5.33665,28779,10,4.17,11.0
"$$FALCON,314,15:01:45,+51.278950,+5.346810,28984,10,4.17,11.5*D3C2","PE2G,PD5TON,M0UPU,G8KNN,PD7R,PE1ANS",314,15:01:45,51.27895,5.34681,28984,10,4.17,11.5
"$$FALCON,315,15:02:00,+51.279301,+5.351440,29081,10,4.18,11.5*AE47","PE2G,PD5TON,M0UPU,G8KNN,PD7R,PE1ANS",315,15:02:00,51.279301,5.35144,29081,10,4.18,11.5
"$$FALCON,316,15:02:15,+51.279671,+5.355850,29179,10,4.17,11.5*E268","M0UPU,PE2G,G8KNN,PD5TON,PD7R",316,15:02:15,51.279671,5.35585,29179,10,4.17,11.5
"$$FALCON,317,15:02:30,+51.279999,+5.359930,29272,10,4.17,12.0*A573","PE2G,PD5TON,PE1ANS,G8KNN,PD7R,NAVRAC2",317,15:02:30,51.279999,5.35993,29272,10,4.17,12.0
"$$FALCON,318,15:02:46,+51.280251,+5.363940,29375,10,4.18,12.0*82B6","G8DHE,PE2G,PD5TON,M0UPU,G8KNN,PD7R,PE1ANS",318,15:02:46,51.280251,5.36394,29375,10,4.18,12.0
"$$FALCON,319,15:03:01,+51.280590,+5.368050,29461,10,4.16,12.0*B2C8","G8DHE,PE2G,PD5TON,M0UPU,G8KNN,PD7R,PE1ANS",319,15:03:01,51.28059,5.36805,29461,10,4.16,12.0
"$$FALCON,320,15:03:16,+51.281010,+5.372800,29551,10,4.17,12.0*B485","PE1RQM,PE2G,PD5TON,M0UPU,G8KNN,PD7R",320,15:03:16,51.28101,5.3728,29551,10,4.17,12.0
"$$FALCON,322,15:03:48,+51.282379,+5.382170,29745,10,4.18,12.5*E1B3","M0UPU,G8KNN,PD5TON,PD7R",322,15:03:48,51.282379,5.38217,29745,10,4.18,12.5
"$$FALCON,323,15:04:03,+51.282799,+5.386470,29841,10,4.18,12.5*CBA0","PE2G,PD5TON,M0UPU,G8KNN,PD7R,PE1ANS",323,15:04:03,51.282799,5.38647,29841,10,4.18,12.5
"$$FALCON,324,15:04:19,+51.283691,+5.391060,29934,10,4.18,12.5*20C4","PE1ANS,PE2G,G8KNN,PD5TON,PD7R",324,15:04:19,51.283691,5.39106,29934,10,4.18,12.5
"$$FALCON,325,15:04:34,+51.284290,+5.395190,30040,10,4.17,12.5*1F93","PE2G,PD5TON,M0UPU,NAVRAC2,G8KNN,PD7R,PE1ANS",325,15:04:34,51.28429,5.39519,30040,10,4.17,12.5
"$$FALCON,326,15:04:49,+51.284470,+5.399150,30135,10,4.19,13.0*D2A3","PE2G,M0UPU,PE1ANS,G8KNN,PD7R,NAVRAC2",326,15:04:49,51.28447,5.39915,30135,10,4.19,13.0
"$$FALCON,327,15:05:04,+51.284660,+5.403060,30239,10,4.19,13.0*046E","M0UPU,PE2G,G8KNN,PD5TON,PD7R",327,15:05:04,51.28466,5.40306,30239,10,4.19,13.0
"$$FALCON,328,15:05:20,+51.285149,+5.407320,30338,10,4.18,13.0*2B59","G8DHE,PE2G,PD5TON,M0UPU,G8KNN,PD7R,PE1ANS",328,15:05:20,51.285149,5.40732,30338,10,4.18,13.0
"$$FALCON,329,15:05:35,+51.285400,+5.411390,30451,10,4.18,13.0*070B","PE2G,PD7R",329,15:05:35,51.2854,5.41139,30451,10,4.18,13.0
"$$FALCON,330,15:05:51,+51.285339,+5.416080,30565,10,4.18,13.5*4415","PE1ANS,PE2G,G8KNN,PD5TON,PD7R",330,15:05:51,51.285339,5.41608,30565,10,4.18,13.5
"$$FALCON,331,15:06:07,+51.285320,+5.421460,30677,10,4.19,13.5*2DC1","PE2G,PD5TON,M0UPU,G8KNN,PD7R,PE1ANS",331,15:06:07,51.28532,5.42146,30677,10,4.19,13.5
"$$FALCON,332,15:06:22,+51.285358,+5.425980,30779,10,4.18,13.5*2105","G8DHE,PE2G,PD5TON,M0UPU,G8KNN,PD7R,PE1ANS,PC1PCL",332,15:06:22,51.285358,5.42598,30779,10,4.18,13.5
"$$FALCON,333,15:06:37,+51.285599,+5.430500,30881,9,4.19,13.5*A655","PE2G,PD5TON,M0UPU,G8KNN,PD7R,PE1ANS",333,15:06:37,51.285599,5.4305,30881,9,4.19,13.5
"$$FALCON,334,15:06:52,+51.285339,+5.435250,30976,10,4.19,14.0*59F5","G8DHE,PE2G,PD5TON,M0UPU,G8KNN,PD7R,PE1ANS,PC1PCL",334,15:06:52,51.285339,5.43525,30976,10,4.19,14.0
"$$FALCON,335,15:07:07,+51.284840,+5.440130,31067,10,4.18,14.0*FAE1","PE2G,PD5TON,M0UPU,PD7R,PE1ANS,PC1PCL",335,15:07:07,51.28484,5.44013,31067,10,4.18,14.0
"$$FALCON,336,15:07:23,+51.284382,+5.445130,31166,10,4.19,14.0*DF71","PE2G,PD5TON,M0UPU,G8KNN,PD7R,PE1ANS",336,15:07:23,51.284382,5.44513,31166,10,4.19,14.0
"$$FALCON,337,15:07:38,+51.284512,+5.449360,31253,10,4.18,14.0*00E7","PE1ANS,G8DHE,PD7R",337,15:07:38,51.284512,5.44936,31253,10,4.18,14.0
"$$FALCON,338,15:07:55,+51.284779,+5.454200,31354,10,4.18,14.5*B4ED","G8DHE,PE2G,PD5TON,M0UPU,G8KNN,PD7R,PE1ANS",338,15:07:55,51.284779,5.4542,31354,10,4.18,14.5
"$$FALCON,339,15:08:10,+51.284641,+5.458280,31446,10,4.18,14.5*DE14","PE2G,M0UPU,G8KNN,PD7R,PE1ANS,PC1PCL",339,15:08:10,51.284641,5.45828,31446,10,4.18,14.5
"$$FALCON,340,15:08:25,+51.283951,+5.462720,31536,10,4.20,14.5*E97A","PE2BZ,PE2G,M0UPU,G8KNN,PD7R,PE1ANS,PC1PCL",340,15:08:25,51.283951,5.46272,31536,10,4.2,14.5
"$$FALCON,341,15:08:40,+51.282780,+5.467090,31625,10,4.20,14.5*A2F1","PE2G,PD5TON,M0UPU,NickB,G8KNN,PD7R,PE1ANS,PC1PCL",341,15:08:40,51.28278,5.46709,31625,10,4.2,14.5
"$$FALCON,342,15:08:56,+51.281898,+5.471110,31717,10,4.18,15.0*10AE","PE1ANS,PE2G,G8KNN,PD5TON,PD7R",342,15:08:56,51.281898,5.47111,31717,10,4.18,15.0
"$$FALCON,343,15:09:11,+51.281448,+5.474210,31815,10,4.20,15.0*41E6","PE2G,M0UPU,G8KNN,PD7R,PE1ANS,PC1PCL",343,15:09:11,51.281448,5.47421,31815,10,4.2,15.0
"$$FALCON,344,15:09:26,+51.281269,+5.477360,31906,10,4.20,15.0*FDD4","PE1ANS,PE2G,G8KNN,PD7R",344,15:09:26,51.281269,5.47736,31906,10,4.2,15.0
"$$FALCON,346,15:09:58,+51.281540,+5.485940,32112,10,4.19,15.5*2565","PE2G,M0UPU,G8KNN,PD7R,PE1ANS,PC1PCL",346,15:09:58,51.28154,5.48594,32112,10,4.19,15.5
"$$FALCON,347,15:10:13,+51.281620,+5.490340,32211,10,4.20,15.5*87B2","G8DHE,PE2G,M0UPU,G8KNN,PD7R,PE1ANS",347,15:10:13,51.28162,5.49034,32211,10,4.2,15.5
"$$FALCON,348,15:10:28,+51.281551,+5.494260,32306,10,4.20,15.5*221F","PE2G,PD7R",348,15:10:28,51.281551,5.49426,32306,10,4.2,15.5
"$$FALCON,349,15:10:44,+51.281460,+5.498310,31863,10,4.19,15.5*F0EA","PE2G,M0UPU,G8KNN,PD7R,PE1ANS,G6GZH",349,15:10:44,51.28146,5.49831,31863,10,4.19,15.5
"$$FALCON,350,15:10:59,+51.281219,+5.502130,31183,10,4.19,16.0*2A41","G8KNN,PE2G,G6GZH,PD7R",350,15:10:59,51.281219,5.50213,31183,10,4.19,16.0
"$$FALCON,351,15:11:14,+51.281139,+5.506340,30531,10,4.19,16.0*AB65","M0UPU,PE2G,G8KNN,PD7R",351,15:11:14,51.281139,5.50634,30531,10,4.19,16.0
"$$FALCON,352,15:11:29,+51.281551,+5.510510,29915,10,4.19,16.0*F234","G8DHE,M0UPU,G8KNN,PD7R,PE1ANS,pd3jag",352,15:11:29,51.281551,5.51051,29915,10,4.19,16.0
"$$FALCON,354,15:12:01,+51.282631,+5.518830,28666,10,4.19,16.0*8F0C","PE2G,M0UPU,G8KNN,PD7R,PC1PCL,pd3jag",354,15:12:01,51.282631,5.51883,28666,10,4.19,16.0
"$$FALCON,355,15:12:16,+51.283321,+5.523050,28127,10,4.21,16.5*0F3F","PE1ANS,M0UPU,G8KNN,pd3jag,PD7R",355,15:12:16,51.283321,5.52305,28127,10,4.21,16.5
"$$FALCON,356,15:12:32,+51.284962,+5.527290,27567,10,4.20,16.5*F1A0","PE1ANS,G8KNN,PD7R",356,15:12:32,51.284962,5.52729,27567,10,4.2,16.5
"$$FALCON,357,15:12:47,+51.286339,+5.530670,27051,10,4.21,16.5*53B8","PE1ANS,M0UPU,PE2G,G8KNN,PD7R",357,15:12:47,51.286339,5.53067,27051,10,4.21,16.5
"$$FALCON,358,15:13:02,+51.287781,+5.532660,26544,10,4.21,16.5*A4EC","PE1ANS,M0UPU,PE2G,G8KNN,PD7R",358,15:13:02,51.287781,5.53266,26544,10,4.21,16.5
"$$FALCON,359,15:13:17,+51.288311,+5.534820,26077,10,4.19,16.5*E6E6","PE1ANS,M0UPU,G8DHE,G8KNN,PD7R",359,15:13:17,51.288311,5.53482,26077,10,4.19,16.5
"$$FALCON,360,15:13:33,+51.288540,+5.537420,25628,10,4.21,16.5*7114","PE1ANS,PD7R,PE2G,G8KNN,RevSpace",360,15:13:33,51.28854,5.53742,25628,10,4.21,16.5
"$$FALCON,362,15:14:05,+51.288940,+5.543110,24686,10,4.21,16.5*CBB5","PE1ANS,G8KNN,PE2G,G6GZH,PD7R",362,15:14:05,51.28894,5.54311,24686,10,4.21,16.5
"$$FALCON,363,15:14:20,+51.289558,+5.546460,24281,10,4.21,16.5*39EB","PE1ANS,PD7R,G8KNN,G6GZH",363,15:14:20,51.289558,5.54646,24281,10,4.21,16.5
"$$FALCON,364,15:14:35,+51.290031,+5.550300,23900,10,4.21,16.5*DECD","PD7R,PE2G,G8KNN,G6GZH",364,15:14:35,51.290031,5.5503,23900,10,4.21,16.5
"$$FALCON,365,15:14:50,+51.290958,+5.553850,23524,10,4.19,16.5*E607","G8DHE,PE2G,M0UPU,G8KNN,PD7R,PE1ANS,G6GZH",365,15:14:50,51.290958,5.55385,23524,10,4.19,16.5
"$$FALCON,366,15:15:06,+51.292149,+5.557280,23163,10,4.21,16.5*7CF0","PE1ANS,PE2G,G8KNN,PD7R",366,15:15:06,51.292149,5.55728,23163,10,4.21,16.5
"$$FALCON,367,15:15:21,+51.293499,+5.560520,22786,10,4.19,16.5*8A96","PE1ANS,M0UPU,G8DHE,G6GZH,G8KNN",367,15:15:21,51.293499,5.56052,22786,10,4.19,16.5
"$$FALCON,368,15:15:36,+51.294788,+5.562510,22443,10,4.21,16.5*E46C","G8DHE,PE2G,G8KNN,PD7R,PE1ANS,G6GZH",368,15:15:36,51.294788,5.56251,22443,10,4.21,16.5
"$$FALCON,370,15:16:08,+51.295769,+5.566310,21733,10,4.21,16.5*6DD3","PE1ANS,G8DHE,G6GZH,G8KNN",370,15:16:08,51.295769,5.56631,21733,10,4.21,16.5
"$$FALCON,371,15:16:23,+51.295731,+5.568620,21409,10,4.21,16.5*96F2","DJ3AK,M0UPU,PE2G,G6GZH,G8KNN",371,15:16:23,51.295731,5.56862,21409,10,4.21,16.5
"$$FALCON,372,15:16:38,+51.296101,+5.571220,21095,10,4.21,16.5*1962","PE1ANS,DJ3AK,PE2G,G8KNN,G6GZH",372,15:16:38,51.296101,5.57122,21095,10,4.21,16.5
"$$FALCON,373,15:16:54,+51.296558,+5.573610,20749,10,4.21,16.0*64BB","PE2BZ,PE2G,G6GZH,G8KNN",373,15:16:54,51.296558,5.57361,20749,10,4.21,16.0
"$$FALCON,374,15:17:09,+51.296970,+5.576550,20452,10,4.21,16.0*9602","PE2BZ,PE2G,G6GZH",374,15:17:09,51.29697,5.57655,20452,10,4.21,16.0
"$$FALCON,375,15:17:24,+51.297878,+5.579750,20160,10,4.19,16.0*695C","PE2BZ,PE2G,G6GZH,G8KNN",375,15:17:24,51.297878,5.57975,20160,10,4.19,16.0
"$$FALCON,376,15:17:39,+51.299042,+5.583070,19873,10,4.21,16.0*F8F4","PE2G,DJ3AK,PE2BZ,NickB,G8KNN,PE1ANS,G6GZH",376,15:17:39,51.299042,5.58307,19873,10,4.21,16.0
"$$FALCON,377,15:17:55,+51.300571,+5.586020,19581,10,4.20,15.5*CB30","DJ3AK,PE2G,G6GZH,G8KNN",377,15:17:55,51.300571,5.58602,19581,10,4.2,15.5
"$$FALCON,378,15:18:11,+51.301479,+5.588730,19293,10,4.19,15.5*B9F4","PE2G,DJ3AK,PE2BZ,G8KNN,PD7R,PE1ANS,G6GZH",378,15:18:11,51.301479,5.58873,19293,10,4.19,15.5
"$$FALCON,379,15:18:27,+51.302608,+5.590780,19007,10,4.20,15.5*DFFF","NL1ALX,PE2G,DJ3AK,PE2BZ,G8KNN,PD7R,PE1ANS",379,15:18:27,51.302608,5.59078,19007,10,4.2,15.5
"$$FALCON,380,15:18:42,+51.303551,+5.592180,18752,10,4.20,15.0*C19A","PE2BZ,NL1ALX,PE2G,DJ3AK,M0UPU,G8KNN,PE1ANS",380,15:18:42,51.303551,5.59218,18752,10,4.2,15.0
"$$FALCON,381,15:18:57,+51.304111,+5.594420,18497,10,4.20,15.0*B0F2","PE2BZ,NL1ALX,PE2G,DJ3AK,M0UPU,G8KNN,RevSpace,G6GZH",381,15:18:57,51.304111,5.59442,18497,10,4.2,15.0
"$$FALCON,382,15:19:12,+51.305210,+5.597100,18245,10,4.20,15.0*04BB","PE1ANS,NL1ALX,PE2G,G6GZH,G8KNN",382,15:19:12,51.30521,5.5971,18245,10,4.2,15.0
"$$FALCON,383,15:19:28,+51.306309,+5.600130,18001,10,4.20,14.5*FE36","PE1ANS,PE2G,G6GZH,G8KNN",383,15:19:28,51.306309,5.60013,18001,10,4.2,14.5
"$$FALCON,384,15:19:43,+51.307339,+5.603270,17733,10,4.19,14.5*1096","PE1ANS,NL1ALX,PE2G,G6GZH",384,15:19:43,51.307339,5.60327,17733,10,4.19,14.5
"$$FALCON,386,15:20:15,+51.309910,+5.609850,17230,10,4.19,14.0*7189","NL1ALX,PE2G,DJ3AK,PE2BZ,G8KNN,PE1ANS,G6GZH",386,15:20:15,51.30991,5.60985,17230,10,4.19,14.0
"$$FALCON,387,15:20:30,+51.311249,+5.612580,17007,10,4.19,14.0*5BE5","PE1ANS,DJ3AK,NL1ALX,PE2G,G6GZH",387,15:20:30,51.311249,5.61258,17007,10,4.19,14.0
"$$FALCON,388,15:20:45,+51.313171,+5.615550,16789,10,4.19,13.5*AA95","NL1ALX,PE2G,DJ3AK,G8KNN,PE1ANS,G6GZH",388,15:20:45,51.313171,5.61555,16789,10,4.19,13.5
"$$FALCON,389,15:21:00,+51.314659,+5.618370,16570,10,4.18,13.5*101D","NL1ALX,PE2G,DJ3AK,G8KNN,PE1ANS,G6GZH",389,15:21:00,51.314659,5.61837,16570,10,4.18,13.5
"$$FALCON,390,15:21:16,+51.316250,+5.621510,16346,10,4.17,13.0*B7F2","DJ3AK,NL1ALX,PE2G,G6GZH,G8KNN",390,15:21:16,51.31625,5.62151,16346,10,4.17,13.0
"$$FALCON,391,15:21:31,+51.317909,+5.624480,16133,10,4.17,13.0*51E8","NL1ALX,PE2G,DJ3AK,G8KNN,RevSpace,G6GZH",391,15:21:31,51.317909,5.62448,16133,10,4.17,13.0
"$$FALCON,392,15:21:46,+51.319649,+5.627420,15931,10,4.17,12.5*3930","PE1ANS,NL1ALX,PE2G,G8KNN,G6GZH",392,15:21:46,51.319649,5.62742,15931,10,4.17,12.5
"$$FALCON,394,15:22:18,+51.323212,+5.634080,15496,10,4.17,12.0*5D7E","PE1ANS,DJ3AK,NL1ALX,PE2G",394,15:22:18,51.323212,5.63408,15496,10,4.17,12.0
"$$FALCON,395,15:22:33,+51.324711,+5.637760,15297,10,4.17,12.0*2CEC","DJ3AK,NL1ALX,PE2G",395,15:22:33,51.324711,5.63776,15297,10,4.17,12.0
"$$FALCON,396,15:22:49,+51.326698,+5.641510,15099,11,4.16,11.5*93E6","PE2BZ,DJ3AK,NL1ALX,PE2G,G6GZH",396,15:22:49,51.326698,5.64151,15099,11,4.16,11.5
"$$FALCON,397,15:23:04,+51.328979,+5.644230,14890,11,4.17,11.5*F4F3","PE2BZ,DJ3AK,NL1ALX,PE2G",397,15:23:04,51.328979,5.64423,14890,11,4.17,11.5
"$$FALCON,398,15:23:19,+51.331032,+5.647210,14707,11,4.17,11.0*3113","PE2BZ,PE1ANS,NL1ALX,DJ3AK,PE2G",398,15:23:19,51.331032,5.64721,14707,11,4.17,11.0
"$$FALCON,399,15:23:34,+51.332970,+5.651060,14522,11,4.17,10.5*2A05","NL1ALX,PE2G,DJ3AK,PE2BZ,PE1ANS,G6GZH",399,15:23:34,51.33297,5.65106,14522,11,4.17,10.5
"$$FALCON,400,15:23:49,+51.334808,+5.654350,14349,11,4.16,10.5*9B33","PE2BZ,PE1ANS,NL1ALX,DJ3AK,PE2G",400,15:23:49,51.334808,5.65435,14349,11,4.16,10.5
"$$FALCON,401,15:24:05,+51.336922,+5.658280,14157,11,4.16,10.0*E72B","PE1ANS,PE2G,G8KNN",401,15:24:05,51.336922,5.65828,14157,11,4.16,10.0
"$$FALCON,402,15:24:21,+51.338970,+5.662250,13971,11,4.14,10.0*610C","NL1ALX,PE2G,DJ3AK,PE2BZ,G8KNN,PE1ANS",402,15:24:21,51.33897,5.66225,13971,11,4.14,10.0
"$$FALCON,403,15:24:37,+51.341370,+5.666790,13779,11,4.15,9.5*ED89","NL1ALX,PE2G,DJ3AK,PE2BZ,G8KNN,RevSpace,PE1ANS",403,15:24:37,51.34137,5.66679,13779,11,4.15,9.5
"$$FALCON,404,15:24:52,+51.343971,+5.670460,13605,11,4.14,9.5*6E4A","PE1ANS,PE2BZ,NL1ALX,PE2G,G8KNN",404,15:24:52,51.343971,5.67046,13605,11,4.14,9.5
"$$FALCON,405,15:25:07,+51.346470,+5.674090,13432,11,4.15,9.0*D897","NL1ALX,PE2G,DJ3AK,PE2BZ,PE1ANS,G8KNN,RevSpace,NickB",405,15:25:07,51.34647,5.67409,13432,11,4.15,9.0
"$$FALCON,406,15:25:22,+51.348770,+5.678530,13271,11,4.15,8.5*BBBF","NL1ALX,PE2G,DJ3AK,PE2BZ,G8KNN,RevSpace,PE1ANS",406,15:25:22,51.34877,5.67853,13271,11,4.15,8.5
"$$FALCON,407,15:25:37,+51.351398,+5.683120,13109,11,4.14,8.5*CECF","NL1ALX,PE2G,PE2BZ,PE1ANS,G8KNN,RevSpace,NickB,G6GZH",407,15:25:37,51.351398,5.68312,13109,11,4.14,8.5
"$$FALCON,408,15:25:52,+51.353909,+5.687270,12944,11,4.14,8.0*CCA3","NL1ALX,PE2G,PE2BZ,PE1ANS,G8KNN,RevSpace,NickB",408,15:25:52,51.353909,5.68727,12944,11,4.14,8.0
"$$FALCON,409,15:26:07,+51.356251,+5.691340,12777,11,4.12,8.0*7805","PE1ANS,DJ3AK,PE2G",409,15:26:07,51.356251,5.69134,12777,11,4.12,8.0
"$$FALCON,410,15:26:23,+51.358452,+5.695710,12606,11,4.14,7.5*B6D4","NL1ALX,PE2G,DJ3AK,PE2BZ,NickB,PE1ANS,G6GZH",410,15:26:23,51.358452,5.69571,12606,11,4.14,7.5
"$$FALCON,411,15:26:38,+51.360889,+5.700490,12441,11,4.13,7.5*0d88",NickB,411,15:26:38,51.360889,5.70049,12441,11,4.13,7.5
"$$FALCON,411,15:26:38,+51.360889,+5.700490,12441,11,4.13,7.5*0D88","NL1ALX,PE2G,DJ3AK,PE2BZ,RevSpace,PE1ANS",411,15:26:38,51.360889,5.70049,12441,11,4.13,7.5
"$$FALCON,412,15:26:53,+51.363361,+5.705680,12280,11,4.13,7.0*1E99","PE2BZ,PE1ANS,NL1ALX,DJ3AK,PE2G",412,15:26:53,51.363361,5.70568,12280,11,4.13,7.0
"$$FALCON,413,15:27:08,+51.366089,+5.711280,12120,11,4.13,7.0*E86A","NL1ALX,PE2G,DJ3AK,PE2BZ,RevSpace,PE1ANS",413,15:27:08,51.366089,5.71128,12120,11,4.13,7.0
"$$FALCON,414,15:27:23,+51.369270,+5.716970,11963,11,4.11,6.5*FE62","PE2BZ,DJ3AK,NL1ALX,PE2G,G6GZH",414,15:27:23,51.36927,5.71697,11963,11,4.11,6.5
"$$FALCON,415,15:27:38,+51.372791,+5.722050,11812,11,4.11,6.5*AB38","NL1ALX,PE2G,DJ3AK,PE2BZ,PE1ANS,RevSpace,NickB",415,15:27:38,51.372791,5.72205,11812,11,4.11,6.5
"$$FALCON,416,15:27:53,+51.376209,+5.726530,11665,11,4.12,6.0*F0AB","PE2BZ,DJ3AK,NL1ALX,PE2G,RevSpace",416,15:27:53,51.376209,5.72653,11665,11,4.12,6.0
"$$FALCON,418,15:28:25,+51.382969,+5.734920,11348,11,4.11,5.5*CBEC","PE2BZ,DJ3AK,NL1ALX,PE2G",418,15:28:25,51.382969,5.73492,11348,11,4.11,5.5
"$$FALCON,419,15:28:40,+51.385750,+5.738510,11203,11,4.10,5.0*75EE","NL1ALX,PE2G,DJ3AK,PE2BZ,PE1ANS,RevSpace,NickB",419,15:28:40,51.38575,5.73851,11203,11,4.1,5.0
"$$FALCON,420,15:28:55,+51.388340,+5.742100,11066,11,4.09,5.0*5971","NL1ALX,PE2G,DJ3AK,RevSpace,PE2BZ,PE1ANS,PD7R,NickB",420,15:28:55,51.38834,5.7421,11066,11,4.09,5.0
"$$FALCON,421,15:29:10,+51.390461,+5.745820,10934,11,4.09,4.5*1C05","NL1ALX,PE2G,DJ3AK,PD7R,PE2BZ,RevSpace,PE1ANS",421,15:29:10,51.390461,5.74582,10934,11,4.09,4.5
"$$FALCON,422,15:29:25,+51.392529,+5.749420,10801,11,4.10,4.5*46B2","NL1ALX,PE2G,DJ3AK,PE2BZ,PD7R,PE1ANS",422,15:29:25,51.392529,5.74942,10801,11,4.1,4.5
"$$FALCON,423,15:29:40,+51.394581,+5.752820,10664,11,4.10,4.0*9829","NL1ALX,PE2G,RevSpace,PE2BZ,PD7R,PE1ANS",423,15:29:40,51.394581,5.75282,10664,11,4.1,4.0
"$$FALCON,424,15:29:55,+51.396519,+5.756160,10530,11,4.10,4.0*493C","NL1ALX,PE2G,DJ3AK,RevSpace,PE2BZ,PD7R,PE1ANS",424,15:29:55,51.396519,5.75616,10530,11,4.1,4.0
"$$FALCON,425,15:30:10,+51.398270,+5.759790,10393,11,4.08,3.5*AC13","PE1ANS,PE2G",425,15:30:10,51.39827,5.75979,10393,11,4.08,3.5
"$$FALCON,426,15:30:26,+51.399860,+5.763800,10253,11,4.07,3.5*31DA","NL1ALX,PE2G,PE2BZ,PE1ANS,PD7R,NickB",426,15:30:26,51.39986,5.7638,10253,11,4.07,3.5
"$$FALCON,427,15:30:41,+51.401539,+5.767680,10127,11,4.08,3.0*0D8A","PE1ANS,NickB,NL1ALX,PE2G,RevSpace",427,15:30:41,51.401539,5.76768,10127,11,4.08,3.0
"$$FALCON,428,15:30:56,+51.403160,+5.771500,9998,11,4.07,3.0*B4AE","NL1ALX,PE2G,DJ3AK,PE2BZ,RevSpace,PE1ANS",428,15:30:56,51.40316,5.7715,9998,11,4.07,3.0
"$$FALCON,429,15:31:11,+51.404732,+5.775540,9869,11,4.08,2.5*58C8","NL1ALX,PE2G,DJ3AK,PE2BZ,PD7R,PE1ANS",429,15:31:11,51.404732,5.77554,9869,11,4.08,2.5
"$$FALCON,430,15:31:26,+51.406570,+5.779440,9742,11,4.08,2.5*AE36","NL1ALX,PE2G,DJ3AK,PE2BZ,PD7R,PE1ANS",430,15:31:26,51.40657,5.77944,9742,11,4.08,2.5
"$$FALCON,431,15:31:41,+51.408562,+5.783160,9611,11,4.06,2.0*624D","NL1ALX,PE2G,DJ3AK,PE2BZ,PD7R,PE1ANS",431,15:31:41,51.408562,5.78316,9611,11,4.06,2.0
"$$FALCON,432,15:31:56,+51.410480,+5.787140,9479,11,4.06,2.0*0981","NL1ALX,PE2G,DJ3AK,PD7R,PE2BZ,RevSpace,PE1ANS",432,15:31:56,51.41048,5.78714,9479,11,4.06,2.0
"$$FALCON,434,15:32:27,+51.414612,+5.795720,9190,11,4.07,1.0*2041","NL1ALX,PE2G,DJ3AK,PD7R,PE2BZ,RevSpace,PE1ANS",434,15:32:27,51.414612,5.79572,9190,11,4.07,1.0
"$$FALCON,435,15:32:41,+51.416592,+5.799650,9066,11,4.04,1.0*490A","NL1ALX,PE2G,DJ3AK,PE2BZ,PD7R,PE1ANS",435,15:32:41,51.416592,5.79965,9066,11,4.04,1.0
"$$FALCON,436,15:32:56,+51.418819,+5.803990,8936,11,4.06,0.5*8AF7","NL1ALX,PE2G,DJ3AK,PE2BZ,PD7R,PE1ANS",436,15:32:56,51.418819,5.80399,8936,11,4.06,0.5
"$$FALCON,437,15:33:11,+51.421230,+5.808260,8805,11,4.06,0.5*368B","NL1ALX,PE2G,DJ3AK,PD7R,PE2BZ,RevSpace,PE1ANS",437,15:33:11,51.42123,5.80826,8805,11,4.06,0.5
"$$FALCON,438,15:33:26,+51.423721,+5.812570,8684,11,4.05,0.0*2C4C","PE1ANS,PE2BZ,PD7R,PE2G,RevSpace",438,15:33:26,51.423721,5.81257,8684,11,4.05,0.0
"$$FALCON,439,15:33:40,+51.426022,+5.816500,8564,11,4.04,0.0*6639","PE2BZ,NL1ALX,PD7R,PE2G,RevSpace",439,15:33:40,51.426022,5.8165,8564,11,4.04,0.0
"$$FALCON,440,15:33:55,+51.428398,+5.820760,8440,11,4.05,0.0*5C79","NL1ALX,PE2G,DJ3AK,PD7R,PE2BZ,RevSpace,PE1ANS",440,15:33:55,51.428398,5.82076,8440,11,4.05,0.0
"$$FALCON,441,15:34:10,+51.430759,+5.825030,8325,11,4.05,-0.5*3AAA",PD7R,441,15:34:10,51.430759,5.82503,8325,11,4.05,-0.5
"$$FALCON,442,15:34:27,+51.433491,+5.829910,8175,11,4.03,-0.5*1F19","PE2BZ,PE1ANS,PD7R,PE2G,RevSpace",442,15:34:27,51.433491,5.82991,8175,11,4.03,-0.5
"$$FALCON,443,15:34:42,+51.436039,+5.834290,8030,11,4.04,-1.0*0AC2","NL1ALX,PE2G,DJ3AK,PE2BZ,PD7R,PE1ANS",443,15:34:42,51.436039,5.83429,8030,11,4.04,-1.0
"$$FALCON,444,15:34:57,+51.438450,+5.838670,7894,11,4.03,-1.0*F571","NL1ALX,PE2G,DJ3AK,PE2BZ,PD7R,PE1ANS",444,15:34:57,51.43845,5.83867,7894,11,4.03,-1.0
"$$FALCON,445,15:35:12,+51.440830,+5.843220,7749,11,4.02,-1.5*B5C3","NL1ALX,PE2G,DJ3AK,PE2BZ,PD7R,PE1ANS",445,15:35:12,51.44083,5.84322,7749,11,4.02,-1.5
"$$FALCON,446,15:35:27,+51.443279,+5.847800,7596,11,4.04,-1.5*D652","PE2BZ,PE1ANS,PE2G,PD7R",446,15:35:27,51.443279,5.8478,7596,11,4.04,-1.5
"$$FALCON,447,15:35:42,+51.445728,+5.852300,7445,11,4.03,-2.0*D95A","NL1ALX,PE2G,DJ3AK,PE2BZ,PD7R,PE1ANS",447,15:35:42,51.445728,5.8523,7445,11,4.03,-2.0
"$$FALCON,448,15:35:57,+51.448269,+5.856530,7300,11,4.03,-2.0*6864","PE2BZ,PE1ANS,NL1ALX,PE2G,PD7R",448,15:35:57,51.448269,5.85653,7300,11,4.03,-2.0
"$$FALCON,449,15:36:12,+51.450951,+5.860530,7146,11,4.02,-2.0*B335","PA2GLA,PE2G,PD7R",449,15:36:12,51.450951,5.86053,7146,11,4.02,-2.0
"$$FALCON,450,15:36:28,+51.453800,+5.864650,6997,11,4.03,-2.5*07B3","PE2BZ,PE1ANS,NL1ALX,PE2G,PA2GLA",450,15:36:28,51.4538,5.86465,6997,11,4.03,-2.5
"$$FALCON,451,15:36:43,+51.456329,+5.868410,6859,11,4.03,-2.5*D424","NL1ALX,PE2G,PA2GLA,RevSpace,PE2BZ,PD7R",451,15:36:43,51.456329,5.86841,6859,11,4.03,-2.5
"$$FALCON,452,15:36:58,+51.458820,+5.872220,6719,11,4.02,-3.0*A605","NL1ALX,PE2G,PA2GLA,PE2BZ,PD7R,PE1ANS",452,15:36:58,51.45882,5.87222,6719,11,4.02,-3.0
"$$FALCON,453,15:37:13,+51.461250,+5.876260,6580,11,4.01,-3.0*4507","NL1ALX,PE2G,PA2GLA,RevSpace,PE2BZ,PD7R,PE1ANS",453,15:37:13,51.46125,5.87626,6580,11,4.01,-3.0
"$$FALCON,454,15:37:28,+51.463680,+5.880080,6440,11,4.02,-3.0*5995","NL1ALX,PE2G,PA2GLA,PE2BZ,PD7R,PE1ANS",454,15:37:28,51.46368,5.88008,6440,11,4.02,-3.0
"$$FALCON,455,15:37:43,+51.466282,+5.883920,6301,11,4.02,-3.0*57D7","NL1ALX,PE2G,PA2GLA,PE2BZ,PD7R,PE1ANS",455,15:37:43,51.466282,5.88392,6301,11,4.02,-3.0
"$$FALCON,456,15:37:58,+51.468891,+5.888060,6166,11,4.02,-3.5*94FA","NL1ALX,PE2G,PA2GLA,PE2BZ,PD7R,PE1ANS",456,15:37:58,51.468891,5.88806,6166,11,4.02,-3.5
"$$FALCON,458,15:38:30,+51.473949,+5.896410,5878,11,4.02,-3.5*A889","PE2BZ,PE1ANS,PA2GLA,PE2G,PD7R",458,15:38:30,51.473949,5.89641,5878,11,4.02,-3.5
"$$FALCON,459,15:38:45,+51.476269,+5.899910,5744,11,4.01,-3.5*960E","NL1ALX,PE2G,PA2GLA,RevSpace,PE2BZ,PD7R,PE1ANS",459,15:38:45,51.476269,5.89991,5744,11,4.01,-3.5
"$$FALCON,460,15:39:00,+51.478512,+5.903210,5614,11,4.02,-3.5*2877","PE2BZ,PE1ANS,NL1ALX,PE2G,PD7R",460,15:39:00,51.478512,5.90321,5614,11,4.02,-3.5
"$$FALCON,461,15:39:15,+51.480579,+5.906370,5487,11,4.02,-3.5*3AED","NL1ALX,PE2G,PA2GLA,RevSpace,PE2BZ,PD7R,PE1ANS",461,15:39:15,51.480579,5.90637,5487,11,4.02,-3.5
"$$FALCON,462,15:39:30,+51.482849,+5.909280,5361,11,4.02,-3.5*DB72","NL1ALX,PE2G,PA2GLA,PE2BZ,PD7R,PE1ANS",462,15:39:30,51.482849,5.90928,5361,11,4.02,-3.5
"$$FALCON,463,15:39:45,+51.485111,+5.911980,5236,11,4.02,-3.5*94A9","NL1ALX,PE2G,PA2GLA,RevSpace,PE2BZ,PD7R,PE1ANS",463,15:39:45,51.485111,5.91198,5236,11,4.02,-3.5
"$$FALCON,464,15:40:00,+51.487289,+5.914790,5113,11,4.01,-3.5*7F03","PE2BZ,PA2GLA,PE2G,PD7R",464,15:40:00,51.487289,5.91479,5113,11,4.01,-3.5
"$$FALCON,465,15:40:15,+51.489559,+5.917680,4991,11,4.02,-3.5*841D","PE1ANS,PA2GLA,PE2G,PD7R",465,15:40:15,51.489559,5.91768,4991,11,4.02,-3.5
"$$FALCON,466,15:40:31,+51.492008,+5.920680,4862,11,4.02,-3.5*BBCD","PE2G,PA2GLA,RevSpace,PE2BZ,PD7R,PE1ANS",466,15:40:31,51.492008,5.92068,4862,11,4.02,-3.5
"$$FALCON,467,15:40:46,+51.494362,+5.923490,4739,11,4.02,-3.5*D249","PE2BZ,PE1ANS,PA2GLA,PE2G,PD7R",467,15:40:46,51.494362,5.92349,4739,11,4.02,-3.5
"$$FALCON,468,15:41:01,+51.496651,+5.926130,4615,11,4.02,-3.5*08B4","PE2G,PA2GLA,RevSpace,PE2BZ,PD7R,PE1ANS",468,15:41:01,51.496651,5.92613,4615,11,4.02,-3.5
"$$FALCON,469,15:41:16,+51.498829,+5.928970,4493,11,4.02,-3.0*631C","PE2G,PA2GLA,RevSpace,PE2BZ,PD7R,PE1ANS",469,15:41:16,51.498829,5.92897,4493,11,4.02,-3.0
"$$FALCON,470,15:41:31,+51.500881,+5.931830,4369,11,4.01,-3.0*76E4","PE2G,PA2GLA,RevSpace,PE2BZ,PD7R,PE1ANS",470,15:41:31,51.500881,5.93183,4369,11,4.01,-3.0
"$$FALCON,471,15:41:46,+51.502800,+5.934520,4249,11,4.02,-3.0*DBE3","PE2G,PA2GLA,RevSpace,PE2BZ,PD7R,PE1ANS",471,15:41:46,51.5028,5.93452,4249,11,4.02,-3.0
"$$FALCON,472,15:42:01,+51.504688,+5.937360,4127,11,4.03,-2.5*C402","PE2BZ,PE1ANS,PE2G,PA2GLA",472,15:42:01,51.504688,5.93736,4127,11,4.03,-2.5
"$$FALCON,473,15:42:16,+51.506420,+5.940170,4003,11,4.03,-2.5*D749","PE2G,PD7R",473,15:42:16,51.50642,5.94017,4003,11,4.03,-2.5
"$$FALCON,474,15:42:33,+51.507999,+5.942870,3867,11,4.02,-2.5*B678","PE2BZ,PE1ANS,PD7R,PE2G,PA2GLA",474,15:42:33,51.507999,5.94287,3867,11,4.02,-2.5
"$$FALCON,475,15:42:48,+51.509239,+5.945080,3745,11,4.03,-2.0*CFB9","PE2BZ,PE1ANS,PA2GLA,PE2G,NickB",475,15:42:48,51.509239,5.94508,3745,11,4.03,-2.0
"$$FALCON,476,15:43:03,+51.510189,+5.946920,3623,11,4.03,-2.0*7702","PE2BZ,PE1ANS,PE2G,PA2GLA",476,15:43:03,51.510189,5.94692,3623,11,4.03,-2.0
"$$FALCON,477,15:43:18,+51.511040,+5.948780,3504,11,4.03,-1.5*D3BC","PE1ANS,PE2BZ,PA2GLA,PE2G,RevSpace",477,15:43:18,51.51104,5.94878,3504,11,4.03,-1.5
"$$FALCON,478,15:43:33,+51.511822,+5.950280,3387,11,4.04,-1.5*F017","PE2BZ,PE1ANS,PA2GLA,PE2G,NickB",478,15:43:33,51.511822,5.95028,3387,11,4.04,-1.5
"$$FALCON,479,15:43:48,+51.512550,+5.951760,3272,11,4.03,-1.5*9536","PE2BZ,PE1ANS,PA2GLA,PE2G,NickB",479,15:43:48,51.51255,5.95176,3272,11,4.03,-1.5
"$$FALCON,480,15:44:03,+51.513210,+5.953520,3159,11,4.03,-1.0*5DB4","PE2BZ,PE1ANS,PE2G,PA2GLA",480,15:44:03,51.51321,5.95352,3159,11,4.03,-1.0
"$$FALCON,482,15:44:34,+51.514900,+5.957530,2929,11,4.03,-0.5*EF8F","PE2BZ,PE1ANS,PE2G,PA2GLA",482,15:44:34,51.5149,5.95753,2929,11,4.03,-0.5
"$$FALCON,483,15:44:49,+51.515949,+5.959440,2817,11,4.03,0.0*820A","PE2BZ,PE1ANS,PE2G,PA2GLA",483,15:44:49,51.515949,5.95944,2817,11,4.03,0.0
"$$FALCON,484,15:45:04,+51.517029,+5.961400,2704,11,4.05,0.0*BBAC","PE2BZ,PE1ANS,PE2G,PA2GLA",484,15:45:04,51.517029,5.9614,2704,11,4.05,0.0
"$$FALCON,485,15:45:19,+51.518089,+5.963260,2590,11,4.04,0.5*4B3D","PE2BZ,PE1ANS,PA2GLA,PE2G,NickB",485,15:45:19,51.518089,5.96326,2590,11,4.04,0.5
"$$FALCON,486,15:45:34,+51.519199,+5.965160,2479,11,4.05,0.5*6FCE","PE2BZ,PA2GLA,PE2G,RevSpace",486,15:45:34,51.519199,5.96516,2479,11,4.05,0.5
"$$FALCON,487,15:45:49,+51.520390,+5.967470,2374,11,4.05,1.0*315D","PE1ANS,PE2BZ,PE2G,PA2GLA",487,15:45:49,51.52039,5.96747,2374,11,4.05,1.0
"$$FALCON,488,15:46:03,+51.521412,+5.969630,2267,11,4.05,1.5*6EBA","PE2BZ,PE1ANS,PE2G,PA2GLA",488,15:46:03,51.521412,5.96963,2267,11,4.05,1.5
"$$FALCON,489,15:46:18,+51.522530,+5.971960,2161,11,4.05,1.5*7AB0",PA2GLA,489,15:46:18,51.52253,5.97196,2161,11,4.05,1.5
"$$FALCON,490,15:46:34,+51.523800,+5.974220,2045,11,4.06,2.0*3159","PE1ANS,PE2G,PA2GLA",490,15:46:34,51.5238,5.97422,2045,11,4.06,2.0
"$$FALCON,491,15:46:49,+51.525120,+5.976390,1937,11,4.07,2.0*124F","PE1ANS,PE2G,PA2GLA",491,15:46:49,51.52512,5.97639,1937,11,4.07,2.0
"$$FALCON,492,15:47:04,+51.526531,+5.978590,1823,11,4.07,2.5*B475","PE1ANS,PE2G,PA2GLA",492,15:47:04,51.526531,5.97859,1823,11,4.07,2.5
"$$FALCON,493,15:47:19,+51.528000,+5.980680,1713,11,4.08,3.0*D4CD","PE1ANS,PE2G,PA2GLA",493,15:47:19,51.528,5.98068,1713,11,4.08,3.0
"$$FALCON,494,15:47:34,+51.529480,+5.982710,1608,11,4.07,3.0*DD74","PE1ANS,PE2G,PA2GLA",494,15:47:34,51.52948,5.98271,1608,11,4.07,3.0
"$$FALCON,495,15:47:48,+51.530811,+5.984550,1493,11,4.09,3.5*F1DE","PE1ANS,PE2G,PA2GLA",495,15:47:48,51.530811,5.98455,1493,11,4.09,3.5
"$$FALCON,496,15:48:03,+51.532188,+5.986650,1377,10,4.09,4.0*A46B","PE1ANS,PE2G,PA2GLA",496,15:48:03,51.532188,5.98665,1377,10,4.09,4.0
"$$FALCON,498,15:48:34,+51.535080,+5.991200,1152,11,4.10,4.5*A544","PE2G,PA2GLA",498,15:48:34,51.53508,5.9912,1152,11,4.1,4.5
"$$FALCON,499,15:48:49,+51.536598,+5.993490,1046,11,4.11,5.0*4104","PE2G,PA2GLA",499,15:48:49,51.536598,5.99349,1046,11,4.11,5.0
"$$FALCON,500,15:49:04,+51.538071,+5.995770,940,11,4.11,5.5*1176",PE2G,500,15:49:04,51.538071,5.99577,940,11,4.11,5.5
"$$FALCON,501,15:49:18,+51.539509,+5.998060,850,11,4.11,6.0*1A50","PE2G,PA2GLA",501,15:49:18,51.539509,5.99806,850,11,4.11,6.0
"$$FALCON,502,15:49:33,+51.540878,+6.000600,753,11,4.10,6.0*AE2E",PE2G,502,15:49:33,51.540878,6.0006,753,11,4.1,6.0
"$$FALCON,503,15:49:48,+51.542091,+6.003140,661,11,4.12,6.5*66BD",PE2G,503,15:49:48,51.542091,6.00314,661,11,4.12,6.5
"$$FALCON,504,15:50:02,+51.543110,+6.005450,557,11,4.13,7.0*F6EB",PE2G,504,15:50:02,51.54311,6.00545,557,11,4.13,7.0
"$$FALCON,682,16:33:21,+51.545769,+6.016530,23,10,4.36,30.5*82D4",NickB,682,16:33:21,51.545769,6.01653,23,10,4.36,30.5
"$$FALCON,685,16:34:05,+51.545738,+6.016560,23,10,4.36,30.5*9594",NickB,685,16:34:05,51.545738,6.01656,23,10,4.36,30.5
"$$FALCON,687,16:34:34,+51.545738,+6.016570,19,10,4.37,30.5*DA09",NickB,687,16:34:34,51.545738,6.01657,19,10,4.37,30.5
"$$FALCON,688,16:34:49,+51.545738,+6.016560,22,10,4.37,30.5*0212",NickB,688,16:34:49,51.545738,6.01656,22,10,4.37,30.5
