_sentence,_receivers,sentence_id,time,latitude,longitude,altitude,pressure_altitude,speed,heading,temperature,pressure,battery,flags,satellites
"$$FOKUS-1,36,223859,0,0,0,-45,0,0,20,101867,150,208,0*7BEB",SQ5KTM,36,22:38:59,0.0,0.0,0,-45,0,0,20,101867,1.5,208,0
"$$FOKUS-1,38,223928,0,0,0,-45,0,0,20,101869,150,208,0*85DE",SQ5KTM,38,22:39:28,0.0,0.0,0,-45,0,0,20,101869,1.5,208,0
"$$FOKUS-1,39,223942,0,0,0,-45,0,0,20,101874,150,208,0*5BDF",SQ5KTM,39,22:39:42,0.0,0.0,0,-45,0,0,20,101874,1.5,208,0
"$$FOKUS-1,40,223956,0,0,0,-45,0,0,20,101871,150,208,0*E27F",SQ5KTM,40,22:39:56,0.0,0.0,0,-45,0,0,20,101871,1.5,208,0
"$$FOKUS-1,41,224010,0,0,0,-45,0,0,20,101873,150,208,0*DAF3",SQ5KTM,41,22:40:10,0.0,0.0,0,-45,0,0,20,101873,1.5,208,0
"$$FOKUS-1,3,083847,0,0,0,-35,0,0,3,101751,160,208,0*FEDE",SQ5RWU,3,08:38:47,0.0,0.0,0,-35,0,0,3,101751,1.6,208,0
"$$FOKUS-1,4,083902,0,0,0,-35,0,0,4,101752,160,208,0*0575",SQ5RWU,4,08:39:02,0.0,0.0,0,-35,0,0,4,101752,1.6,208,0
"$$FOKUS-1,5,083916,0,0,0,-28,0,0,5,101670,158,208,0*C427",SQ5RWU,5,08:39:16,0.0,0.0,0,-28,0,0,5,101670,1.58,208,0
"$$FOKUS-1,6,083930,0,0,0,-30,0,0,6,101686,157,208,0*2EF0",SQ5RWU,6,08:39:30,0.0,0.0,0,-30,0,0,6,101686,1.57,208,0
"$$FOKUS-1,7,083943,0,0,0,-33,0,0,5,101729,157,208,0*8D91",SQ5RWU,7,08:39:43,0.0,0.0,0,-33,0,0,5,101729,1.57,208,0
"$$FOKUS-1,8,083957,52.50570,21.05926,124,-32,0,0,6,101710,156,0b,4*03A7",SQ5RWU,8,08:39:57,52.5057,21.05926,124,-32,0,0,6,101710,1.56,0b,4
"$$FOKUS-1,9,084011,52.50569,21.05927,119,-30,0,0,7,101697,154,20b,4*F6A6",SQ5RWU,9,08:40:11,52.50569,21.05927,119,-30,0,0,7,101697,1.54,20b,4
"$$FOKUS-1,10,084028,52.50573,21.05932,119,-31,0,50,6,101703,155,20b,5*6ADC",SQ5RWU,10,08:40:28,52.50573,21.05932,119,-31,0,50,6,101703,1.55,20b,5
"$$FOKUS-1,11,084045,52.50573,21.05934,119,-30,0,50,6,101690,155,21b,6*8AE3",SQ5RWU,11,08:40:45,52.50573,21.05934,119,-30,0,50,6,101690,1.55,21b,6
"$$FOKUS-1,12,084103,52.50574,21.05933,119,-30,0,50,6,101692,154,21b,6*2130",SQ5RWU,12,08:41:03,52.50574,21.05933,119,-30,0,50,6,101692,1.54,21b,6
"$$FOKUS-1,13,084120,52.50574,21.05929,120,-29,0,50,5,101677,154,21b,4*7424",SQ5RWU,13,08:41:20,52.50574,21.05929,120,-29,0,50,5,101677,1.54,21b,4
"$$FOKUS-1,14,084138,52.50576,21.05929,109,-33,0,50,5,101726,154,21b,6*C9D5",SQ5RWU,14,08:41:38,52.50576,21.05929,109,-33,0,50,5,101726,1.54,21b,6
"$$FOKUS-1,15,084156,52.50570,21.05934,114,-29,1,50,5,101679,153,21b,6*2A74",SQ5RWU,15,08:41:56,52.5057,21.05934,114,-29,1,50,5,101679,1.53,21b,6
"$$FOKUS-1,16,084213,52.50571,21.05940,114,-32,0,50,5,101712,153,21b,6*1031",SQ5RWU,16,08:42:13,52.50571,21.0594,114,-32,0,50,5,101712,1.53,21b,6
"$$FOKUS-1,17,084231,52.50569,21.05931,100,-32,0,50,5,101712,152,21b,5*DE77",SQ5RWU,17,08:42:31,52.50569,21.05931,100,-32,0,50,5,101712,1.52,21b,5
"$$FOKUS-1,18,084249,52.50567,21.05923,112,-32,0,50,5,101712,152,21b,6*3C62",SQ5RWU,18,08:42:49,52.50567,21.05923,112,-32,0,50,5,101712,1.52,21b,6
"$$FOKUS-1,19,084306,52.50568,21.05921,109,-28,1,50,6,101673,151,21b,5*F453",SQ5RWU,19,08:43:06,52.50568,21.05921,109,-28,1,50,6,101673,1.51,21b,5
"$$FOKUS-1,20,084324,52.50569,21.05881,135,-34,0,237,7,101742,151,21b,6*8607",SQ5RWU,20,08:43:24,52.50569,21.05881,135,-34,0,237,7,101742,1.51,21b,6
"$$FOKUS-1,21,084342,52.50573,21.05911,132,-36,0,237,8,101769,150,21b,6*9B1C",SQ5RWU,21,08:43:42,52.50573,21.05911,132,-36,0,237,8,101769,1.5,21b,6
"$$FOKUS-1,22,084400,52.50578,21.05925,126,-34,0,237,6,101741,150,21b,5*CDA5",SQ5RWU,22,08:44:00,52.50578,21.05925,126,-34,0,237,6,101741,1.5,21b,5
"$$FOKUS-1,23,084418,52.50573,21.05927,118,-34,0,338,5,101736,150,21b,4*6B9F",SQ5RWU,23,08:44:18,52.50573,21.05927,118,-34,0,338,5,101736,1.5,21b,4
"$$FOKUS-1,24,084435,52.50606,21.05914,120,-33,27,343,5,101728,149,21b,5*22CD",SQ5RWU,24,08:44:35,52.50606,21.05914,120,-33,27,343,5,101728,1.49,21b,5
"$$FOKUS-1,25,084453,52.50598,21.05920,126,-32,0,10,5,101715,148,21b,6*E04B",SQ5RWU,25,08:44:53,52.50598,21.0592,126,-32,0,10,5,101715,1.48,21b,6
"$$FOKUS-1,26,084511,52.50581,21.05916,127,-38,1,10,5,101789,148,21b,6*193A",SQ5RWU,26,08:45:11,52.50581,21.05916,127,-38,1,10,5,101789,1.48,21b,6
"$$FOKUS-1,27,084529,52.50575,21.05923,127,-36,1,10,6,101761,148,21b,5*662F",SQ5RWU,27,08:45:29,52.50575,21.05923,127,-36,1,10,6,101761,1.48,21b,5
"$$FOKUS-1,28,084547,52.50567,21.05926,118,-37,1,343,6,101774,148,21b,4*5964",SQ5RWU,28,08:45:47,52.50567,21.05926,118,-37,1,343,6,101774,1.48,21b,4
"$$FOKUS-1,29,084605,52.50569,21.05922,121,-37,0,240,7,101775,148,21b,6*35F1",SQ5RWU,29,08:46:05,52.50569,21.05922,121,-37,0,240,7,101775,1.48,21b,6
"$$FOKUS-1,30,084622,52.50571,21.05920,122,-37,0,240,8,101776,147,21b,4*EDF3",SQ5RWU,30,08:46:22,52.50571,21.0592,122,-37,0,240,8,101776,1.47,21b,4
"$$FOKUS-1,31,084640,52.50570,21.05919,120,-38,0,240,8,101791,147,21b,6*1DA4",SQ5RWU,31,08:46:40,52.5057,21.05919,120,-38,0,240,8,101791,1.47,21b,6
"$$FOKUS-1,32,084658,52.50564,21.05915,119,-38,0,240,9,101786,147,21b,6*9223",SQ5RWU,32,08:46:58,52.50564,21.05915,119,-38,0,240,9,101786,1.47,21b,6
"$$FOKUS-1,33,084716,52.50570,21.05920,117,-36,0,240,9,101765,148,21b,6*BB94",SQ5RWU,33,08:47:16,52.5057,21.0592,117,-36,0,240,9,101765,1.48,21b,6
"$$FOKUS-1,34,084734,52.50571,21.05912,125,-37,1,240,9,101781,147,21b,6*23B4",SQ5RWU,34,08:47:34,52.50571,21.05912,125,-37,1,240,9,101781,1.47,21b,6
"$$FOKUS-1,35,084752,52.50567,21.05913,130,-38,0,240,10,101785,147,21b,6*A11F",SQ5RWU,35,08:47:52,52.50567,21.05913,130,-38,0,240,10,101785,1.47,21b,6
"$$FOKUS-1,36,084810,52.50575,21.05921,132,-37,3,240,10,101778,148,21b,5*8FFC",SQ5RWU,36,08:48:10,52.50575,21.05921,132,-37,3,240,10,101778,1.48,21b,5
"$$FOKUS-1,37,084828,52.50570,21.05928,128,-37,0,352,10,101780,146,21b,5*0302",SQ5RWU,37,08:48:28,52.5057,21.05928,128,-37,0,352,10,101780,1.46,21b,5
"$$FOKUS-1,38,084846,52.50575,21.05942,125,-38,1,352,10,101786,146,21b,6*5517",SQ5RWU,38,08:48:46,52.50575,21.05942,125,-38,1,352,10,101786,1.46,21b,6
"$$FOKUS-1,39,084904,52.50575,21.05932,116,-38,0,352,10,101789,145,21b,6*3438",SQ5RWU,39,08:49:04,52.50575,21.05932,116,-38,0,352,10,101789,1.45,21b,6
"$$FOKUS-1,40,084922,52.50576,21.05930,112,-40,0,334,11,101808,146,219,4*EF81",SQ5RWU,40,08:49:22,52.50576,21.0593,112,-40,0,334,11,101808,1.46,219,4
"$$FOKUS-1,41,084940,52.50582,21.05927,111,-39,1,326,11,101802,146,21b,5*004B",SQ5RWU,41,08:49:40,52.50582,21.05927,111,-39,1,326,11,101802,1.46,21b,5
"$$FOKUS-1,42,084958,52.50585,21.05922,113,-38,5,327,11,101791,146,21b,5*39BA",SQ5RWU,42,08:49:58,52.50585,21.05922,113,-38,5,327,11,101791,1.46,21b,5
"$$FOKUS-1,43,085017,52.50579,21.05929,114,-38,0,329,11,101794,146,21b,6*2065",SQ5RWU,43,08:50:17,52.50579,21.05929,114,-38,0,329,11,101794,1.46,21b,6
"$$FOKUS-1,44,085035,52.50581,21.05930,115,-38,0,329,11,101793,146,21b,5*15C2",SQ5RWU,44,08:50:35,52.50581,21.0593,115,-38,0,329,11,101793,1.46,21b,5
"$$FOKUS-1,45,085053,52.50580,21.05931,121,-39,0,329,11,101797,145,21b,5*8881",SQ5RWU,45,08:50:53,52.5058,21.05931,121,-39,0,329,11,101797,1.45,21b,5
"$$FOKUS-1,46,085111,52.50579,21.05937,117,-38,0,329,11,101793,144,21b,4*EA59",SQ5RWU,46,08:51:11,52.50579,21.05937,117,-38,0,329,11,101793,1.44,21b,4
"$$FOKUS-1,47,085129,52.50575,21.05932,115,-38,0,329,11,101794,146,21b,5*7485",SQ5RWU,47,08:51:29,52.50575,21.05932,115,-38,0,329,11,101794,1.46,21b,5
"$$FOKUS-1,48,085147,52.50577,21.05928,110,-40,0,329,12,101807,145,21b,5*6246",SQ5RWU,48,08:51:47,52.50577,21.05928,110,-40,0,329,12,101807,1.45,21b,5
"$$FOKUS-1,49,085205,52.50579,21.05933,114,-39,0,329,12,101803,146,21b,5*2E76",SQ5RWU,49,08:52:05,52.50579,21.05933,114,-39,0,329,12,101803,1.46,21b,5
"$$FOKUS-1,50,085223,52.50577,21.05930,110,-39,0,329,12,101800,145,21b,5*F07A",SQ5RWU,50,08:52:23,52.50577,21.0593,110,-39,0,329,12,101800,1.45,21b,5
"$$FOKUS-1,51,085242,52.50567,21.05936,100,-39,1,329,12,101803,145,21b,5*4F4C",SQ5RWU,51,08:52:42,52.50567,21.05936,100,-39,1,329,12,101803,1.45,21b,5
"$$FOKUS-1,52,085300,52.50567,21.05932,93,-39,0,329,12,101802,145,21b,5*2372",SQ5RWU,52,08:53:00,52.50567,21.05932,93,-39,0,329,12,101802,1.45,21b,5
"$$FOKUS-1,53,085318,52.50578,21.05924,92,-39,1,329,12,101800,145,21b,5*B15D",SQ5RWU,53,08:53:18,52.50578,21.05924,92,-39,1,329,12,101800,1.45,21b,5
"$$FOKUS-1,54,085336,52.50583,21.05921,112,-39,1,329,12,101800,144,21b,6*594D",SQ5RWU,54,08:53:36,52.50583,21.05921,112,-39,1,329,12,101800,1.44,21b,6
"$$FOKUS-1,55,085354,52.50585,21.05918,102,-39,0,329,12,101802,145,21b,6*05BE",SQ5RWU,55,08:53:54,52.50585,21.05918,102,-39,0,329,12,101802,1.45,21b,6
"$$FOKUS-1,56,085412,52.50580,21.05923,101,-40,1,329,12,101807,144,209,3*CE4F",SQ5RWU,56,08:54:12,52.5058,21.05923,101,-40,1,329,12,101807,1.44,209,3
"$$FOKUS-1,57,085430,52.50583,21.05925,104,-40,0,329,12,101812,145,21b,6*B1D2",SQ5RWU,57,08:54:30,52.50583,21.05925,104,-40,0,329,12,101812,1.45,21b,6
"$$FOKUS-1,58,085448,52.50585,21.05925,107,-41,0,329,12,101821,145,21b,6*9BA3",SQ5RWU,58,08:54:48,52.50585,21.05925,107,-41,0,329,12,101821,1.45,21b,6
"$$FOKUS-1,59,085506,52.50581,21.05922,108,-42,0,329,12,101839,144,21b,5*EC10",SQ5RWU,59,08:55:06,52.50581,21.05922,108,-42,0,329,12,101839,1.44,21b,5
"$$FOKUS-1,60,085524,52.50576,21.05918,115,-42,1,329,12,101834,144,21b,6*06C4",SQ5RWU,60,08:55:24,52.50576,21.05918,115,-42,1,329,12,101834,1.44,21b,6
"$$FOKUS-1,61,085542,52.50583,21.05914,121,-42,1,329,12,101835,144,21b,5*CFE1",SQ5RWU,61,08:55:42,52.50583,21.05914,121,-42,1,329,12,101835,1.44,21b,5
"$$FOKUS-1,62,085600,52.50586,21.05916,125,-42,0,329,13,101835,145,21b,5*B05C",SQ5RWU,62,08:56:00,52.50586,21.05916,125,-42,0,329,13,101835,1.45,21b,5
"$$FOKUS-1,64,085637,52.50583,21.05915,119,-42,0,329,13,101836,144,21b,5*D3DB",SQ5RWU,64,08:56:37,52.50583,21.05915,119,-42,0,329,13,101836,1.44,21b,5
"$$FOKUS-1,65,085655,52.50588,21.05920,116,-42,1,329,13,101836,145,21b,5*0FCC",SQ5RWU,65,08:56:55,52.50588,21.0592,116,-42,1,329,13,101836,1.45,21b,5
"$$FOKUS-1,66,085713,52.50586,21.05918,116,-42,0,329,13,101836,146,21b,5*C6E9",SQ5RWU,66,08:57:13,52.50586,21.05918,116,-42,0,329,13,101836,1.46,21b,5
"$$FOKUS-1,67,085731,52.50594,21.05932,116,-42,0,329,13,101833,146,21b,5*1D46",SQ5RWU,67,08:57:31,52.50594,21.05932,116,-42,0,329,13,101833,1.46,21b,5
"$$FOKUS-1,68,085749,52.50594,21.05927,116,-41,0,329,13,101829,145,21b,5*79C6",SQ5RWU,68,08:57:49,52.50594,21.05927,116,-41,0,329,13,101829,1.45,21b,5
"$$FOKUS-1,69,085807,52.50578,21.05910,108,-41,0,329,13,101830,145,21b,5*2C7B",SQ5RWU,69,08:58:07,52.50578,21.0591,108,-41,0,329,13,101830,1.45,21b,5
"$$FOKUS-1,70,085825,52.50577,21.05901,113,-42,0,329,13,101831,144,21b,5*40CE",SQ5RWU,70,08:58:25,52.50577,21.05901,113,-42,0,329,13,101831,1.44,21b,5
"$$FOKUS-1,71,085843,52.50581,21.05914,113,-41,0,329,13,101830,144,21b,5*FA85",SQ5RWU,71,08:58:43,52.50581,21.05914,113,-41,0,329,13,101830,1.44,21b,5
"$$FOKUS-1,72,085901,52.50585,21.05919,111,-42,1,329,13,101836,144,21b,5*3644",SQ5RWU,72,08:59:01,52.50585,21.05919,111,-42,1,329,13,101836,1.44,21b,5
"$$FOKUS-1,73,085920,52.50577,21.05912,109,-42,2,216,13,101837,144,21b,5*A3AB",SQ5RWU,73,08:59:20,52.50577,21.05912,109,-42,2,216,13,101837,1.44,21b,5
"$$FOKUS-1,74,085938,52.50579,21.05912,110,-42,0,219,13,101836,145,21b,4*5479",SQ5RWU,74,08:59:38,52.50579,21.05912,110,-42,0,219,13,101836,1.45,21b,4
"$$FOKUS-1,75,085956,52.50577,21.05913,114,-41,0,219,14,101828,144,21b,5*6E80",SQ5RWU,75,08:59:56,52.50577,21.05913,114,-41,0,219,14,101828,1.44,21b,5
"$$FOKUS-1,76,090014,52.50580,21.05916,114,-40,1,219,14,101814,144,21b,5*7F40",SQ5RWU,76,09:00:14,52.5058,21.05916,114,-40,1,219,14,101814,1.44,21b,5
"$$FOKUS-1,77,090032,52.50585,21.05922,115,-41,0,219,14,101830,145,21b,5*72F7",SQ5RWU,77,09:00:32,52.50585,21.05922,115,-41,0,219,14,101830,1.45,21b,5
"$$FOKUS-1,78,090050,52.50585,21.05919,113,-42,0,219,14,101833,145,21b,7*369C",SQ5RWU,78,09:00:50,52.50585,21.05919,113,-42,0,219,14,101833,1.45,21b,7
"$$FOKUS-1,79,090108,52.50591,21.05931,113,-41,1,219,14,101827,145,21b,6*E2CD",SQ5RWU,79,09:01:08,52.50591,21.05931,113,-41,1,219,14,101827,1.45,21b,6
"$$FOKUS-1,80,090126,52.50586,21.05921,110,-41,1,219,14,101823,145,21b,5*7CF5",SQ5RWU,80,09:01:26,52.50586,21.05921,110,-41,1,219,14,101823,1.45,21b,5
"$$FOKUS-1,81,090145,52.50583,21.05925,108,-40,1,219,14,101817,145,21b,6*E371",SQ5RWU,81,09:01:45,52.50583,21.05925,108,-40,1,219,14,101817,1.45,21b,6
"$$FOKUS-1,82,090203,52.50585,21.05927,109,-41,0,219,14,101819,146,21b,6*0B4B",SQ5RWU,82,09:02:03,52.50585,21.05927,109,-41,0,219,14,101819,1.46,21b,6
"$$FOKUS-1,83,090221,52.50579,21.05926,105,-41,0,219,14,101821,145,21b,6*7B78",SQ5RWU,83,09:02:21,52.50579,21.05926,105,-41,0,219,14,101821,1.45,21b,6
"$$FOKUS-1,84,090239,52.50579,21.05925,106,-41,1,219,13,101826,145,21b,6*7F2C",SQ5RWU,84,09:02:39,52.50579,21.05925,106,-41,1,219,13,101826,1.45,21b,6
"$$FOKUS-1,85,090257,52.50578,21.05921,105,-41,0,219,13,101829,145,21b,7*05B8",SQ5RWU,85,09:02:57,52.50578,21.05921,105,-41,0,219,13,101829,1.45,21b,7
"$$FOKUS-1,86,090315,52.50579,21.05927,116,-41,0,219,13,101830,145,21b,7*04A7",SQ5RWU,86,09:03:15,52.50579,21.05927,116,-41,0,219,13,101830,1.45,21b,7
"$$FOKUS-1,87,090333,52.50575,21.05922,114,-41,0,219,13,101827,145,21b,6*4A85",SQ5RWU,87,09:03:33,52.50575,21.05922,114,-41,0,219,13,101827,1.45,21b,6
"$$FOKUS-1,88,090351,52.50575,21.05923,114,-42,0,219,13,101831,145,21b,7*1C01",SQ5RWU,88,09:03:51,52.50575,21.05923,114,-42,0,219,13,101831,1.45,21b,7
"$$FOKUS-1,89,090409,52.50577,21.05927,119,-41,0,219,13,101830,146,21b,6*2576",SQ5RWU,89,09:04:09,52.50577,21.05927,119,-41,0,219,13,101830,1.46,21b,6
"$$FOKUS-1,90,090428,52.50586,21.05924,123,-41,1,219,13,101828,145,21b,7*3318",SQ5RWU,90,09:04:28,52.50586,21.05924,123,-41,1,219,13,101828,1.45,21b,7
"$$FOKUS-1,91,090446,52.50582,21.05906,115,-42,2,227,13,101834,146,21b,6*DE4E",SQ5RWU,91,09:04:46,52.50582,21.05906,115,-42,2,227,13,101834,1.46,21b,6
"$$FOKUS-1,92,090504,52.50576,21.05904,115,-42,1,217,13,101831,146,21b,6*85B8",SQ5RWU,92,09:05:04,52.50576,21.05904,115,-42,1,217,13,101831,1.46,21b,6
"$$FOKUS-1,93,090522,52.50574,21.05904,117,-42,0,217,13,101837,145,21b,7*F93B",SQ5RWU,93,09:05:22,52.50574,21.05904,117,-42,0,217,13,101837,1.45,21b,7
"$$FOKUS-1,94,090540,52.50571,21.05909,112,-42,1,217,13,101834,146,21b,6*5609",SQ5RWU,94,09:05:40,52.50571,21.05909,112,-42,1,217,13,101834,1.46,21b,6
"$$FOKUS-1,95,090558,52.50571,21.05911,107,-42,0,217,13,101836,146,21b,7*5460",SQ5RWU,95,09:05:58,52.50571,21.05911,107,-42,0,217,13,101836,1.46,21b,7
"$$FOKUS-1,96,090616,52.50570,21.05917,107,-42,2,217,13,101836,145,21b,7*CE87",SQ5RWU,96,09:06:16,52.5057,21.05917,107,-42,2,217,13,101836,1.45,21b,7
"$$FOKUS-1,97,090634,52.50578,21.05914,117,-42,1,217,13,101839,145,21b,7*F82A",SQ5RWU,97,09:06:34,52.50578,21.05914,117,-42,1,217,13,101839,1.45,21b,7
"$$FOKUS-1,98,090652,52.50585,21.05915,121,-42,0,217,13,101836,145,21b,6*D7C5",SQ5RWU,98,09:06:52,52.50585,21.05915,121,-42,0,217,13,101836,1.45,21b,6
"$$FOKUS-1,99,090711,52.50581,21.05915,128,-42,3,217,13,101838,144,21b,4*2DB5",SQ5RWU,99,09:07:11,52.50581,21.05915,128,-42,3,217,13,101838,1.44,21b,4
"$$FOKUS-1,100,090729,52.50583,21.05917,128,-42,0,220,13,101834,145,21b,8*5EBB",SQ5RWU,100,09:07:29,52.50583,21.05917,128,-42,0,220,13,101834,1.45,21b,8
"$$FOKUS-1,101,090747,52.50578,21.05911,127,-42,0,227,13,101838,145,21b,7*4BE0",SQ5RWU,101,09:07:47,52.50578,21.05911,127,-42,0,227,13,101838,1.45,21b,7
"$$FOKUS-1,102,090805,52.50586,21.05916,130,-41,1,227,14,101829,146,21b,7*372E",SQ5RWU,102,09:08:05,52.50586,21.05916,130,-41,1,227,14,101829,1.46,21b,7
"$$FOKUS-1,103,090823,52.50588,21.05913,123,-41,0,227,14,101826,146,21b,7*D5D5",SQ5RWU,103,09:08:23,52.50588,21.05913,123,-41,0,227,14,101826,1.46,21b,7
"$$FOKUS-1,104,090842,52.50583,21.05906,120,-41,0,227,14,101827,145,21b,7*A490",SQ5RWU,104,09:08:42,52.50583,21.05906,120,-41,0,227,14,101827,1.45,21b,7
"$$FOKUS-1,105,090900,52.50585,21.05912,115,-42,2,227,14,101832,145,21b,7*02AC",SQ5RWU,105,09:09:00,52.50585,21.05912,115,-42,2,227,14,101832,1.45,21b,7
"$$FOKUS-1,110,091032,52.50584,21.05918,112,-37,0,227,13,101777,146,21b,8*79BC","SQ5AAG-TS,SQ5RWU",110,09:10:32,52.50584,21.05918,112,-37,0,227,13,101777,1.46,21b,8
"$$FOKUS-1,115,091203,52.50609,21.05873,144,-36,8,323,13,101759,145,21b,8*0DAD","SQ5KTM,SQ5RWU,SP5ULN,SQ5AAG-IC",115,09:12:03,52.50609,21.05873,144,-36,8,323,13,101759,1.45,21b,8
"$$FOKUS-1,106,090918,52.50583,21.05913,116,-42,0,227,14,101832,145,21b,6*8230",SQ5RWU,106,09:09:18,52.50583,21.05913,116,-42,0,227,14,101832,1.45,21b,6
"$$FOKUS-1,111,091050,52.50588,21.05918,118,-37,0,227,14,101773,145,21b,7*11E8","SQ5AAG-TS,SQ5RWU",111,09:10:50,52.50588,21.05918,118,-37,0,227,14,101773,1.45,21b,7
"$$FOKUS-1,107,090937,52.50581,21.05908,111,-42,0,227,14,101835,145,21b,6*046F",SQ5RWU,107,09:09:37,52.50581,21.05908,111,-42,0,227,14,101835,1.45,21b,6
"$$FOKUS-1,114,091145,52.50589,21.05915,126,-37,2,227,13,101778,146,21b,7*5CFA","SQ5AAG-TS,SQ5KTM,SQ5AAG-IC,SQ5RWU",114,09:11:45,52.50589,21.05915,126,-37,2,227,13,101778,1.46,21b,7
"$$FOKUS-1,108,090955,52.50578,21.05906,109,-42,0,227,14,101837,144,21b,7*5642",SQ5RWU,108,09:09:55,52.50578,21.05906,109,-42,0,227,14,101837,1.44,21b,7
"$$FOKUS-1,116,091222,52.50670,21.05879,180,14,14,8,12,101149,145,21b,7*8202","SQ5AAG-TS,SQ5KTM,SP5ULN,SQ5AAG-IC,SQ5RWU",116,09:12:22,52.5067,21.05879,180,14,14,8,12,101149,1.45,21b,7
"$$FOKUS-1,109,091013,52.50581,21.05917,110,-41,0,227,13,101829,144,21b,8*A230",SQ5RWU,109,09:10:13,52.50581,21.05917,110,-41,0,227,13,101829,1.44,21b,8
"$$FOKUS-1,117,091240,52.50743,21.05925,225,58,19,27,11,100630,146,21b,7*3163","SQ5KTM,SQ5AAG-TS,SQ5RWU,SP5ULN,SQ5AAG-IC",117,09:12:40,52.50743,21.05925,225,58,19,27,11,100630,1.46,21b,7
"$$FOKUS-1,118,091258,52.50836,21.05955,280,114,23,17,11,99963,146,21b,7*D700","SQ5KTM,SQ5AAG-TS,SQ5RWU,SP5ULN,SQ5AAG-IC",118,09:12:58,52.50836,21.05955,280,114,23,17,11,99963,1.46,21b,7
"$$FOKUS-1,119,091316,52.50962,21.06104,347,167,34,37,10,99331,145,21b,6*86BE","SQ5KTM,SQ5AAG-TS,SQ5RWU,SP5ULN,SQ5AAG-IC",119,09:13:16,52.50962,21.06104,347,167,34,37,10,99331,1.45,21b,6
"$$FOKUS-1,112,091108,52.50590,21.05925,121,-37,0,227,14,101779,146,21b,7*C7A9",SQ5RWU,112,09:11:08,52.5059,21.05925,121,-37,0,227,14,101779,1.46,21b,7
"$$FOKUS-1,120,091334,52.51099,21.06228,406,222,35,26,10,98683,145,21b,7*1D2C","SQ5KTM,SQ5AAG-TS,SQ5RWU,SP5ULN,SQ5AAG-IC",120,09:13:34,52.51099,21.06228,406,222,35,26,10,98683,1.45,21b,7
"$$FOKUS-1,113,091127,52.50591,21.05921,124,-37,0,227,13,101773,146,21b,7*5BC4",SQ5RWU,113,09:11:27,52.50591,21.05921,124,-37,0,227,13,101773,1.46,21b,7
"$$FOKUS-1,121,091352,52.51250,21.06313,478,283,31,22,10,97968,144,21b,7*23CF","SQ5KTM,SQ5AAG-TS,SQ5RWU,SP5ULN,SQ5AAG-IC",121,09:13:52,52.5125,21.06313,478,283,31,22,10,97968,1.44,21b,7
"$$FOKUS-1,122,091410,52.51397,21.06445,536,337,38,29,9,97337,146,21b,7*B094","SQ5KTM,SQ5AAG-TS,SQ5RWU,SP5ULN,SQ5AAG-IC",122,09:14:10,52.51397,21.06445,536,337,38,29,9,97337,1.46,21b,7
"$$FOKUS-1,123,091429,52.51563,21.06579,604,397,41,19,9,96638,144,21b,7*485D","SQ5KTM,SQ5AAG-TS,SQ5RWU,SP5ULN,SQ5AAG-IC",123,09:14:29,52.51563,21.06579,604,397,41,19,9,96638,1.44,21b,7
"$$FOKUS-1,124,091446,52.51723,21.06661,665,465,40,22,9,95860,144,21b,7*62C9","SQ5AAG-TS,SQ5KTM,SP5ULN,SQ5AAG-IC,SQ5RWU",124,09:14:46,52.51723,21.06661,665,465,40,22,9,95860,1.44,21b,7
"$$FOKUS-1,125,091504,52.51888,21.06768,721,526,37,18,9,95162,146,21b,6*7AD4","SQ5RWU,SQ5AAG-TS,SQ5KTM,SP5ULN,SQ5AAG-IC",125,09:15:04,52.51888,21.06768,721,526,37,18,9,95162,1.46,21b,6
"$$FOKUS-1,126,091522,52.52055,21.06829,776,582,39,11,9,94520,144,21b,8*BD42","SQ5RWU,SP5ULN,SQ5AAG-TS,SQ5NWI,SQ5AAG-IC,SQ5KTM",126,09:15:22,52.52055,21.06829,776,582,39,11,9,94520,1.44,21b,8
"$$FOKUS-1,127,091540,52.52211,21.06878,832,638,36,12,8,93889,146,21b,8*F5E6","SQ5RWU,SP5ULN,SQ5AAG-TS,SQ5NWI,SQ5AAG-IC,SQ5KTM",127,09:15:40,52.52211,21.06878,832,638,36,12,8,93889,1.46,21b,8
"$$FOKUS-1,128,091558,52.52376,21.06932,895,698,35,16,8,93207,144,21b,7*9C50","SQ5RWU,SP5ULN,SQ5AAG-TS,SQ5NWI,SQ5AAG-IC,SQ5KTM",128,09:15:58,52.52376,21.06932,895,698,35,16,8,93207,1.44,21b,7
"$$FOKUS-1,129,091616,52.52539,21.06993,955,763,41,5,8,92485,145,21b,7*803C","SQ5RWU,SP5ULN,SQ5AAG-TS,SQ5NWI,SQ5AAG-IC,SQ5KTM",129,09:16:16,52.52539,21.06993,955,763,41,5,8,92485,1.45,21b,7
"$$FOKUS-1,130,091634,52.52701,21.07032,1015,826,32,9,8,91783,144,21b,7*E9A9","SQ5RWU,SP5ULN,SQ5AAG-TS,SQ5NWI,SQ5AAG-IC,SQ5KTM",130,09:16:34,52.52701,21.07032,1015,826,32,9,8,91783,1.44,21b,7
"$$FOKUS-1,131,091652,52.52862,21.07097,1080,892,40,14,7,91053,145,21b,7*DDB3","SQ5KTM,SQ5AAG-TS,SQ5RWU,SP5ULN,SQ5AAG-IC",131,09:16:52,52.52862,21.07097,1080,892,40,14,7,91053,1.45,21b,7
"$$FOKUS-1,132,091709,52.53072,21.07230,1137,963,57,22,7,90273,145,21b,7*160B","SP5ULN,SQ5AAG-TS,SQ5RWU,SQ5AAG-IC,SQ5NWI,SQ5KTM",132,09:17:09,52.53072,21.0723,1137,963,57,22,7,90273,1.45,21b,7
"$$FOKUS-1,133,091728,52.53311,21.07352,1186,1010,52,17,8,89767,145,21b,8*3279","SQ5RWU,SP5ULN,SQ5AAG-TS,SQ5NWI,SQ5AAG-IC,SQ5KTM",133,09:17:28,52.53311,21.07352,1186,1010,52,17,8,89767,1.45,21b,8
"$$FOKUS-1,134,091746,52.53544,21.07488,1239,1056,54,17,8,89262,144,21b,8*8885","SQ5RWU,SP5ULN,SQ5AAG-TS,SQ5NWI,SQ5AAG-IC,SQ5KTM",134,09:17:46,52.53544,21.07488,1239,1056,54,17,8,89262,1.44,21b,8
"$$FOKUS-1,135,091804,52.53770,21.07605,1281,1097,52,15,9,88823,144,21b,7*CF6E","SQ5RWU,SP5ULN,SQ5AAG-TS,SQ5NWI,SQ5AAG-IC,SQ5KTM",135,09:18:04,52.5377,21.07605,1281,1097,52,15,9,88823,1.44,21b,7
"$$FOKUS-1,136,091822,52.54003,21.07754,1329,1138,53,20,9,88377,145,21b,7*DB4D","SQ5RWU,SP5ULN,SQ5AAG-TS,SQ5NWI,SQ5AAG-IC,SQ5KTM",136,09:18:22,52.54003,21.07754,1329,1138,53,20,9,88377,1.45,21b,7
"$$FOKUS-1,137,091841,52.54233,21.07909,1367,1182,53,21,10,87901,145,21b,7*B2DD","SQ5RWU,SQ5AAG-TS,SQ5KTM,SP5ULN,SQ5AAG-IC",137,09:18:41,52.54233,21.07909,1367,1182,53,21,10,87901,1.45,21b,7
"$$FOKUS-1,138,091859,52.54433,21.08067,1410,1225,50,30,10,87450,145,21b,7*C765","SQ5RWU,SP5ULN,SQ5AAG-TS,SQ5NWI,SQ5AAG-IC,SQ5KTM",138,09:18:59,52.54433,21.08067,1410,1225,50,30,10,87450,1.45,21b,7
"$$FOKUS-1,139,091918,52.54618,21.08264,1453,1277,48,33,10,86897,146,21b,7*0E9F","SQ5RWU,SP5ULN,SQ5AAG-TS,SQ5NWI,SQ5AAG-IC,SQ5KTM",139,09:19:18,52.54618,21.08264,1453,1277,48,33,10,86897,1.46,21b,7
"$$FOKUS-1,140,091936,52.54785,21.08419,1502,1333,38,29,11,86296,144,21b,7*7E28","SQ5RWU,SP5ULN,SQ5AAG-TS,SQ5NWI,SQ5AAG-IC,SQ5KTM",140,09:19:36,52.54785,21.08419,1502,1333,38,29,11,86296,1.44,21b,7
"$$FOKUS-1,141,091955,52.54905,21.08582,1560,1392,34,45,11,85677,145,21b,8*FEAF","SQ5RWU,SQ5AAG-TS,SQ5KTM,SP5ULN,SQ5AAG-IC",141,09:19:55,52.54905,21.08582,1560,1392,34,45,11,85677,1.45,21b,8
"$$FOKUS-1,143,092032,52.55124,21.08897,1675,1494,31,37,11,84616,145,21b,8*F705","SQ5RWU,SP5ULN,SQ5AAG-TS,SQ5NWI,SQ5AAG-IC,SQ5KTM",143,09:20:32,52.55124,21.08897,1675,1494,31,37,11,84616,1.45,21b,8
"$$FOKUS-1,142,092013,52.55008,21.08739,1622,1449,29,38,11,85079,144,21b,7*6DB5","SQ5KTM,SQ5AAG-TS,SQ5RWU,SP5ULN,SQ5AAG-IC",142,09:20:13,52.55008,21.08739,1622,1449,29,38,11,85079,1.44,21b,7
"$$FOKUS-1,144,092050,52.55230,21.09034,1717,1536,30,35,12,84179,146,21b,8*3677","SQ5AAG-TS,SQ5KTM,SP5ULN,SQ5AAG-IC,SQ5NWI",144,09:20:50,52.5523,21.09034,1717,1536,30,35,12,84179,1.46,21b,8
"$$FOKUS-1,145,092109,52.55348,21.09156,1758,1580,34,26,12,83722,145,21b,7*F766","SQ5AAG-TS,SQ5KTM,SP5ULN,SQ5AAG-IC,SQ5NWI",145,09:21:09,52.55348,21.09156,1758,1580,34,26,12,83722,1.45,21b,7
"$$FOKUS-1,146,092127,52.55452,21.09260,1803,1628,24,39,12,83234,145,21b,8*B0E9","SQ5AAG-TS,SQ5KTM,SP5ULN,SQ5AAG-IC,SQ5NWI",146,09:21:27,52.55452,21.0926,1803,1628,24,39,12,83234,1.45,21b,8
"$$FOKUS-1,148,092205,52.55685,21.09533,1900,1724,34,36,12,82258,145,21b,8*7A12","SQ5AAG-TS,SQ5KTM,SP5ULN,SQ5AAG-IC,SQ5NWI",148,09:22:05,52.55685,21.09533,1900,1724,34,36,12,82258,1.45,21b,8
"$$FOKUS-1,147,092146,52.55560,21.09388,1858,1677,27,37,12,82730,146,21b,8*C640","SQ5RWU,SP5ULN,SQ5AAG-TS,SQ5NWI,SQ5AAG-IC,SQ5KTM",147,09:21:46,52.5556,21.09388,1858,1677,27,37,12,82730,1.46,21b,8
"$$FOKUS-1,149,092223,52.55811,21.09652,1939,1766,27,30,13,81834,145,21b,8*C9A5","SQ5RWU,SP5ULN,SQ5AAG-TS,SQ5NWI,SQ5AAG-IC,SQ5KTM",149,09:22:23,52.55811,21.09652,1939,1766,27,30,13,81834,1.45,21b,8
"$$FOKUS-1,150,092242,52.55938,21.09744,1987,1815,31,21,13,81335,146,21b,8*061D","SQ5RWU,SP5ULN,SQ5AAG-TS,SQ5NWI,SQ5AAG-IC,SQ5KTM",150,09:22:42,52.55938,21.09744,1987,1815,31,21,13,81335,1.46,21b,8
"$$FOKUS-1,152,092319,52.56199,21.09916,2069,1897,31,15,13,80513,146,21b,8*DFDF","SQ5AAG-TS,SQ5KTM,SP5ULN,SQ5AAG-IC,SQ5NWI",152,09:23:19,52.56199,21.09916,2069,1897,31,15,13,80513,1.46,21b,8
"$$FOKUS-1,151,092300,52.56067,21.09836,2028,1855,30,24,13,80932,146,21b,7*C8FB","SQ5RWU,SP5ULN,SQ5AAG-TS,SQ5NWI,SQ5AAG-IC,SQ5KTM",151,09:23:00,52.56067,21.09836,2028,1855,30,24,13,80932,1.46,21b,7
"$$FOKUS-1,153,092337,52.56324,21.09996,2112,1944,29,23,13,80050,146,21b,8*86AF","SQ5AAG-TS,SQ5KTM,SP5ULN,SQ5AAG-IC,SQ5NWI",153,09:23:37,52.56324,21.09996,2112,1944,29,23,13,80050,1.46,21b,8
"$$FOKUS-1,154,092356,52.56443,21.10072,2157,1988,27,20,14,79611,145,21b,7*9DC0","SQ5AAG-TS,SQ5KTM,SQ5NWI,SQ5AAG-IC,SP5ULN",154,09:23:56,52.56443,21.10072,2157,1988,27,20,14,79611,1.45,21b,7
"$$FOKUS-1,155,092414,52.56560,21.10122,2198,2030,24,18,14,79200,146,21b,7*444B","SQ5RWU,SP5ULN,SQ5AAG-TS,SQ5NWI,SQ5AAG-IC,SQ5KTM",155,09:24:14,52.5656,21.10122,2198,2030,24,18,14,79200,1.46,21b,7
"$$FOKUS-1,157,092452,52.56810,21.10274,2292,2116,24,24,14,78359,146,21b,7*493E","SQ5AAG-TS,SQ5KTM,SQ5NWI,SQ5AAG-IC,SP5ULN",157,09:24:52,52.5681,21.10274,2292,2116,24,24,14,78359,1.46,21b,7
"$$FOKUS-1,156,092433,52.56696,21.10188,2244,2074,29,17,14,78768,146,21b,7*33D4","SQ5RWU,SP5ULN,SQ5AAG-TS,SQ5NWI,SQ5AAG-IC,SQ5KTM",156,09:24:33,52.56696,21.10188,2244,2074,29,17,14,78768,1.46,21b,7
"$$FOKUS-1,158,092510,52.56912,21.10351,2341,2165,25,20,14,77879,146,21b,7*8D59","SQ5RWU,SP5ULN,SQ5AAG-TS,SQ5NWI,SQ5AAG-IC,SQ5KTM",158,09:25:10,52.56912,21.10351,2341,2165,25,20,14,77879,1.46,21b,7
"$$FOKUS-1,159,092529,52.57033,21.10436,2385,2209,28,15,14,77454,146,21b,8*F0D1","SQ5RWU,SP5ULN,SQ5AAG-TS,SQ5NWI,SQ5AAG-IC,SQ5KTM",159,09:25:29,52.57033,21.10436,2385,2209,28,15,14,77454,1.46,21b,8
"$$FOKUS-1,160,092547,52.57148,21.10510,2426,2247,22,25,14,77084,146,21b,8*75DB","SQ5RWU,SP5ULN,SQ5AAG-TS,SQ5NWI,SQ5AAG-IC,SQ5KTM",160,09:25:47,52.57148,21.1051,2426,2247,22,25,14,77084,1.46,21b,8
"$$FOKUS-1,161,092606,52.57256,21.10613,2467,2291,25,26,14,76664,146,21b,7*FE3B","SQ5RWU,SP5ULN,SQ5AAG-TS,SQ5NWI,SQ5AAG-IC,SQ5KTM",161,09:26:06,52.57256,21.10613,2467,2291,25,26,14,76664,1.46,21b,7
"$$FOKUS-1,162,092624,52.57364,21.10687,2507,2333,28,22,14,76264,146,21b,7*E48F","SQ5RWU,SP5ULN,SQ5AAG-TS,SQ5NWI,SQ5AAG-IC,SQ5KTM",162,09:26:24,52.57364,21.10687,2507,2333,28,22,14,76264,1.46,21b,7
"$$FOKUS-1,163,092643,52.57489,21.10788,2548,2375,30,30,14,75861,146,21b,7*4129","SQ5RWU,SP5ULN,SQ5AAG-TS,SQ5NWI,SQ5AAG-IC,SQ5KTM",163,09:26:43,52.57489,21.10788,2548,2375,30,30,14,75861,1.46,21b,7
"$$FOKUS-1,164,092701,52.57591,21.10905,2592,2415,24,36,14,75485,146,21b,7*955D","SQ5RWU,SP5ULN,SQ5AAG-TS,SQ5NWI,SQ5AAG-IC,SQ5KTM",164,09:27:01,52.57591,21.10905,2592,2415,24,36,14,75485,1.46,21b,7
"$$FOKUS-1,166,092739,52.57792,21.11221,2694,2506,30,47,14,74629,146,21b,7*C864","SQ5RWU,SP5ULN,SQ5AAG-TS,SQ5NWI,SQ5AAG-IC,SQ5KTM",166,09:27:39,52.57792,21.11221,2694,2506,30,47,14,74629,1.46,21b,7
"$$FOKUS-1,165,092720,52.57693,21.11050,2642,2459,30,46,14,75070,146,21b,7*79BA","SQ5KTM,SP5ULN,SQ5RWU",165,09:27:20,52.57693,21.1105,2642,2459,30,46,14,75070,1.46,21b,7
"$$FOKUS-1,167,092757,52.57893,21.11366,2746,2553,25,37,14,74185,146,21b,7*1510","SQ5KTM,SQ5AAG-TS,SQ5RWU,SQ5NWI,SQ5AAG-IC",167,09:27:57,52.57893,21.11366,2746,2553,25,37,14,74185,1.46,21b,7
"$$FOKUS-1,168,092816,52.57999,21.11529,2806,2615,29,46,14,73612,146,21b,8*CC13","SQ5RWU,SP5ULN,SQ5AAG-TS,SQ5NWI,SQ5AAG-IC,SQ5KTM",168,09:28:16,52.57999,21.11529,2806,2615,29,46,14,73612,1.46,21b,8
"$$FOKUS-1,170,092853,52.58245,21.11739,2920,2740,29,27,13,72459,146,21b,8*A680","SQ5RWU,SP5ULN,SQ5AAG-TS,SQ5NWI,SQ5AAG-IC,SQ5KTM",170,09:28:53,52.58245,21.11739,2920,2740,29,27,13,72459,1.46,21b,8
"$$FOKUS-1,169,092834,52.58108,21.11642,2865,2681,30,22,14,72998,146,21b,7*7D6C","SQ5KTM,SQ5AAG-TS,SQ5RWU,SP5ULN,SQ5AAG-IC",169,09:28:34,52.58108,21.11642,2865,2681,30,22,14,72998,1.46,21b,7
"$$FOKUS-1,171,092911,52.58357,21.11852,2967,2785,31,32,13,72045,146,21b,7*1DDB","SQ5AAG-TS,SQ5KTM,SQ5NWI,SQ5AAG-IC,SP5ULN",171,09:29:11,52.58357,21.11852,2967,2785,31,32,13,72045,1.46,21b,7
"$$FOKUS-1,172,092930,52.58485,21.12001,3014,2829,33,32,13,71648,146,21b,7*9D29","SQ5RWU,SP5ULN,SQ5AAG-TS,SQ5NWI,SQ5AAG-IC,SQ5KTM",172,09:29:30,52.58485,21.12001,3014,2829,33,32,13,71648,1.46,21b,7
"$$FOKUS-1,173,092948,52.58602,21.12139,3063,2873,33,35,13,71251,146,21b,7*753A","SQ5RWU,SP5ULN,SQ5AAG-TS,SQ5NWI,SQ5AAG-IC,SQ5KTM",173,09:29:48,52.58602,21.12139,3063,2873,33,35,13,71251,1.46,21b,7
"$$FOKUS-1,174,093007,52.58738,21.12260,3109,2912,33,27,13,70895,144,21b,9*CFF0","SQ5RWU,SP5ULN,SQ5AAG-TS,SQ5NWI,SQ5AAG-IC,SQ5KTM",174,09:30:07,52.58738,21.1226,3109,2912,33,27,13,70895,1.44,21b,9
"$$FOKUS-1,175,093026,52.58878,21.12379,3151,2957,34,26,13,70495,146,21b,9*EB52","SQ5RWU,SP5ULN,SQ5AAG-TS,SQ5NWI,SQ5AAG-IC,SQ5KTM",175,09:30:26,52.58878,21.12379,3151,2957,34,26,13,70495,1.46,21b,9
"$$FOKUS-1,176,093044,52.59013,21.12492,3194,3003,33,32,14,70080,146,21b,7*04F6","SQ5RWU,SP5ULN,SQ5AAG-TS,SQ5NWI,SQ5AAG-IC,SQ5KTM",176,09:30:44,52.59013,21.12492,3194,3003,33,32,14,70080,1.46,21b,7
"$$FOKUS-1,177,093103,52.59156,21.12614,3241,3044,37,27,14,69713,146,21b,7*BBA3","SQ5RWU,SP5ULN,SQ5AAG-TS,SQ5NWI,SQ5AAG-IC,SQ5KTM",177,09:31:03,52.59156,21.12614,3241,3044,37,27,14,69713,1.46,21b,7
"$$FOKUS-1,178,093121,52.59287,21.12727,3280,3086,32,22,14,69349,147,21b,8*7088","SQ5KTM,SQ5AAG-TS,SQ5RWU,SP5ULN,SQ5AAG-IC",178,09:31:21,52.59287,21.12727,3280,3086,32,22,14,69349,1.47,21b,8
"$$FOKUS-1,179,093140,52.59432,21.12840,3327,3124,34,23,14,69009,146,21b,7*F3A5","SQ5KTM,SQ5AAG-TS,SQ5RWU,SP5ULN,SQ5AAG-IC",179,09:31:40,52.59432,21.1284,3327,3124,34,23,14,69009,1.46,21b,7
"$$FOKUS-1,180,093158,52.59561,21.12956,3361,3170,32,28,14,68610,146,21b,7*A11C","SQ5AAG-TS,SQ5KTM,SP5ULN,SQ5AAG-IC,SQ5RWU",180,09:31:58,52.59561,21.12956,3361,3170,32,28,14,68610,1.46,21b,7
"$$FOKUS-1,181,093217,52.59685,21.13053,3400,3218,32,24,14,68182,146,21b,7*E1DD","SQ5RWU,SP5ULN,SQ5AAG-TS,SQ5NWI,SQ5AAG-IC,SQ5KTM",181,09:32:17,52.59685,21.13053,3400,3218,32,24,14,68182,1.46,21b,7
"$$FOKUS-1,182,093235,52.59836,21.13152,3447,3260,34,24,13,67819,146,21b,8*D934","SQ5RWU,SP5ULN,SQ5AAG-TS,SQ5NWI,SQ5AAG-IC,SQ5KTM",182,09:32:35,52.59836,21.13152,3447,3260,34,24,13,67819,1.46,21b,8
"$$FOKUS-1,183,093254,52.59978,21.13248,3480,3295,31,27,13,67517,146,21b,7*FBA3","SQ5RWU,SP5ULN,SQ5AAG-TS,SQ5NWI,SQ5AAG-IC,SQ5KTM",183,09:32:54,52.59978,21.13248,3480,3295,31,27,13,67517,1.46,21b,7
"$$FOKUS-1,184,093313,52.60116,21.13346,3525,3339,35,24,13,67142,146,29b,8*B88D","SQ5RWU,SP5ULN,SQ5AAG-TS,SQ5NWI,SQ5AAG-IC,SQ5KTM",184,09:33:13,52.60116,21.13346,3525,3339,35,24,13,67142,1.46,29b,8
"$$FOKUS-1,186,093350,52.60406,21.13562,3607,3418,37,29,13,66459,146,29b,7*A980","SP5NON,SQ5NWI,SQ5AAG-TS,SQ5RWU,SQ5AAG-IC,SQ5KTM,SP5ULN",186,09:33:50,52.60406,21.13562,3607,3418,37,29,13,66459,1.46,29b,7
"$$FOKUS-1,185,093331,52.60254,21.13452,3563,3375,37,26,13,66831,146,29b,7*B39B","SQ5RWU,SP5ULN,SQ5AAG-TS,SQ5NWI,SQ5AAG-IC,SQ5KTM",185,09:33:31,52.60254,21.13452,3563,3375,37,26,13,66831,1.46,29b,7
"$$FOKUS-1,187,093408,52.60550,21.13660,3663,3476,32,24,13,65970,147,29b,7*9116","SP5NON,SQ5NWI,SQ5AAG-TS,SQ5RWU,SQ5AAG-IC,SQ5KTM",187,09:34:08,52.6055,21.1366,3663,3476,32,24,13,65970,1.47,29b,7
"$$FOKUS-1,188,093427,52.60700,21.13782,3713,3518,34,29,13,65611,146,29b,7*297F","SP5NON,SQ5RWU,SQ5AAG-TS,SQ5NWI,SQ5AAG-IC,SQ5KTM,SP5ULN",188,09:34:27,52.607,21.13782,3713,3518,34,29,13,65611,1.46,29b,7
"$$FOKUS-1,189,093445,52.60827,21.13880,3759,3570,30,33,12,65175,147,29b,7*A74B","SP5NON,SQ5NWI,SQ5AAG-TS,SQ5RWU,SQ5AAG-IC,SQ5KTM,SP5ULN",189,09:34:45,52.60827,21.1388,3759,3570,30,33,12,65175,1.47,29b,7
"$$FOKUS-1,190,093504,52.60951,21.14004,3812,3608,34,33,12,64852,146,29b,7*E759","SP5NON,SQ5RWU,SQ5AAG-TS,SQ5NWI,SQ5AAG-IC,SQ5KTM,SP5ULN",190,09:35:04,52.60951,21.14004,3812,3608,34,33,12,64852,1.46,29b,7
"$$FOKUS-1,191,093522,52.61062,21.14137,3853,3654,33,40,12,64473,146,29b,7*0639","SP5NON,SQ5NWI,SQ5AAG-TS,SQ5RWU,SQ5AAG-IC,SQ5KTM,SP5ULN",191,09:35:22,52.61062,21.14137,3853,3654,33,40,12,64473,1.46,29b,7
"$$FOKUS-1,192,093541,52.61181,21.14301,3898,3699,34,40,12,64098,146,29b,8*19C3","SP5NON,SQ5NWI,SQ5AAG-TS,SQ5RWU,SQ5AAG-IC,SQ5KTM,SP5ULN",192,09:35:41,52.61181,21.14301,3898,3699,34,40,12,64098,1.46,29b,8
"$$FOKUS-1,193,093600,52.61295,21.14466,3952,3745,33,46,12,63713,146,29b,7*02BA","SP5NON,SQ5NWI,SQ5AAG-TS,SQ5RWU,SQ5AAG-IC,SP5ULN,SQ5KTM",193,09:36:00,52.61295,21.14466,3952,3745,33,46,12,63713,1.46,29b,7
"$$FOKUS-1,195,093637,52.61516,21.14807,4043,3843,36,39,11,62916,147,29b,8*E0A9","SP5NON,SQ5NWI,SQ5AAG-TS,SQ5RWU,SQ5AAG-IC,SP5ULN,SQ5KTM",195,09:36:37,52.61516,21.14807,4043,3843,36,39,11,62916,1.47,29b,8
"$$FOKUS-1,194,093618,52.61403,21.14634,3999,3794,29,43,12,63315,146,29b,7*F4FB","SP5NON,SQ5NWI,SQ5AAG-TS,SQ5RWU,SQ5AAG-IC,SQ5KTM,SP5ULN",194,09:36:18,52.61403,21.14634,3999,3794,29,43,12,63315,1.46,29b,7
"$$FOKUS-1,196,093655,52.61638,21.14964,4091,3887,30,36,11,62557,146,29b,7*2845","SP5NON,SQ5NWI,SQ5AAG-TS,SQ5RWU,SQ5AAG-IC,SP5ULN,SQ5KTM",196,09:36:55,52.61638,21.14964,4091,3887,30,36,11,62557,1.46,29b,7
"$$FOKUS-1,197,093714,52.61775,21.15104,4150,3941,33,38,11,62120,147,29b,7*C429","SP5NON,SQ5NWI,SQ5AAG-TS,SQ5RWU,SQ5AAG-IC,SQ5KTM,SP5ULN",197,09:37:14,52.61775,21.15104,4150,3941,33,38,11,62120,1.47,29b,7
"$$FOKUS-1,198,093732,52.61885,21.15243,4204,4004,31,35,11,61606,146,29b,7*135C","SP5NON,SQ5RWU,SQ5AAG-TS,SQ5NWI,SQ5AAG-IC,SQ5KTM",198,09:37:32,52.61885,21.15243,4204,4004,31,35,11,61606,1.46,29b,7
"$$FOKUS-1,200,093809,52.62127,21.15467,4307,4109,30,28,10,60774,146,29b,8*4530","SP5NON,SP5ULN,SQ5AAG-TS,SQ5NWI,SQ5AAG-IC,SQ5KTM",200,09:38:09,52.62127,21.15467,4307,4109,30,28,10,60774,1.46,29b,8
"$$FOKUS-1,199,093751,52.62008,21.15355,4258,4060,29,28,10,61160,146,29b,7*EAC8","SP5NON,SQ5NWI,SQ5AAG-TS,SQ5RWU,SQ5AAG-IC,SQ5KTM,SP5ULN",199,09:37:51,52.62008,21.15355,4258,4060,29,28,10,61160,1.46,29b,7
"$$FOKUS-1,201,093828,52.62251,21.15553,4362,4151,28,25,10,60436,146,29b,8*42F8","SP5NON,SQ5KTM,SQ5AAG-TS,SQ5NWI,SQ5AAG-IC,SP5ULN",201,09:38:28,52.62251,21.15553,4362,4151,28,25,10,60436,1.46,29b,8
"$$FOKUS-1,202,093847,52.62389,21.15654,4414,4199,32,27,10,60060,146,29b,7*B072","SP5NON,SQ5KTM,SQ5AAG-TS,SQ5NWI,SQ5AAG-IC,SP5ULN",202,09:38:47,52.62389,21.15654,4414,4199,32,27,10,60060,1.46,29b,7
"$$FOKUS-1,203,093905,52.62519,21.15751,4461,4252,31,23,10,59646,146,29b,7*71F6","SP5NON,SP5ULN,SQ5AAG-TS,SQ5NWI,SQ5AAG-IC,SQ5KTM",203,09:39:05,52.62519,21.15751,4461,4252,31,23,10,59646,1.46,29b,7
"$$FOKUS-1,204,093924,52.62657,21.15858,4506,4296,29,27,10,59299,146,29b,7*8231","SP5NON,SP5ULN,SQ5AAG-TS,SQ5NWI,SQ5AAG-IC,SQ5KTM",204,09:39:24,52.62657,21.15858,4506,4296,29,27,10,59299,1.46,29b,7
"$$FOKUS-1,205,093942,52.62779,21.15939,4544,4335,30,19,10,58999,146,29b,7*9E6E","SP5NON,SP5ULN,SQ5AAG-TS,SQ5NWI,SQ5AAG-IC,SQ5KTM",205,09:39:42,52.62779,21.15939,4544,4335,30,19,10,58999,1.46,29b,7
"$$FOKUS-1,206,094001,52.62909,21.16022,4588,4383,29,23,10,58624,146,29b,7*CEC4","SP5NON,SP5ULN,SQ5AAG-TS,SQ5NWI,SQ5AAG-IC,SQ5KTM",206,09:40:01,52.62909,21.16022,4588,4383,29,23,10,58624,1.46,29b,7
"$$FOKUS-1,207,094019,52.63030,21.16117,4634,4429,30,26,9,58275,146,29b,8*7ACA","SP5NON,SQ5KTM,SQ5AAG-TS,SQ5NWI,SQ5AAG-IC,SP5ULN",207,09:40:19,52.6303,21.16117,4634,4429,30,26,9,58275,1.46,29b,8
"$$FOKUS-1,208,094038,52.63148,21.16210,4677,4476,25,23,9,57915,146,29b,8*433D","SP5NON,SQ5KTM,SQ5AAG-TS,SQ5NWI,SQ5AAG-IC,SP5ULN",208,09:40:38,52.63148,21.1621,4677,4476,25,23,9,57915,1.46,29b,8
"$$FOKUS-1,209,094056,52.63247,21.16298,4715,4518,28,30,9,57593,146,29b,7*191B","SP5NON,SQ5NWI,SQ5AAG-TS,SQ5RWU,SQ5AAG-IC,SQ5KTM,SP5ULN",209,09:40:56,52.63247,21.16298,4715,4518,28,30,9,57593,1.46,29b,7
"$$FOKUS-1,210,094115,52.63371,21.16398,4763,4563,27,25,9,57250,146,29b,7*677B","SP5NON,SQ5NWI,SQ5AAG-TS,SQ5RWU,SQ5AAG-IC,SQ5KTM,SP5ULN",210,09:41:15,52.63371,21.16398,4763,4563,27,25,9,57250,1.46,29b,7
"$$FOKUS-1,211,094133,52.63483,21.16490,4811,4616,27,22,9,56849,146,29b,8*95FE","SP5NON,SQ5NWI,SQ5AAG-TS,SQ5RWU,SQ5AAG-IC,SQ5KTM,SP5ULN",211,09:41:33,52.63483,21.1649,4811,4616,27,22,9,56849,1.46,29b,8
"$$FOKUS-1,212,094151,52.63597,21.16589,4856,4660,28,27,9,56521,146,29b,7*EB7E","SP5NON,SQ5NWI,SQ5AAG-TS,SQ5RWU,SQ5AAG-IC,SP5ULN,SQ5KTM",212,09:41:51,52.63597,21.16589,4856,4660,28,27,9,56521,1.46,29b,7
"$$FOKUS-1,213,094210,52.63718,21.16704,4904,4706,28,30,8,56180,145,29b,9*839A","SP5NON,SQ5NWI,SQ5AAG-TS,SQ5RWU,SQ5AAG-IC,SQ5KTM,SP5ULN",213,09:42:10,52.63718,21.16704,4904,4706,28,30,8,56180,1.45,29b,9
"$$FOKUS-1,214,094228,52.63836,21.16813,4949,4757,29,24,8,55797,145,29b,7*AD26","SP5NON,SQ5RWU,SQ5AAG-TS,SQ5NWI,SQ5AAG-IC,SQ5KTM,SP5ULN",214,09:42:28,52.63836,21.16813,4949,4757,29,24,8,55797,1.45,29b,7
"$$FOKUS-1,215,094246,52.63942,21.16929,5002,4803,25,34,8,55457,146,29b,7*E134","SP5NON,SQ5RWU,SQ5AAG-TS,SQ5NWI,SQ5AAG-IC,SQ5KTM,SP5ULN",215,09:42:46,52.63942,21.16929,5002,4803,25,34,8,55457,1.46,29b,7
"$$FOKUS-1,216,094305,52.64047,21.17049,5056,4845,26,34,8,55150,146,29b,9*DBDF","SP5NON,SQ5NWI,SQ5AAG-TS,SQ5RWU,SQ5AAG-IC,SP5ULN,SQ5KTM",216,09:43:05,52.64047,21.17049,5056,4845,26,34,8,55150,1.46,29b,9
"$$FOKUS-1,217,094323,52.64131,21.17143,5103,4896,21,33,8,54776,146,29b,8*55DA","SP5NON,SQ5NWI,SQ5AAG-TS,SQ5RWU,SQ5AAG-IC,SP5ULN,SQ5KTM",217,09:43:23,52.64131,21.17143,5103,4896,21,33,8,54776,1.46,29b,8
"$$FOKUS-1,218,094341,52.64219,21.17242,5158,4943,24,39,8,54437,145,29b,7*C415","SP5NON,SQ5NWI,SQ5AAG-TS,SQ5RWU,SQ5AAG-IC,SP5ULN,SQ5KTM",218,09:43:41,52.64219,21.17242,5158,4943,24,39,8,54437,1.45,29b,7
"$$FOKUS-1,219,094400,52.64322,21.17340,5210,4994,21,29,7,54062,146,29b,7*5E9E","SP5NON,SQ5NWI,SQ5AAG-TS,SQ5RWU,SQ5AAG-IC,SQ5KTM,SP5ULN",219,09:44:00,52.64322,21.1734,5210,4994,21,29,7,54062,1.46,29b,7
"$$FOKUS-1,220,094418,52.64422,21.17437,5258,5044,26,32,7,53702,146,29b,7*E9CF","SP5NON,SQ5NWI,SQ5AAG-TS,SQ5RWU,SQ5AAG-IC,SP5ULN,SQ5KTM",220,09:44:18,52.64422,21.17437,5258,5044,26,32,7,53702,1.46,29b,7
"$$FOKUS-1,221,094436,52.64499,21.17541,5298,5089,23,41,7,53379,146,29b,7*650B","SP5NON,SQ5NWI,SQ5AAG-TS,SQ5RWU,SQ5AAG-IC,SQ5KTM,SP5ULN",221,09:44:36,52.64499,21.17541,5298,5089,23,41,7,53379,1.46,29b,7
"$$FOKUS-1,222,094455,52.64578,21.17633,5348,5134,17,43,7,53058,145,29b,7*B491","SP5NON,SQ5NWI,SQ5AAG-TS,SQ5RWU,SQ5AAG-IC,SQ5KTM,SP5ULN",222,09:44:55,52.64578,21.17633,5348,5134,17,43,7,53058,1.45,29b,7
"$$FOKUS-1,223,094513,52.64638,21.17717,5398,5185,17,44,7,52696,145,29b,7*762C","SP5NON,SQ5NWI,SQ5AAG-TS,SQ5RWU,SQ5AAG-IC,SQ5KTM,SP5ULN",223,09:45:13,52.64638,21.17717,5398,5185,17,44,7,52696,1.45,29b,7
"$$FOKUS-1,225,094550,52.64773,21.17912,5500,5299,16,32,6,51895,146,29b,7*2328","SP5NON,SQ5KTM,SQ5AAG-TS,SQ5NWI,SQ5AAG-IC,SP5ULN",225,09:45:50,52.64773,21.17912,5500,5299,16,32,6,51895,1.46,29b,7
"$$FOKUS-1,224,094531,52.64703,21.17818,5445,5240,16,40,6,52314,146,29b,8*2420","SP5NON,SQ5RWU,SQ5AAG-TS,SQ5NWI,SQ5AAG-IC,SQ5KTM",224,09:45:31,52.64703,21.17818,5445,5240,16,40,6,52314,1.46,29b,8
"$$FOKUS-1,226,094608,52.64826,21.17996,5547,5350,19,55,6,51539,146,29b,7*8116","SP5NON,SQ5NWI,SQ5AAG-TS,SQ5RWU,SQ5AAG-IC,SQ5KTM,SP5ULN",226,09:46:08,52.64826,21.17996,5547,5350,19,55,6,51539,1.46,29b,7
"$$FOKUS-1,227,094626,52.64884,21.18107,5617,5416,12,51,5,51086,146,29b,7*89D6","SP5NON,SQ5NWI,SQ5AAG-TS,SQ5RWU,SQ5AAG-IC,SQ5KTM,SP5ULN",227,09:46:26,52.64884,21.18107,5617,5416,12,51,5,51086,1.46,29b,7
"$$FOKUS-1,228,094645,52.64953,21.18175,5698,5490,15,38,5,50576,146,29b,7*D2C1","SP5NON,SQ5NWI,SQ5AAG-TS,SQ5RWU,SQ5AAG-IC,SQ5KTM,SP5ULN",228,09:46:45,52.64953,21.18175,5698,5490,15,38,5,50576,1.46,29b,7
"$$FOKUS-1,229,094703,52.65017,21.18259,5767,5567,22,41,4,50049,146,29b,7*73FB","SP5NON,SQ5NWI,SQ5AAG-TS,SQ5RWU,SQ5AAG-IC,SQ5KTM,SP5ULN",229,09:47:03,52.65017,21.18259,5767,5567,22,41,4,50049,1.46,29b,7
"$$FOKUS-1,230,094721,52.65066,21.18378,5830,5619,23,60,3,49703,146,29b,7*F0CA","SP5NON,SQ5NWI,SQ5AAG-TS,SQ5RWU,SQ5AAG-IC,SP5ULN,SQ5KTM",230,09:47:21,52.65066,21.18378,5830,5619,23,60,3,49703,1.46,29b,7
"$$FOKUS-1,231,094740,52.65126,21.18522,5913,5685,21,55,3,49255,145,29b,8*781A","SP5NON,SQ5RWU,SQ5AAG-TS,SQ5NWI,SQ5AAG-IC,SQ5KTM,SP5ULN",231,09:47:40,52.65126,21.18522,5913,5685,21,55,3,49255,1.45,29b,8
"$$FOKUS-1,232,094758,52.65171,21.18620,5971,5750,17,56,2,48822,144,29b,8*3BF0","SP5NON,SQ5NWI,SQ5AAG-TS,SQ5RWU,SQ5AAG-IC,SP5ULN,SQ5KTM",232,09:47:58,52.65171,21.1862,5971,5750,17,56,2,48822,1.44,29b,8
"$$FOKUS-1,233,094816,52.65223,21.18742,6022,5791,22,44,2,48551,145,29b,7*F236","SP5NON,SQ5NWI,SQ5AAG-TS,SQ5RWU,SQ5AAG-IC,SQ5KTM,SP5ULN",233,09:48:16,52.65223,21.18742,6022,5791,22,44,2,48551,1.45,29b,7
"$$FOKUS-1,234,094835,52.65267,21.18860,6064,5835,21,49,2,48259,144,29b,9*958E","SP5NON,SQ5RWU,SQ5AAG-TS,SQ5NWI,SQ5AAG-IC,SQ5KTM",234,09:48:35,52.65267,21.1886,6064,5835,21,49,2,48259,1.44,29b,9
"$$FOKUS-1,235,094853,52.65312,21.18972,6107,5889,18,53,2,47907,144,29b,7*4469","SP5NON,SQ5NWI,SQ5AAG-TS,SQ5RWU,SQ5AAG-IC,SP5ULN,SQ5KTM",235,09:48:53,52.65312,21.18972,6107,5889,18,53,2,47907,1.44,29b,7
"$$FOKUS-1,237,094930,52.65412,21.19150,6197,5983,15,51,2,47290,144,29b,7*DF04","SP5NON,SQ5KTM,SQ5AAG-TS,SQ5NWI,SQ5AAG-IC,SP5ULN",237,09:49:30,52.65412,21.1915,6197,5983,15,51,2,47290,1.44,29b,7
"$$FOKUS-1,236,094911,52.65360,21.19060,6149,5933,18,32,2,47618,145,29b,8*052C","SP5NON,SQ5NWI,SQ5AAG-TS,SQ5RWU,SQ5AAG-IC,SQ5KTM,SP5ULN",236,09:49:11,52.6536,21.1906,6149,5933,18,32,2,47618,1.45,29b,8
"$$FOKUS-1,238,094948,52.65474,21.19220,6243,6036,19,31,2,46948,145,29b,7*CE9A","SP5NON,SQ5NWI,SQ5AAG-TS,SQ5RWU,SQ5AAG-IC,SQ5KTM,SP5ULN",238,09:49:48,52.65474,21.1922,6243,6036,19,31,2,46948,1.45,29b,7
"$$FOKUS-1,239,095006,52.65572,21.19297,6304,6105,25,21,2,46509,145,29b,7*836C","SP5NON,SQ5NWI,SQ5AAG-TS,SQ5RWU,SQ5AAG-IC,SQ5KTM,SP5ULN",239,09:50:06,52.65572,21.19297,6304,6105,25,21,2,46509,1.45,29b,7
"$$FOKUS-1,240,095025,52.65667,21.19380,6363,6158,22,28,1,46173,144,29b,8*7B62","SP5NON,SQ5RWU,SQ5AAG-TS,SQ5NWI,SQ5AAG-IC,SQ5KTM",240,09:50:25,52.65667,21.1938,6363,6158,22,28,1,46173,1.44,29b,8
"$$FOKUS-1,241,095043,52.65762,21.19456,6419,6220,26,23,1,45776,144,29b,8*E78F","SP5NON,SQ5NWI,SQ5AAG-TS,SQ5RWU,SQ5AAG-IC,SQ5KTM,SP5ULN",241,09:50:43,52.65762,21.19456,6419,6220,26,23,1,45776,1.44,29b,8
"$$FOKUS-1,242,095101,52.65860,21.19523,6473,6270,22,26,1,45464,143,29b,7*B445","SP5NON,SQ5RWU,SQ5AAG-TS,SQ5NWI,SQ5AAG-IC,SQ5KTM,SP5ULN",242,09:51:01,52.6586,21.19523,6473,6270,22,26,1,45464,1.43,29b,7
"$$FOKUS-1,244,095138,52.66085,21.19625,6577,6373,26,9,1,44818,145,29b,7*1D5A","SP5NON,SP5ULN,SQ5AAG-TS,SQ5NWI,SQ5AAG-IC,SQ5KTM",244,09:51:38,52.66085,21.19625,6577,6373,26,9,1,44818,1.45,29b,7
"$$FOKUS-1,243,095120,52.65967,21.19586,6526,6320,25,24,1,45147,144,29b,7*74A9","SP5NON,SQ5NWI,SQ5AAG-TS,SQ5RWU,SQ5AAG-IC,SQ5KTM,SP5ULN",243,09:51:20,52.65967,21.19586,6526,6320,25,24,1,45147,1.44,29b,7
"$$FOKUS-1,245,095156,52.66210,21.19665,6630,6424,30,7,1,44504,144,29b,8*259A","SP5NON,SQ5NWI,SQ5AAG-TS,SQ5RWU,SQ5AAG-IC,SQ5KTM,SP5ULN",245,09:51:56,52.6621,21.19665,6630,6424,30,7,1,44504,1.44,29b,8
"$$FOKUS-1,246,095214,52.66322,21.19718,6678,6471,25,16,0,44213,144,29b,9*C707","SP5NON,SQ5KTM,SP9UOB,SQ5AAG-TS,SQ5RWU,SQ5AAG-IC,SP5ULN",246,09:52:14,52.66322,21.19718,6678,6471,25,16,0,44213,1.44,29b,9
"$$FOKUS-1,247,095233,52.66452,21.19758,6733,6521,25,14,0,43911,144,29b,8*9ADF","SP5NON,SQ5NWI,SP9UOB,SQ5AAG-TS,SQ5RWU,SQ5AAG-IC,SP5ULN,SQ5KTM",247,09:52:33,52.66452,21.19758,6733,6521,25,14,0,43911,1.44,29b,8
"$$FOKUS-1,248,095251,52.66559,21.19797,6782,6573,23,7,0,43590,144,29b,8*C7A7","SP5NON,SQ5NWI,SP9UOB,SQ5AAG-TS,SQ5RWU,SQ5AAG-IC,SQ5KTM",248,09:52:51,52.66559,21.19797,6782,6573,23,7,0,43590,1.44,29b,8
"$$FOKUS-1,249,095309,52.66660,21.19843,6833,6631,25,9,0,43242,144,29b,7*BA66","SP5NON,SQ5NWI,SP9UOB,SQ5AAG-TS,SQ5RWU,SQ5AAG-IC,SP5ULN,SQ5KTM",249,09:53:09,52.6666,21.19843,6833,6631,25,9,0,43242,1.44,29b,7
"$$FOKUS-1,250,095327,52.66766,21.19862,6882,6674,23,4,0,42984,144,29b,7*15D7","SP5NON,SQ5NWI,SP9UOB,SQ5AAG-TS,SQ5RWU,SQ5AAG-IC,SQ5KTM,SP5ULN",250,09:53:27,52.66766,21.19862,6882,6674,23,4,0,42984,1.44,29b,7
"$$FOKUS-1,251,095346,52.66889,21.19899,6932,6721,23,7,0,42701,144,29b,7*6CD7","SP5NON,SQ5KTM,SP9UOB,SQ5AAG-TS,SQ5RWU,SQ5AAG-IC,SP5ULN",251,09:53:46,52.66889,21.19899,6932,6721,23,7,0,42701,1.44,29b,7
"$$FOKUS-1,252,095404,52.66987,21.19947,6987,6773,18,15,0,42390,144,29b,7*8420","SP5NON,SQ5KTM,SP9UOB,SQ5AAG-TS,SQ5RWU,SQ5AAG-IC,SP5ULN",252,09:54:04,52.66987,21.19947,6987,6773,18,15,0,42390,1.44,29b,7
"$$FOKUS-1,254,095440,52.67146,21.19921,7097,6903,21,347,-1,41625,144,29b,9*6886","SP5NON,SP5ULN,SP9UOB,SQ5AAG-TS,SQ5AAG-IC,SQ5KTM",254,09:54:40,52.67146,21.19921,7097,6903,21,347,-1,41625,1.44,29b,9
"$$FOKUS-1,253,095422,52.67063,21.19955,7047,6834,14,358,0,42031,143,29b,9*82B2","SP5NON,SQ5NWI,SP9UOB,SQ5AAG-TS,SQ5RWU,SQ5AAG-IC,SP5ULN,SQ5KTM",253,09:54:22,52.67063,21.19955,7047,6834,14,358,0,42031,1.43,29b,9
"$$FOKUS-1,255,095459,52.67232,21.19901,7143,6944,18,349,-1,41387,144,29b,7*928E","SP5NON,SQ5NWI,SP9UOB,SQ5AAG-TS,SQ5RWU,SQ5AAG-IC,SQ5KTM,SP5ULN",255,09:54:59,52.67232,21.19901,7143,6944,18,349,-1,41387,1.44,29b,7
"$$FOKUS-1,256,095517,52.67298,21.19864,7193,6995,13,340,-1,41095,143,29b,8*3569","SP5NON,SQ5KTM,SP9UOB,SQ5AAG-TS,SQ5RWU,SQ5AAG-IC,SP5ULN",256,09:55:17,52.67298,21.19864,7193,6995,13,340,-1,41095,1.43,29b,8
"$$FOKUS-1,257,095536,52.67363,21.19840,7239,7040,13,349,-2,40834,144,29b,7*6BA5","SP5NON,SQ5NWI,SP9UOB,SQ5AAG-TS,SQ5RWU,SQ5AAG-IC,SQ5KTM,SP5ULN",257,09:55:36,52.67363,21.1984,7239,7040,13,349,-2,40834,1.44,29b,7
"$$FOKUS-1,258,095555,52.67432,21.19806,7287,7083,14,342,-2,40583,143,29b,7*7FBF","SP5NON,SQ5NWI,SP9UOB,SQ5AAG-TS,SQ5RWU,SQ5AAG-IC,SP5ULN,SQ5KTM",258,09:55:55,52.67432,21.19806,7287,7083,14,342,-2,40583,1.43,29b,7
"$$FOKUS-1,259,095614,52.67505,21.19758,7331,7139,19,333,-2,40269,143,29b,8*9424","SP5NON,SQ5NWI,SP9UOB,SQ5AAG-TS,SQ5RWU,SQ5AAG-IC,SP5ULN,SQ5KTM",259,09:56:14,52.67505,21.19758,7331,7139,19,333,-2,40269,1.43,29b,8
"$$FOKUS-1,261,095651,52.67665,21.19668,7433,7241,18,351,-2,39691,143,29b,8*8FD8","SP5NON,SP9UOB,SQ5AAG-TS,SQ5NWI,SQ5AAG-IC,SQ5KTM",261,09:56:51,52.67665,21.19668,7433,7241,18,351,-2,39691,1.43,29b,8
"$$FOKUS-1,260,095633,52.67587,21.19703,7384,7187,18,339,-2,39992,143,29b,9*86A7","SP5NON,SQ5NWI,SP9UOB,SQ5AAG-TS,SQ5RWU,SQ5AAG-IC,SQ5KTM,SP5ULN",260,09:56:33,52.67587,21.19703,7384,7187,18,339,-2,39992,1.43,29b,9
"$$FOKUS-1,262,095710,52.67760,21.19649,7486,7292,18,356,-2,39405,143,29b,7*C1A8","SP5NON,SQ5NWI,SP9UOB,SQ5AAG-TS,SQ5RWU,SQ5AAG-IC,SQ5KTM,SP5ULN",262,09:57:10,52.6776,21.19649,7486,7292,18,356,-2,39405,1.43,29b,7
"$$FOKUS-1,263,095729,52.67859,21.19650,7533,7342,24,6,-3,39124,143,29b,8*8628","SP5NON,SQ5RWU,SQ5AAG-TS,SQ5NWI,SQ5AAG-IC,SQ5KTM,SP5ULN",263,09:57:29,52.67859,21.1965,7533,7342,24,6,-3,39124,1.43,29b,8
"$$FOKUS-1,264,095748,52.67983,21.19658,7586,7397,25,7,-3,38819,143,29b,8*B427","SP5NON,SQ5NWI,SP9UOB,SQ5AAG-TS,SQ5RWU,SQ5AAG-IC,SP5ULN,SQ5KTM",264,09:57:48,52.67983,21.19658,7586,7397,25,7,-3,38819,1.43,29b,8
"$$FOKUS-1,265,095806,52.68090,21.19669,7639,7456,21,356,-3,38495,143,29b,8*3141","SP5NON,SQ5NWI,SP9UOB,SQ5AAG-TS,SQ5RWU,SQ5AAG-IC,SP5ULN,SQ5KTM",265,09:58:06,52.6809,21.19669,7639,7456,21,356,-3,38495,1.43,29b,8
"$$FOKUS-1,266,095824,52.68189,21.19691,7694,7506,24,13,-4,38220,142,29b,7*6A14","SP5NON,SQ5NWI,SP9UOB,SQ5AAG-TS,SQ5RWU,SQ5AAG-IC,SP5ULN,SQ5KTM",266,09:58:24,52.68189,21.19691,7694,7506,24,13,-4,38220,1.42,29b,7
"$$FOKUS-1,268,095902,52.68399,21.19723,7812,7611,17,13,-4,37650,142,29b,7*DAA8","SP5NON,SP5ULN,SP9UOB,SQ5AAG-TS,SQ5AAG-IC,SQ5KTM",268,09:59:02,52.68399,21.19723,7812,7611,17,13,-4,37650,1.42,29b,7
"$$FOKUS-1,267,095843,52.68297,21.19698,7754,7556,23,359,-4,37947,142,29b,7*431D","SP5NON,SQ5NWI,SP9UOB,SQ5AAG-TS,SQ5RWU,SQ5AAG-IC,SP5ULN,SQ5KTM",267,09:58:43,52.68297,21.19698,7754,7556,23,359,-4,37947,1.42,29b,7
"$$FOKUS-1,269,095920,52.68469,21.19722,7867,7669,11,346,-4,37339,143,29b,8*37E8","SP5NON,SQ5KTM,SP9UOB,SQ5AAG-TS,SQ5NWI,SQ5AAG-IC,SP5ULN",269,09:59:20,52.68469,21.19722,7867,7669,11,346,-4,37339,1.43,29b,8
"$$FOKUS-1,270,095939,52.68532,21.19718,7929,7737,10,17,-5,36979,143,29b,7*FF5D","SP5NON,SP5ULN,SP9UOB,SQ5AAG-TS,SQ5AAG-IC,SQ5KTM",270,09:59:39,52.68532,21.19718,7929,7737,10,17,-5,36979,1.43,29b,7
"$$FOKUS-1,271,095958,52.68608,21.19774,8011,7815,17,42,-6,36568,141,29b,7*BF91","SP5NON,SQ5KTM,SP9UOB,SQ5AAG-TS,SQ5NWI,SQ5AAG-IC,SP5ULN",271,09:59:58,52.68608,21.19774,8011,7815,17,42,-6,36568,1.41,29b,7
"$$FOKUS-1,272,100016,52.68681,21.19799,8090,7910,16,10,-6,36067,142,29b,10*0D0F","SP5NON,SP5ULN,SP9UOB,SQ5AAG-TS,SQ5AAG-IC,SQ5KTM",272,10:00:16,52.68681,21.19799,8090,7910,16,10,-6,36067,1.42,29b,10
"$$FOKUS-1,273,100035,52.68741,21.19835,8162,7977,14,17,-7,35722,142,29b,6*2F47","SP5NON,SP5ULN,SP9UOB,SQ5AAG-TS,SQ5AAG-IC,SQ5KTM",273,10:00:35,52.68741,21.19835,8162,7977,14,17,-7,35722,1.42,29b,6
"$$FOKUS-1,274,100054,52.68788,21.19840,8227,8043,9,353,-7,35381,142,29b,7*7C79","SP5NON,SQ5KTM,SP9UOB,SQ5AAG-TS,SQ5NWI,SQ5AAG-IC,SP5ULN",274,10:00:54,52.68788,21.1984,8227,8043,9,353,-7,35381,1.42,29b,7
"$$FOKUS-1,275,100112,52.68850,21.19838,8289,8095,15,353,-7,35117,143,29b,6*3A4F","SP5NON,SP5ULN,SP9UOB,SQ5AAG-TS,SQ5AAG-IC,SQ5KTM",275,10:01:12,52.6885,21.19838,8289,8095,15,353,-7,35117,1.43,29b,6
"$$FOKUS-1,276,100131,52.68906,21.19813,8342,8153,13,342,-7,34822,142,29b,6*617C","SP5NON,SP5ULN,SP9UOB,SQ5AAG-TS,SQ5AAG-IC,SQ5KTM",276,10:01:31,52.68906,21.19813,8342,8153,13,342,-7,34822,1.42,29b,6
"$$FOKUS-1,277,100149,52.68952,21.19790,8391,8209,7,359,-7,34541,142,29b,7*879F","SP5NON,SP5ULN,SP9UOB,SQ5AAG-TS,SQ5AAG-IC,SQ5KTM",277,10:01:49,52.68952,21.1979,8391,8209,7,359,-7,34541,1.42,29b,7
"$$FOKUS-1,278,100208,52.68989,21.19748,8443,8257,2,313,-8,34300,142,29b,6*24D1","SP5NON,SP5ULN,SQ5AAG-TS,SQ5NWI,SQ5AAG-IC,SQ5KTM",278,10:02:08,52.68989,21.19748,8443,8257,2,313,-8,34300,1.42,29b,6
"$$FOKUS-1,279,100227,52.69038,21.19689,8498,8305,10,317,-8,34061,142,29b,7*FBA4","SP5NON,SQ5KTM,SQ5AAG-TS,SQ5NWI,SQ5AAG-IC,SP5ULN",279,10:02:27,52.69038,21.19689,8498,8305,10,317,-8,34061,1.42,29b,7
"$$FOKUS-1,280,100245,52.69074,21.19630,8547,8357,13,312,-8,33803,141,29b,8*0BB1","SP5NON,SP5ULN,SQ5AAG-TS,SQ5NWI,SQ5AAG-IC,SQ5KTM",280,10:02:45,52.69074,21.1963,8547,8357,13,312,-8,33803,1.41,29b,8
"$$FOKUS-1,281,100304,52.69104,21.19565,8596,8407,12,322,-8,33556,142,29b,7*5B75","SP5NON,SP5ULN,SP9UOB,SQ5AAG-TS,SQ5NWI,SQ5AAG-IC,SQ5KTM",281,10:03:04,52.69104,21.19565,8596,8407,12,322,-8,33556,1.42,29b,7
"$$FOKUS-1,282,100323,52.69138,21.19501,8647,8467,11,322,-8,33262,141,29b,6*6A03","SP5NON,SP5ULN,SP9UOB,SQ5AAG-TS,SQ5NWI,SQ5AAG-IC,SQ5KTM",282,10:03:23,52.69138,21.19501,8647,8467,11,322,-8,33262,1.41,29b,6
"$$FOKUS-1,283,100342,52.69174,21.19435,8695,8520,10,325,-8,33006,141,29b,6*A837","SP5NON,SQ5KTM,SP9UOB,SQ5AAG-TS,SQ5NWI,SQ5AAG-IC,SP5ULN",283,10:03:42,52.69174,21.19435,8695,8520,10,325,-8,33006,1.41,29b,6
"$$FOKUS-1,284,100400,52.69222,21.19379,8749,8575,14,326,-9,32738,141,29b,7*0A12","SP5NON,SQ5KTM,SP9UOB,SQ5AAG-TS,SQ5NWI,SQ5AAG-IC,SP5ULN",284,10:04:00,52.69222,21.19379,8749,8575,14,326,-9,32738,1.41,29b,7
"$$FOKUS-1,285,100419,52.69260,21.19329,8802,8625,7,334,-9,32502,142,29b,8*D8F9","SP5NON,SQ5KTM,SP9UOB,SQ5AAG-TS,SQ5NWI,SQ5AAG-IC,SP5ULN",285,10:04:19,52.6926,21.19329,8802,8625,7,334,-9,32502,1.42,29b,8
"$$FOKUS-1,286,100438,52.69311,21.19297,8852,8677,16,333,-9,32254,142,29b,6*4BEE","SP5NON,SQ5KTM,SP9UOB,SQ5AAG-TS,SQ5NWI,SQ5AAG-IC,SP5ULN",286,10:04:38,52.69311,21.19297,8852,8677,16,333,-9,32254,1.42,29b,6
"$$FOKUS-1,287,100457,52.69358,21.19247,8905,8729,5,310,-9,32007,142,29b,7*3AAD","SP5ULN,SP9UOB,SQ5AAG-TS,SQ5NWI,SQ5AAG-IC,SQ5KTM",287,10:04:57,52.69358,21.19247,8905,8729,5,310,-9,32007,1.42,29b,7
"$$FOKUS-1,288,100515,52.69383,21.19199,8961,8784,7,260,-9,31745,141,29b,8*E9C8","SP5ULN,SP9UOB,SQ5AAG-TS,SQ5NWI,SQ5AAG-IC,SQ5KTM",288,10:05:15,52.69383,21.19199,8961,8784,7,260,-9,31745,1.41,29b,8
"$$FOKUS-1,289,100534,52.69396,21.19137,9031,8863,6,316,-10,31378,142,29b,7*3F53","SP5NON,SP5ULN,SP9UOB,SQ5AAG-TS,SQ5NWI,SQ5AAG-IC,SQ5KTM",289,10:05:34,52.69396,21.19137,9031,8863,6,316,-10,31378,1.42,29b,7
"$$FOKUS-1,290,100552,52.69413,21.19102,9086,8931,8,294,-11,31061,140,29b,7*D72D","SP5NON,SQ5KTM,SP9UOB,SQ5AAG-TS,SQ5NWI,SQ5AAG-IC,SP5ULN",290,10:05:52,52.69413,21.19102,9086,8931,8,294,-11,31061,1.4,29b,7
"$$FOKUS-1,291,100611,52.69418,21.19048,9153,8988,6,257,-11,30802,141,29b,8*8A1F","SP5NON,SQ5KTM,SP9UOB,SQ5AAG-TS,SQ5NWI,SQ5AAG-IC,SP5ULN",291,10:06:11,52.69418,21.19048,9153,8988,6,257,-11,30802,1.41,29b,8
"$$FOKUS-1,292,100630,52.69414,21.19036,9216,9053,1,254,-11,30502,140,29b,8*A2DE","SP5NON,SQ5KTM,SP9UOB,SQ5AAG-TS,SQ5NWI,SQ5AAG-IC,SP5ULN",292,10:06:30,52.69414,21.19036,9216,9053,1,254,-11,30502,1.4,29b,8
"$$FOKUS-1,293,100649,52.69420,21.18996,9280,9115,5,248,-12,30223,141,29b,7*6334","SP5NON,SQ5KTM,SP9UOB,SQ5AAG-TS,SQ5NWI,SQ5AAG-IC,SP5ULN",293,10:06:49,52.6942,21.18996,9280,9115,5,248,-12,30223,1.41,29b,7
"$$FOKUS-1,294,100708,52.69422,21.18992,9336,9173,0,279,-12,29961,141,29b,7*3D58","SP5NON,SQ5KTM,SP9UOB,SQ5AAG-TS,SQ5NWI,SQ5AAG-IC,SP5ULN",294,10:07:08,52.69422,21.18992,9336,9173,0,279,-12,29961,1.41,29b,7
"$$FOKUS-1,295,100726,52.69430,21.18969,9387,9231,2,321,-12,29703,140,29b,7*8F52","SP5NON,SQ5KTM,SP9UOB,SQ5AAG-TS,SQ5NWI,SQ5AAG-IC,SP5ULN",295,10:07:26,52.6943,21.18969,9387,9231,2,321,-12,29703,1.4,29b,7
"$$FOKUS-1,296,100745,52.69451,21.18969,9444,9288,9,318,-12,29451,140,29b,7*0323","SP5NON,SQ5KTM,SP9UOB,SQ5AAG-TS,SQ5NWI,SQ5AAG-IC,SP5ULN",296,10:07:45,52.69451,21.18969,9444,9288,9,318,-12,29451,1.4,29b,7
"$$FOKUS-1,297,100804,52.69496,21.18937,9498,9344,9,325,-13,29205,141,29b,8*340D","SP5NON,SQ5KTM,SP9UOB,SQ5AAG-TS,SQ5NWI,SQ5AAG-IC,SP5ULN,SP4MPH",297,10:08:04,52.69496,21.18937,9498,9344,9,325,-13,29205,1.41,29b,8
"$$FOKUS-1,298,100823,52.69544,21.18918,9551,9401,13,340,-13,28956,141,29b,7*FA55","SP5NON,SQ5KTM,SP9UOB,SQ5AAG-TS,SQ5NWI,SQ5AAG-IC,SP5ULN",298,10:08:23,52.69544,21.18918,9551,9401,13,340,-13,28956,1.41,29b,7
"$$FOKUS-1,299,100841,52.69589,21.18918,9602,9458,9,349,-13,28706,140,29b,7*ED44","SP5NON,SQ5KTM,SP9UOB,SQ5AAG-TS,SQ5NWI,SQ5AAG-IC,SP5ULN,SP4MPH",299,10:08:41,52.69589,21.18918,9602,9458,9,349,-13,28706,1.4,29b,7
"$$FOKUS-1,300,100900,52.69635,21.18917,9658,9523,9,346,-13,28428,140,29b,7*4FEF","SP5NON,SP5ULN,SP9UOB,SQ5AAG-TS,SQ5NWI,SQ5AAG-IC,SQ5KTM,SP4MPH",300,10:09:00,52.69635,21.18917,9658,9523,9,346,-13,28428,1.4,29b,7
"$$FOKUS-1,301,100919,52.69645,21.18937,9719,9573,5,86,-14,28215,140,29b,8*CE5C","SP5NON,SQ5KTM,SP9UOB,SQ5AAG-TS,SQ5NWI,SQ5AAG-IC,SP5ULN,SP4MPH",301,10:09:19,52.69645,21.18937,9719,9573,5,86,-14,28215,1.4,29b,8
"$$FOKUS-1,302,100938,52.69620,21.18968,9777,9630,6,101,-14,27972,140,29b,8*0291","SP5NON,SQ5KTM,SP9UOB,SQ5AAG-TS,SQ5NWI,SQ5AAG-IC,SP5ULN,SP4MPH",302,10:09:38,52.6962,21.18968,9777,9630,6,101,-14,27972,1.4,29b,8
"$$FOKUS-1,303,100956,52.69612,21.18993,9831,9699,4,89,-14,27679,139,29b,8*8229","SP5NON,SQ5KTM,SP9UOB,SQ5AAG-TS,SQ5NWI,SQ5AAG-IC,SP5ULN,SP4MPH",303,10:09:56,52.69612,21.18993,9831,9699,4,89,-14,27679,1.39,29b,8
"$$FOKUS-1,304,101015,52.69609,21.19002,9899,9761,5,151,-14,27422,140,29b,8*7697","SP5NON,SQ5KTM,SP9UOB,SQ5AAG-TS,SQ5NWI,SQ5AAG-IC,SP5ULN,SP4MPH",304,10:10:15,52.69609,21.19002,9899,9761,5,151,-14,27422,1.4,29b,8
"$$FOKUS-1,305,101034,52.69602,21.19007,9970,9825,2,104,-14,27156,140,29b,7*C756","SP5NON,SQ5KTM,SP9UOB,SQ5AAG-TS,SQ5NWI,SQ5AAG-IC,SP5ULN",305,10:10:34,52.69602,21.19007,9970,9825,2,104,-14,27156,1.4,29b,7
"$$FOKUS-1,306,101053,52.69613,21.19044,10039,9896,3,41,-15,26864,140,29b,7*2D27","SP5NON,SQ5KTM,SP9UOB,SQ5AAG-TS,SQ5NWI,SQ5AAG-IC,SP5ULN",306,10:10:53,52.69613,21.19044,10039,9896,3,41,-15,26864,1.4,29b,7
"$$FOKUS-1,307,101111,52.69645,21.19061,10103,9972,8,349,-15,26555,139,29b,8*3AAA","SP5NON,SQ5KTM,SP9UOB,SQ5AAG-TS,SQ5NWI,SQ5AAG-IC,SP5ULN,SQ5IZJ,SP4MPH",307,10:11:11,52.69645,21.19061,10103,9972,8,349,-15,26555,1.39,29b,8
"$$FOKUS-1,308,101130,52.69697,21.19065,10162,10022,14,0,-15,26351,139,29b,7*546D","SP5NON,SQ5KTM,SP9UOB,SQ5AAG-TS,SQ5NWI,SQ5AAG-IC,SP5ULN,SQ5IZJ,SP4MPH",308,10:11:30,52.69697,21.19065,10162,10022,14,0,-15,26351,1.39,29b,7
"$$FOKUS-1,309,101149,52.69758,21.19061,10223,10082,17,353,-16,26109,140,29b,7*6610","SP5NON,SQ5KTM,SP9UOB,SQ5AAG-TS,SQ5NWI,SQ5AAG-IC,SP5ULN,SQ5IZJ,SP4MPH",309,10:11:49,52.69758,21.19061,10223,10082,17,353,-16,26109,1.4,29b,7
"$$FOKUS-1,310,101208,52.69835,21.19056,10285,10156,13,3,-16,25814,138,29b,7*DFAD","SP5NON,SQ5KTM,SP9UOB,SQ5AAG-TS,SQ5NWI,SQ5AAG-IC,SP5ULN,SQ5IZJ",310,10:12:08,52.69835,21.19056,10285,10156,13,3,-16,25814,1.38,29b,7
"$$FOKUS-1,311,101228,52.69921,21.19070,10348,10211,16,10,-16,25598,140,29b,7*DE23","SP5NON,SQ5KTM,SP9UOB,SQ5AAG-TS,SQ5NWI,SQ5AAG-IC,SP5ULN,SQ5IZJ",311,10:12:28,52.69921,21.1907,10348,10211,16,10,-16,25598,1.4,29b,7
"$$FOKUS-1,312,101247,52.70001,21.19103,10400,10270,18,12,-16,25365,139,29b,7*7DD5","SP5NON,SQ5KTM,SP9UOB,SQ5AAG-TS,SQ5NWI,SQ5AAG-IC,SP5ULN,SQ5IZJ,SP4MPH",312,10:12:47,52.70001,21.19103,10400,10270,18,12,-16,25365,1.39,29b,7
"$$FOKUS-1,313,101306,52.70082,21.19131,10447,10330,21,14,-16,25132,139,29b,7*9D65","SP5NON,SP5ULN,SP9UOB,SQ5AAG-TS,SQ5NWI,SQ5AAG-IC,SQ5KTM,SQ5IZJ",313,10:13:06,52.70082,21.19131,10447,10330,21,14,-16,25132,1.39,29b,7
"$$FOKUS-1,314,101325,52.70170,21.19173,10504,10394,16,16,-16,24885,139,29b,7*EAAF","SP5NON,SQ5KTM,SP9UOB,SQ5AAG-TS,SQ5NWI,SQ5AAG-IC,SP5ULN,SQ5IZJ,SP4MPH",314,10:13:25,52.7017,21.19173,10504,10394,16,16,-16,24885,1.39,29b,7
"$$FOKUS-1,315,101344,52.70232,21.19187,10564,10453,15,6,-17,24656,139,29b,7*B68F","SP5NON,SP9UOB,SQ5AAG-TS,SQ5NWI,SQ5AAG-IC,SQ5KTM,SQ5IZJ,SP4MPH",315,10:13:44,52.70232,21.19187,10564,10453,15,6,-17,24656,1.39,29b,7
"$$FOKUS-1,316,101403,52.70308,21.19190,10619,10498,13,8,-17,24484,139,29b,8*2AAF","SP5NON,SP5ULN,SQ5AAG-TS,SQ5NWI,SQ5AAG-IC,SQ5KTM,SQ5IZJ,SP4MPH",316,10:14:03,52.70308,21.1919,10619,10498,13,8,-17,24484,1.39,29b,8
"$$FOKUS-1,317,101422,52.70385,21.19193,10666,10561,16,13,-17,24248,138,29b,7*6664","SP5NON,SP5ULN,SQ5AAG-TS,SQ5NWI,SQ5AAG-IC,SQ5KTM,SQ5IZJ",317,10:14:22,52.70385,21.19193,10666,10561,16,13,-17,24248,1.38,29b,7
"$$FOKUS-1,318,101441,52.70427,21.19226,10722,10612,8,71,-17,24053,138,29b,7*BFB0","SP5NON,SP5ULN,SQ5AAG-TS,SQ5NWI,SQ5AAG-IC,SQ5KTM,SQ5IZJ,SP4MPH",318,10:14:41,52.70427,21.19226,10722,10612,8,71,-17,24053,1.38,29b,7
"$$FOKUS-1,319,101501,52.70467,21.19320,10790,10674,15,64,-17,23822,138,29b,8*BB5A","SP5NON,SP5ULN,SQ5AAG-TS,SQ5NWI,SQ5AAG-IC,SQ5KTM,SQ5IZJ,SP4MPH",319,10:15:01,52.70467,21.1932,10790,10674,15,64,-17,23822,1.38,29b,8
"$$FOKUS-1,320,101520,52.70489,21.19431,10846,10743,13,80,-18,23569,139,29b,8*FC8E","SQ2DK,SP5NON,SP5ULN,SQ5AAG-TS,SQ5NWI,SQ5AAG-IC,SQ5KTM,SQ5IZJ,SP4MPH",320,10:15:20,52.70489,21.19431,10846,10743,13,80,-18,23569,1.39,29b,8
"$$FOKUS-1,321,101539,52.70522,21.19525,10909,10809,14,77,-18,23324,138,29b,8*DEFE","SQ2DK,SP5NON,SQ5KTM,SQ5AAG-TS,SQ5NWI,SQ5AAG-IC,SP5ULN,SQ5IZJ,SP4MPH",321,10:15:39,52.70522,21.19525,10909,10809,14,77,-18,23324,1.38,29b,8
"$$FOKUS-1,322,101558,52.70537,21.19638,10971,10865,17,77,-18,23120,138,29b,7*8EA8","SQ2DK,SP5NON,SQ5KTM,SQ5AAG-TS,SQ5NWI,SQ5AAG-IC,SP5ULN,SQ5IZJ,SP4MPH",322,10:15:58,52.70537,21.19638,10971,10865,17,77,-18,23120,1.38,29b,7
"$$FOKUS-1,323,101617,52.70563,21.19781,11031,10927,22,67,-18,22896,139,29b,7*99D5","SQ2DK,SP5ULN,SP9UOB,SQ5AAG-IC,SQ5KTM,SP4MPH",323,10:16:17,52.70563,21.19781,11031,10927,22,67,-18,22896,1.39,29b,7
"$$FOKUS-1,324,101636,52.70569,21.19935,11086,10982,18,94,-18,22701,138,29b,7*B0AA","SQ2DK,SP5NON,SP5ULN,SP9UOB,SQ5AAG-TS,SQ5NWI,SQ5AAG-IC,SQ5KTM,SQ5IZJ,SP4MPH",324,10:16:36,52.70569,21.19935,11086,10982,18,94,-18,22701,1.38,29b,7
"$$FOKUS-1,325,101656,52.70555,21.20110,11145,11030,22,96,-19,22527,138,29b,7*3CF6","SQ2DK,SP5NON,SP5ULN,SQ5AAG-TS,SQ5NWI,SQ5AAG-IC,SQ5KTM,SQ5IZJ,SP4MPH",325,10:16:56,52.70555,21.2011,11145,11030,22,96,-19,22527,1.38,29b,7
"$$FOKUS-1,326,101715,52.70533,21.20259,11204,11112,23,103,-19,22238,138,29b,8*5EDF","SQ2DK,SP5NON,SQ5KTM,SQ5AAG-TS,SQ5NWI,SQ5AAG-IC,SP5ULN,SQ5IZJ",326,10:17:15,52.70533,21.20259,11204,11112,23,103,-19,22238,1.38,29b,8
"$$FOKUS-1,327,101734,52.70501,21.20416,11264,11164,19,116,-19,22056,137,29b,7*1149","SP5NON,SP5ULN,SP9UOB,SQ5AAG-TS,SQ5NWI,SQ5AAG-IC,SQ5KTM,SQ5IZJ,SP4MPH",327,10:17:34,52.70501,21.20416,11264,11164,19,116,-19,22056,1.37,29b,7
"$$FOKUS-1,328,101753,52.70456,21.20566,11317,11226,23,114,-19,21839,138,29b,7*29F1","SQ2DK,SP5NON,SP5ULN,SP9UOB,SQ5AAG-TS,SQ5NWI,SQ5AAG-IC,SQ5KTM,SQ5IZJ,SP4MPH",328,10:17:53,52.70456,21.20566,11317,11226,23,114,-19,21839,1.38,29b,7
"$$FOKUS-1,329,101813,52.70403,21.20716,11380,11283,23,124,-19,21645,137,29b,7*B3DD","SQ2DK,SP5NON,SP5ULN,SQ5AAG-TS,SQ5NWI,SQ5AAG-IC,SQ5KTM,SQ5IZJ,SP4MPH",329,10:18:13,52.70403,21.20716,11380,11283,23,124,-19,21645,1.37,29b,7
"$$FOKUS-1,330,101832,52.70357,21.20839,11436,11343,19,116,-19,21438,138,29b,7*506C","SQ2DK,SP5NON,SQ5KTM,SQ5AAG-TS,SQ5NWI,SP8NTH,SQ5AAG-IC,SP5ULN,SQ5IZJ,SP4MPH",330,10:18:32,52.70357,21.20839,11436,11343,19,116,-19,21438,1.38,29b,7
"$$FOKUS-1,331,101852,52.70312,21.20957,11498,11399,14,126,-20,21247,137,29b,9*5F13","SQ2DK,SP5NON,SP5ULN,SQ5AAG-TS,SQ5NWI,SP8NTH,SQ5AAG-IC,SQ5KTM,SQ5IZJ",331,10:18:52,52.70312,21.20957,11498,11399,14,126,-20,21247,1.37,29b,9
"$$FOKUS-1,332,101911,52.70286,21.21022,11553,11470,11,119,-20,21006,137,29b,8*FA29","SQ2DK,SP5NON,SQ5KTM,SQ5AAG-TS,SQ5NWI,SP8NTH,SQ5AAG-IC,SP5ULN,SQ5IZJ",332,10:19:11,52.70286,21.21022,11553,11470,11,119,-20,21006,1.37,29b,8
"$$FOKUS-1,333,101931,52.70282,21.21082,11620,0,2,73,-20,0,137,29b,8*B18C","SP5NON,SP5ULN,SP9UOB,SQ5AAG-TS,SQ5NWI,SP8NTH,SQ5AAG-IC,SQ5KTM,SQ5IZJ,SP4MPH",333,10:19:31,52.70282,21.21082,11620,0,2,73,-20,0,1.37,29b,8
"$$FOKUS-1,334,101950,52.70310,21.21055,11683,0,12,318,-20,0,137,29b,8*E378","SQ2DK,SP5NON,SP5ULN,SP9UOB,SQ5AAG-TS,SQ5NWI,SQ5AAG-IC,SQ5KTM,SQ5IZJ,SP4MPH",334,10:19:50,52.7031,21.21055,11683,0,12,318,-20,0,1.37,29b,8
"$$FOKUS-1,335,102007,52.70345,21.21023,11740,0,13,344,-20,0,136,29b,8*007C","SQ2DK,SP5NON,SQ5AAG-TS,SQ5NWI,SQ5AAG-IC,SQ5KTM,SQ5IZJ",335,10:20:07,52.70345,21.21023,11740,0,13,344,-20,0,1.36,29b,8
"$$FOKUS-1,336,102025,52.70411,21.21002,11805,0,10,353,-20,0,138,29b,7*E99F","SQ2DK,SP5NON,SQ5AAG-TS,SQ5NWI,SP8NTH,SQ5AAG-IC,SP5ULN,SQ5IZJ,SP4MPH",336,10:20:25,52.70411,21.21002,11805,0,10,353,-20,0,1.38,29b,7
"$$FOKUS-1,337,102043,52.70461,21.21042,11867,0,16,40,-21,0,136,29b,8*8DD2","SQ2DK,SP5NON,SQ5KTM,SQ5AAG-TS,SQ5NWI,SQ5AAG-IC,SP5ULN,SQ5IZJ",337,10:20:43,52.70461,21.21042,11867,0,16,40,-21,0,1.36,29b,8
"$$FOKUS-1,338,102100,52.70508,21.21100,11927,0,9,44,-21,0,136,29b,8*27D4","SQ2DK,SP9UOB,SQ5AAG-TS,SQ5NWI,SQ5IZJ,SP4MPH",338,10:21:00,52.70508,21.211,11927,0,9,44,-21,0,1.36,29b,8
"$$FOKUS-1,339,102118,52.70525,21.21184,11987,0,16,63,-21,0,137,29b,8*4BC4","SQ2DK,SP5NON,SQ5KTM,SP9UOB,SQ5AAG-TS,SQ5NWI,SQ5AAG-IC,SQ9CWT,SP5ULN,SQ5IZJ,SP4MPH",339,10:21:18,52.70525,21.21184,11987,0,16,63,-21,0,1.37,29b,8
"$$FOKUS-1,340,102135,52.70515,21.21287,12046,0,11,115,-21,0,137,29b,8*A09F","SQ2DK,SP5NON,SQ5KTM,SP9UOB,SQ5AAG-TS,SQ5NWI,SQ5AAG-IC,SQ9CWT,SP5ULN,SQ5IZJ,SP4MPH",340,10:21:35,52.70515,21.21287,12046,0,11,115,-21,0,1.37,29b,8
"$$FOKUS-1,341,102152,52.70516,21.21359,12101,0,10,100,-21,0,136,29b,7*2E31","SQ2DK,SQ5AAG-TS,SP8NTH,SQ5AAG-IC,SQ9CWT,SQ5KTM,SQ5IZJ,SP4MPH",341,10:21:52,52.70516,21.21359,12101,0,10,100,-21,0,1.36,29b,7
"$$FOKUS-1,342,102210,52.70514,21.21414,12155,0,10,90,-21,0,137,29b,7*1E77","SQ2DK,SP5NON,SQ5KTM,SP9UOB,SQ5AAG-TS,SQ5NWI,SP8NTH,SQ5AAG-IC,SQ9CWT,SP5ULN,SQ5IZJ,SP4MPH",342,10:22:10,52.70514,21.21414,12155,0,10,90,-21,0,1.37,29b,7
"$$FOKUS-1,343,102228,52.70511,21.21459,12203,0,3,67,-21,0,136,29b,7*9076","SQ2DK,SP5NON,SQ5KTM,SP9UOB,SQ5AAG-TS,SQ5AAG-IC,SP5ULN,SQ5IZJ,SP4MPH",343,10:22:28,52.70511,21.21459,12203,0,3,67,-21,0,1.36,29b,7
"$$FOKUS-1,344,102245,52.70513,21.21505,12251,0,10,80,-21,0,136,29b,8*CAB5","SQ2DK,SP5NON,SQ5AAG-TS,SQ5NWI,SQ5AAG-IC,SQ9CWT,SQ5IZJ,SP4MPH",344,10:22:45,52.70513,21.21505,12251,0,10,80,-21,0,1.36,29b,8
"$$FOKUS-1,345,102303,52.70549,21.21562,12301,0,8,33,-21,0,136,29b,7*954C","SQ2DK,SP5NON,SQ5KTM,SP9UOB,SQ5AAG-TS,SQ5AAG-IC,SP5ULN,SQ5IZJ,SP4MPH",345,10:23:03,52.70549,21.21562,12301,0,8,33,-21,0,1.36,29b,7
"$$FOKUS-1,346,102320,52.70585,21.21619,12348,0,15,45,-21,0,137,29b,7*9F3E","SQ2DK,SP5NON,SP9UOB,SQ5AAG-TS,SQ5NWI,SQ5AAG-IC,SQ9CWT,SQ5KTM,SQ5IZJ,SP4MPH",346,10:23:20,52.70585,21.21619,12348,0,15,45,-21,0,1.37,29b,7
"$$FOKUS-1,347,102337,52.70622,21.21666,12400,0,12,50,-22,0,136,29b,7*55ED","SQ2DK,SP5NON,SQ5KTM,SQ5AAG-TS,SQ5NWI,SQ5AAG-IC,SP5ULN,SQ5IZJ,SP4MPH",347,10:23:37,52.70622,21.21666,12400,0,12,50,-22,0,1.36,29b,7
"$$FOKUS-1,348,102355,52.70657,21.21751,12452,0,12,62,-22,0,136,29b,7*BC79","SQ2DK,SP5NON,SP9UOB,SQ5AAG-TS,SQ5NWI,SQ5AAG-IC,SQ5KTM,SQ5IZJ,SP4MPH",348,10:23:55,52.70657,21.21751,12452,0,12,62,-22,0,1.36,29b,7
"$$FOKUS-1,349,102412,52.70688,21.21861,12501,0,16,66,-22,0,136,29b,8*ED50","SQ2DK,SP5NON,SQ5KTM,SP9UOB,SQ5NWI,SP8NTH,SQ5AAG-IC,SQ9CWT,SP5ULN,SQ5IZJ,SP4MPH",349,10:24:12,52.70688,21.21861,12501,0,16,66,-22,0,1.36,29b,8
"$$FOKUS-1,350,102430,52.70723,21.22000,12561,0,22,66,-22,0,136,29b,7*061B","SQ2DK,SP5NON,SP9UOB,SQ5AAG-TS,SQ5AAG-IC,SQ9CWT,SQ5KTM,SQ5IZJ,SP4MPH",350,10:24:30,52.70723,21.22,12561,0,22,66,-22,0,1.36,29b,7
"$$FOKUS-1,351,102447,52.70724,21.22150,12610,0,21,98,-22,0,136,29b,8*76DA","SQ2DK,SP5ULN,SP9UOB,SQ5AAG-TS,SQ5NWI,SQ5KTM,SP4MPH",351,10:24:47,52.70724,21.2215,12610,0,21,98,-22,0,1.36,29b,8
"$$FOKUS-1,352,102505,52.70720,21.22328,12666,0,25,102,-22,0,137,29b,8*D5AF","SQ2DK,SP5NON,SP9UOB,SQ5AAG-TS,SQ5NWI,SQ5AAG-IC,SQ5KTM,SQ5IZJ,SP4MPH",352,10:25:05,52.7072,21.22328,12666,0,25,102,-22,0,1.37,29b,8
"$$FOKUS-1,353,102522,52.70718,21.22496,12725,0,24,90,-22,0,136,29b,9*354F","SQ2DK,SQ5KTM,SP9UOB,SQ5AAG-TS,SP8NTH,SQ5AAG-IC,SP5ULN,SQ5IZJ,SP4MPH",353,10:25:22,52.70718,21.22496,12725,0,24,90,-22,0,1.36,29b,9
"$$FOKUS-1,354,102540,52.70723,21.22676,12788,0,27,93,-22,0,136,29b,8*7488","SQ2DK,SP5NON,SP9UOB,SQ5AAG-TS,SQ5NWI,SQ5AAG-IC,SQ5KTM,SQ5IZJ,SP4MPH",354,10:25:40,52.70723,21.22676,12788,0,27,93,-22,0,1.36,29b,8
"$$FOKUS-1,355,102557,52.70701,21.22882,12848,0,28,104,-22,0,136,29b,9*8E09","SQ2DK,SP5NON,SQ5KTM,SP9UOB,SQ5AAG-TS,SQ5NWI,SP8NTH,SQ5AAG-IC,SP5ULN,SQ5IZJ,SP4MPH",355,10:25:57,52.70701,21.22882,12848,0,28,104,-22,0,1.36,29b,9
"$$FOKUS-1,356,102615,52.70674,21.23099,12913,0,33,105,-22,0,136,29b,7*3314","SQ2DK,SP5NON,SP9UOB,SQ5AAG-TS,SQ5NWI,SP8NTH,SQ5AAG-IC,SQ9CWT,SQ5KTM,SQ5IZJ,SP4MPH",356,10:26:15,52.70674,21.23099,12913,0,33,105,-22,0,1.36,29b,7
"$$FOKUS-1,357,102632,52.70636,21.23289,12966,0,26,106,-22,0,136,29b,7*0D0A","SQ2DK,SP5NON,SQ5AAG-TS,SP8NTH,SQ5AAG-IC,SP5ULN,SQ5IZJ,SP4MPH",357,10:26:32,52.70636,21.23289,12966,0,26,106,-22,0,1.36,29b,7
"$$FOKUS-1,358,102650,52.70610,21.23473,13018,0,24,103,-22,0,136,29b,7*D883","SQ2DK,SP5NON,SQ5KTM,SP9UOB,SQ5AAG-TS,SQ5NWI,SP8NTH,SQ5AAG-IC,SP5ULN,SQ5IZJ,SP4MPH",358,10:26:50,52.7061,21.23473,13018,0,24,103,-22,0,1.36,29b,7
"$$FOKUS-1,359,102708,52.70599,21.23622,13069,0,19,101,-22,0,136,29b,7*EB8A","SQ2DK,SP5NON,SP9UOB,SQ5AAG-TS,SQ5AAG-IC,SQ5KTM,SQ5IZJ",359,10:27:08,52.70599,21.23622,13069,0,19,101,-22,0,1.36,29b,7
"$$FOKUS-1,360,102725,52.70597,21.23765,13121,0,22,88,-22,0,135,29b,9*C8E9","SQ2DK,SP5NON,SQ5KTM,SP9UOB,SQ5AAG-TS,SQ5NWI,SQ5AAG-IC,SP5ULN,SQ5IZJ,SP4MPH",360,10:27:25,52.70597,21.23765,13121,0,22,88,-22,0,1.35,29b,9
"$$FOKUS-1,361,102743,52.70600,21.23952,13176,0,28,85,-22,0,136,29b,9*EA1A","SQ2DK,SP5NON,SP5ULN,SQ5AAG-TS,SQ5AAG-IC,SQ5KTM,SQ5IZJ,SP4MPH",361,10:27:43,52.706,21.23952,13176,0,28,85,-22,0,1.36,29b,9
"$$FOKUS-1,362,102801,52.70605,21.24146,13229,0,28,91,-22,0,136,29b,7*BF7E","SQ2DK,SP5NON,SQ5AAG-TS,SQ5NWI,SQ5AAG-IC,SQ9CWT,SP5ULN,SQ5IZJ,SP4MPH",362,10:28:01,52.70605,21.24146,13229,0,28,91,-22,0,1.36,29b,7
"$$FOKUS-1,363,102818,52.70606,21.24346,13278,0,29,89,-22,0,136,29b,8*0914","SQ2DK,SP5NON,SQ5KTM,SP9UOB,SQ5AAG-TS,SQ5NWI,SP8NTH,SQ5AAG-IC,SP5ULN,SQ5IZJ,SP4MPH",363,10:28:18,52.70606,21.24346,13278,0,29,89,-22,0,1.36,29b,8
"$$FOKUS-1,364,102835,52.70610,21.24529,13331,0,26,87,-22,0,136,29b,8*B8A1","SQ2DK,SP5NON,SQ5AAG-TS,SQ5NWI,SQ5AAG-IC,SQ5KTM,SQ5IZJ,SP4MPH",364,10:28:35,52.7061,21.24529,13331,0,26,87,-22,0,1.36,29b,8
"$$FOKUS-1,365,102853,52.70645,21.24686,13384,0,24,64,-22,0,136,29b,9*6E57","SQ2DK,SP5NON,SQ5KTM,SQ5AAG-TS,SP8NTH,SQ5AAG-IC,SP5ULN,SQ5IZJ,SP4MPH",365,10:28:53,52.70645,21.24686,13384,0,24,64,-22,0,1.36,29b,9
"$$FOKUS-1,366,102910,52.70682,21.24837,13436,0,26,62,-22,0,136,29b,9*0960","SQ2DK,SP5NON,SQ5KTM,SQ5AAG-TS,SQ5NWI,SQ5AAG-IC,SP5ULN,SQ5IZJ,SP4MPH",366,10:29:10,52.70682,21.24837,13436,0,26,62,-22,0,1.36,29b,9
"$$FOKUS-1,367,102928,52.70714,21.25036,13491,0,27,84,-22,0,136,29b,8*52EA","SQ2DK,SP5NON,SQ5AAG-TS,SQ5NWI,SQ5AAG-IC,SQ9CWT,SQ5KTM,SP4MPH",367,10:29:28,52.70714,21.25036,13491,0,27,84,-22,0,1.36,29b,8
"$$FOKUS-1,368,102945,52.70728,21.25227,13544,0,27,90,-22,0,136,29b,9*6691","SQ2DK,SP5NON,SP5ULN,SQ5AAG-TS,SQ5NWI,SQ5AAG-IC,SQ5KTM,SQ5IZJ,SP4MPH",368,10:29:45,52.70728,21.25227,13544,0,27,90,-22,0,1.36,29b,9
"$$FOKUS-1,369,103003,52.70743,21.25417,13595,0,22,78,-22,0,134,29b,8*308C","SQ2DK,SP9UOB,SQ5NWI,SP8NTH,SQ5AAG-IC,SQ9CWT,SQ5KTM,SP4MPH",369,10:30:03,52.70743,21.25417,13595,0,22,78,-22,0,1.34,29b,8
"$$FOKUS-1,370,103020,52.70751,21.25582,13639,0,22,76,-22,0,136,29b,10*BB2D","SQ2DK,SP5NON,SP5ULN,SQ5AAG-TS,SP8NTH,SQ5AAG-IC,SQ5KTM,SQ5IZJ,SP4MPH",370,10:30:20,52.70751,21.25582,13639,0,22,76,-22,0,1.36,29b,10
"$$FOKUS-1,371,103038,52.70755,21.25762,13692,0,21,95,-22,0,136,29b,6*A70C","SQ2DK,SP5NON,SQ5KTM,SP9UOB,SQ5AAG-TS,SQ5NWI,SQ5AAG-IC,SP5ULN,SQ5IZJ",371,10:30:38,52.70755,21.25762,13692,0,21,95,-22,0,1.36,29b,6
"$$FOKUS-1,372,103055,52.70753,21.25941,13741,0,24,99,-22,0,134,29b,7*1C54","SQ2DK,SP5NON,SP9UOB,SQ5AAG-TS,SQ5NWI,SP8NTH,SQ5AAG-IC,SQ5KTM,SQ5IZJ",372,10:30:55,52.70753,21.25941,13741,0,24,99,-22,0,1.34,29b,7
"$$FOKUS-1,373,103113,52.70745,21.26118,13791,0,25,96,-22,0,136,29b,6*A70C","SQ2DK,SQ5KTM,SQ5AAG-TS,SP8NTH,SQ5AAG-IC,SQ9CWT,SP5ULN,SQ5IZJ",373,10:31:13,52.70745,21.26118,13791,0,25,96,-22,0,1.36,29b,6
"$$FOKUS-1,374,103130,52.70730,21.26306,13845,0,25,98,-22,0,136,29b,6*A4AE","SQ2DK,SP5NON,SP9UOB,SQ5AAG-TS,SQ5NWI,SQ5AAG-IC,SQ5KTM,SQ5IZJ,SP4MPH",374,10:31:30,52.7073,21.26306,13845,0,25,98,-22,0,1.36,29b,6
"$$FOKUS-1,375,103148,52.70706,21.26508,13900,0,26,99,-22,0,136,29b,7*1F34","SQ2DK,SP9UOB,SQ5AAG-TS,SP8NTH,SQ5AAG-IC,SP5ULN,SQ5IZJ,SP4MPH",375,10:31:48,52.70706,21.26508,13900,0,26,99,-22,0,1.36,29b,7
"$$FOKUS-1,376,103205,52.70689,21.26688,13953,0,27,104,-22,0,135,29b,7*D10F","SQ2DK,SP5NON,SQ5KTM,SP9UOB,SQ5AAG-TS,SQ5AAG-IC,SP5ULN,SQ5IZJ,SP4MPH",376,10:32:05,52.70689,21.26688,13953,0,27,104,-22,0,1.35,29b,7
"$$FOKUS-1,377,103223,52.70661,21.26856,14007,0,22,108,-22,0,136,29b,7*01BD","SQ2DK,SP5NON,SP9UOB,SQ5AAG-TS,SQ5NWI,SP8NTH,SQ5AAG-IC,SQ5KTM,SQ5IZJ,SP4MPH",377,10:32:23,52.70661,21.26856,14007,0,22,108,-22,0,1.36,29b,7
"$$FOKUS-1,378,103240,52.70642,21.26981,14060,0,18,99,-22,0,134,29b,7*65D3","SQ2DK,SP5NON,SP9UOB,SQ5AAG-TS,SQ5NWI,SP8NTH,SQ5AAG-IC,SP5ULN,SQ5IZJ,SP4MPH",378,10:32:40,52.70642,21.26981,14060,0,18,99,-22,0,1.34,29b,7
"$$FOKUS-1,379,103258,52.70607,21.27137,14124,0,22,112,-22,0,135,29b,8*38F6","SQ2DK,SP5ULN,SQ5AAG-TS,SQ5NWI,SQ5AAG-IC,SQ5KTM,SQ5IZJ,SP4MPH",379,10:32:58,52.70607,21.27137,14124,0,22,112,-22,0,1.35,29b,8
"$$FOKUS-1,380,103316,52.70582,21.27279,14175,0,23,102,-22,0,135,29b,8*6762","SQ2DK,SP5ULN,SQ5AAG-TS,SQ5NWI,SQ5AAG-IC,SQ5KTM,SQ5IZJ,SP4MPH",380,10:33:16,52.70582,21.27279,14175,0,23,102,-22,0,1.35,29b,8
"$$FOKUS-1,381,103333,52.70596,21.27412,14222,0,25,42,-22,0,135,29b,7*6D76","SQ5AAG-TS,SP5ULN,SQ5IZJ,SP4MPH,SQ5AAG-IC",381,10:33:33,52.70596,21.27412,14222,0,25,42,-22,0,1.35,29b,7
"$$FOKUS-1,382,103351,52.70640,21.27560,14150,0,56,45,-22,0,135,29b,8*5265","SQ2DK,SP9UOB,SQ5AAG-TS,SQ5NWI,SP5ULN,SQ5IZJ,SP4MPH",382,10:33:51,52.7064,21.2756,14150,0,56,45,-22,0,1.35,29b,8
"$$FOKUS-1,383,103408,52.70630,21.27730,13976,0,46,72,-22,0,136,29b,6*B170","SQ2DK,SP5NON,SP9UOB,SQ5AAG-TS,SQ5AAG-IC,SQ5KTM,SQ5IZJ,SP4MPH",383,10:34:08,52.7063,21.2773,13976,0,46,72,-22,0,1.36,29b,6
"$$FOKUS-1,384,103426,52.70622,21.27869,13754,0,37,100,-21,0,135,29b,8*BFBB","SQ5AAG-TS,SP5ULN,SQ5IZJ",384,10:34:26,52.70622,21.27869,13754,0,37,100,-21,0,1.35,29b,8
"$$FOKUS-1,385,103443,52.70640,21.28066,13507,0,34,100,-21,0,134,29b,6*063E","SQ5AAG-TS,SQ5KTM,SQ5IZJ,SQ5NWI,SP5ULN",385,10:34:43,52.7064,21.28066,13507,0,34,100,-21,0,1.34,29b,6
"$$FOKUS-1,386,103501,52.70612,21.28242,13239,0,37,106,-21,0,134,29b,8*F5D0","SQ5AAG-TS,SQ5KTM,SQ5IZJ,SP5ULN",386,10:35:01,52.70612,21.28242,13239,0,37,106,-21,0,1.34,29b,8
"$$FOKUS-1,387,103519,52.70575,21.28460,12957,0,45,92,-21,0,134,29b,7*6719","SQ5AAG-TS,SQ5IZJ,SQ5AAG-IC,SP4MPH",387,10:35:19,52.70575,21.2846,12957,0,45,92,-21,0,1.34,29b,7
"$$FOKUS-1,388,103536,52.70538,21.28603,12694,0,43,114,-21,0,135,29b,7*40C0","SQ5AAG-TS,SP5ULN,SQ5IZJ,SQ5AAG-IC",388,10:35:36,52.70538,21.28603,12694,0,43,114,-21,0,1.35,29b,7
"$$FOKUS-1,389,103554,52.70540,21.28781,12449,0,36,100,-22,0,134,29b,6*4E05","SQ5AAG-TS,SQ5KTM,SQ5IZJ,SQ5AAG-IC",389,10:35:54,52.7054,21.28781,12449,0,36,100,-22,0,1.34,29b,6
"$$FOKUS-1,390,103612,52.70559,21.28877,12213,0,25,94,-22,0,134,29b,7*EB5E","SQ5AAG-TS,SQ5KTM,SP5ULN,SQ5IZJ",390,10:36:12,52.70559,21.28877,12213,0,25,94,-22,0,1.34,29b,7
"$$FOKUS-1,391,103629,52.70553,21.28938,12005,0,29,112,-23,0,134,29b,7*79B5","SQ5AAG-TS,SQ5KTM,SQ5IZJ,SP4MPH,SP5ULN",391,10:36:29,52.70553,21.28938,12005,0,29,112,-23,0,1.34,29b,7
"$$FOKUS-1,392,103647,52.70598,21.28953,11795,0,10,134,-23,0,134,29b,7*EEA4","SP5NON,SP5ULN,SQ5AAG-TS,SQ5AAG-IC,SQ5KTM,SQ5IZJ",392,10:36:47,52.70598,21.28953,11795,0,10,134,-23,0,1.34,29b,7
"$$FOKUS-1,393,103704,52.70617,21.28961,11607,0,25,139,-24,0,133,29b,9*5DE5","SQ2DK,SP5NON,SP5ULN,SQ5AAG-TS,SQ5AAG-IC,SQ5KTM,SQ5IZJ",393,10:37:04,52.70617,21.28961,11607,0,25,139,-24,0,1.33,29b,9
"$$FOKUS-1,394,103722,52.70584,21.29022,11417,0,31,155,-24,0,134,29b,7*6D62","SQ5AAG-TS,SQ5KTM,SQ5IZJ,SQ5AAG-IC,SP5ULN",394,10:37:22,52.70584,21.29022,11417,0,31,155,-24,0,1.34,29b,7
"$$FOKUS-1,395,103740,52.70570,21.29167,11235,11437,13,163,-24,21117,133,29b,7*39E9","SQ5AAG-TS,SQ5KTM,SQ5IZJ,SP5ULN",395,10:37:40,52.7057,21.29167,11235,11437,13,163,-24,21117,1.33,29b,7
"$$FOKUS-1,396,103757,52.70568,21.29307,11062,11245,1,33,-25,21776,133,29b,8*4EE3","SQ5AAG-TS,SP5ULN,SQ5IZJ",396,10:37:57,52.70568,21.29307,11062,11245,1,33,-25,21776,1.33,29b,8
"$$FOKUS-1,397,103817,52.70591,21.29436,10865,11062,22,10,-25,22415,132,29b,7*5F87","SQ5AAG-TS,SP5ULN,SQ5IZJ",397,10:38:17,52.70591,21.29436,10865,11062,22,10,-25,22415,1.32,29b,7
"$$FOKUS-1,398,103836,52.70646,21.29480,10676,10854,29,350,-26,23160,132,29b,7*3B2E","SQ5AAG-TS,SP5ULN,SQ5IZJ,SQ5AAG-IC",398,10:38:36,52.70646,21.2948,10676,10854,29,350,-26,23160,1.32,29b,7
"$$FOKUS-1,399,103855,52.70685,21.29482,10483,10654,29,11,-26,23898,132,29b,8*2EED","SQ5AAG-TS,SQ5KTM,SP5ULN,SQ5IZJ",399,10:38:55,52.70685,21.29482,10483,10654,29,11,-26,23898,1.32,29b,8
"$$FOKUS-1,400,103915,52.70734,21.29513,10290,10458,29,59,-26,24637,132,29b,7*8D8B","SQ5AAG-TS,SQ5KTM,SQ5IZJ,SQ5AAG-IC,SP5ULN",400,10:39:15,52.70734,21.29513,10290,10458,29,59,-26,24637,1.32,29b,7
"$$FOKUS-1,401,103934,52.70783,21.29554,10099,10258,21,87,-27,25412,132,29b,7*7F9F","SQ5AAG-TS,SQ5KTM,SP5ULN,SQ5AAG-IC,SQ5IZJ",401,10:39:34,52.70783,21.29554,10099,10258,21,87,-27,25412,1.32,29b,7
"$$FOKUS-1,402,103953,52.70818,21.29515,9915,10073,10,175,-27,26146,132,29b,7*1799","SQ5AAG-TS,SP5ULN,SQ5IZJ,SQ5AAG-IC",402,10:39:53,52.70818,21.29515,9915,10073,10,175,-27,26146,1.32,29b,7
"$$FOKUS-1,403,104012,52.70902,21.29493,9746,9890,19,290,-27,26887,132,29b,6*0DD8","SQ5AAG-TS,SP5ULN,SQ5IZJ",403,10:40:12,52.70902,21.29493,9746,9890,19,290,-27,26887,1.32,29b,6
"$$FOKUS-1,404,104031,52.70921,21.29524,9572,9706,23,350,-27,27652,132,29b,7*6CAF","SQ5AAG-TS,SQ5KTM,SQ5IZJ,SP5ULN",404,10:40:31,52.70921,21.29524,9572,9706,23,350,-27,27652,1.32,29b,7
"$$FOKUS-1,405,104050,52.70962,21.29537,9400,9519,29,19,-27,28445,131,29b,9*A350","SQ5AAG-TS,SQ5KTM,SP5ULN,SQ5IZJ",405,10:40:50,52.70962,21.29537,9400,9519,29,19,-27,28445,1.31,29b,9
"$$FOKUS-1,406,104109,52.71019,21.29474,9231,9340,10,123,-27,29223,131,29b,7*A92D","SP5NVX,SQ5AAG-TS,SP5ULN,SP4MPH,SQ5AAG-IC",406,10:41:09,52.71019,21.29474,9231,9340,10,123,-27,29223,1.31,29b,7
"$$FOKUS-1,407,104128,52.71084,21.29544,9060,9164,22,331,-27,30004,131,29b,8*BED1","SP5ULN,SQ5AAG-TS,SQ5NWI,SP8NTH,SQ5AAG-IC,SQ5KTM,SQ5IZJ,SP4MPH",407,10:41:28,52.71084,21.29544,9060,9164,22,331,-27,30004,1.31,29b,8
"$$FOKUS-1,408,104147,52.71084,21.29546,8892,8984,19,46,-27,30818,130,29b,9*D3F8","SP5ULN,SQ5AAG-TS,SQ5AAG-IC,SQ5KTM,SQ5IZJ,SP4MPH",408,10:41:47,52.71084,21.29546,8892,8984,19,46,-27,30818,1.3,29b,9
"$$FOKUS-1,409,104206,52.71161,21.29474,8723,8815,19,258,-27,31602,130,29b,6*4559","SP5ULN,SQ5AAG-TS,SQ5NWI,SQ5AAG-IC,SQ5KTM,SQ5IZJ,SP4MPH",409,10:42:06,52.71161,21.29474,8723,8815,19,258,-27,31602,1.3,29b,6
"$$FOKUS-1,410,104225,52.71159,21.29518,8559,8648,23,27,-27,32392,130,29b,6*ADC3","SP5NON,SP5ULN,SQ5AAG-TS,SQ5AAG-IC,SQ5KTM,SQ5IZJ,SP4MPH",410,10:42:25,52.71159,21.29518,8559,8648,23,27,-27,32392,1.3,29b,6
"$$FOKUS-1,411,104244,52.71238,21.29436,8396,8481,18,270,-27,33193,131,29b,6*10E2","SP5ULN,SQ5AAG-TS,SP8NTH,SQ5AAG-IC,SQ5KTM,SQ5IZJ,SP4MPH",411,10:42:44,52.71238,21.29436,8396,8481,18,270,-27,33193,1.31,29b,6
"$$FOKUS-1,412,104303,52.71196,21.29445,8235,8316,19,108,-27,34007,130,29b,5*2CAD","SP5NON,SP5ULN,SQ5AAG-TS,SQ5AAG-IC,SQ5KTM,SQ5IZJ,SP4MPH",412,10:43:03,52.71196,21.29445,8235,8316,19,108,-27,34007,1.3,29b,5
"$$FOKUS-1,413,104322,52.71302,21.29478,8081,8155,18,322,-27,34810,129,29b,5*A5C3","SQ2DK,SP5ULN,SQ5AAG-TS,SP8NTH,SQ5AAG-IC,SQ5KTM,SQ5IZJ",413,10:43:22,52.71302,21.29478,8081,8155,18,322,-27,34810,1.29,29b,5
"$$FOKUS-1,414,104341,52.71293,21.29497,7925,7986,22,64,-26,35673,131,29b,8*6D3B","SQ2DK,SP5NON,SP5ULN,SQ5AAG-TS,SQ5AAG-IC,SQ5KTM,SQ5IZJ,SP4MPH",414,10:43:41,52.71293,21.29497,7925,7986,22,64,-26,35673,1.31,29b,8
"$$FOKUS-1,415,104400,52.71419,21.29600,7771,7837,32,6,-26,36451,129,29b,5*9630","SP5NON,SP5ULN,SQ5AAG-TS,SQ5KTM,SQ5IZJ,SP4MPH",415,10:44:00,52.71419,21.296,7771,7837,32,6,-26,36451,1.29,29b,5
"$$FOKUS-1,416,104418,52.71498,21.29534,7631,7674,5,313,-26,37314,131,29b,6*9D8F","SP5ULN,SQ5AAG-TS,SQ5NWI,SP8NTH,SQ5AAG-IC,SQ5KTM,SQ5IZJ",416,10:44:18,52.71498,21.29534,7631,7674,5,313,-26,37314,1.31,29b,6
"$$FOKUS-1,417,104437,52.71524,21.29683,7484,7528,32,49,-26,38104,131,29b,7*F2F1","SP5ULN,SQ5AAG-TS,SP8NTH,SQ5AAG-IC,SQ5KTM,SQ5IZJ,SP4MPH",417,10:44:37,52.71524,21.29683,7484,7528,32,49,-26,38104,1.31,29b,7
"$$FOKUS-1,418,104456,52.71649,21.29798,7338,7382,29,352,-25,38900,130,29b,5*CD5C","SQ5AAG-TS,SP5ULN,SQ5IZJ,SQ5AAG-IC,SP5NON",418,10:44:56,52.71649,21.29798,7338,7382,29,352,-25,38900,1.3,29b,5
"$$FOKUS-1,419,104515,52.71730,21.29662,7193,7224,20,311,-25,39787,130,29b,6*EFAC","SP5NON,SQ5KTM,SQ5AAG-TS,SQ5NWI,SP8NTH,SQ5AAG-IC,SP5ULN,SQ5IZJ,SP4MPH",419,10:45:15,52.7173,21.29662,7193,7224,20,311,-25,39787,1.3,29b,6
"$$FOKUS-1,420,104534,52.71784,21.29707,7042,7076,26,35,-24,40626,129,29b,6*6292","SP5ULN,SQ5AAG-TS,SP8NTH,SQ5AAG-IC,SQ5KTM,SQ5IZJ,SP4MPH,SP8CGR",420,10:45:34,52.71784,21.29707,7042,7076,26,35,-24,40626,1.29,29b,6
"$$FOKUS-1,421,104553,52.71963,21.29809,6902,6929,38,6,-24,41473,130,29b,6*3A3C","SP5ULN,SQ5AAG-TS,SQ5KTM,SQ5IZJ,SP4MPH,SP8CGR",421,10:45:53,52.71963,21.29809,6902,6929,38,6,-24,41473,1.3,29b,6
"$$FOKUS-1,422,104611,52.72131,21.29789,6762,6779,35,351,-23,42359,130,29b,5*7F4F","SP5ULN,SQ5AAG-TS,SQ5AAG-IC,SQ5KTM,SQ5IZJ,SP4MPH,SP8CGR",422,10:46:11,52.72131,21.29789,6762,6779,35,351,-23,42359,1.3,29b,5
"$$FOKUS-1,423,104630,52.72280,21.29717,6615,6635,29,342,-23,43216,130,29b,5*6E7A","SP5ULN,SQ5AAG-TS,SQ5AAG-IC,SQ5KTM,SQ5IZJ,SP4MPH,SP8CGR",423,10:46:30,52.7228,21.29717,6615,6635,29,342,-23,43216,1.3,29b,5
"$$FOKUS-1,424,104649,52.72443,21.29680,6465,6488,29,351,-23,44108,130,29b,5*0239","SP5NON,SP5ULN,SQ5IZJ,SP4MPH,SP8CGR",424,10:46:49,52.72443,21.2968,6465,6488,29,351,-23,44108,1.3,29b,5
"$$FOKUS-1,425,104708,52.72546,21.29663,6320,6337,16,359,-22,45045,130,29b,6*1B7C","SP5NON,SQ5AAG-TS,SP5ULN,SQ5IZJ,SP4MPH,SP8CGR",425,10:47:08,52.72546,21.29663,6320,6337,16,359,-22,45045,1.3,29b,6
"$$FOKUS-1,426,104727,52.72572,21.29687,6173,6189,7,58,-22,45974,131,29b,8*5EE2","SP5NON,SP5ULN,SQ5AAG-TS,SQ5AAG-IC,SQ5KTM,SQ5IZJ",426,10:47:27,52.72572,21.29687,6173,6189,7,58,-22,45974,1.31,29b,8
"$$FOKUS-1,427,104746,52.72571,21.29714,6022,6038,5,111,-21,46937,131,29b,6*A797","SP5NON,SP5ULN,SQ5AAG-TS,SQ5NWI,SQ5AAG-IC,SQ5KTM,SQ5IZJ,SP8CGR",427,10:47:46,52.72571,21.29714,6022,6038,5,111,-21,46937,1.31,29b,6
"$$FOKUS-1,428,104804,52.72566,21.29860,5888,5890,24,80,-21,47900,130,29b,7*859A","SP5NON,SP5ULN,SQ5AAG-TS,SQ5NWI,SQ5AAG-IC,SQ5KTM,SQ5IZJ,SP4MPH,SP8CGR",428,10:48:04,52.72566,21.2986,5888,5890,24,80,-21,47900,1.3,29b,7
"$$FOKUS-1,429,104823,52.72614,21.30068,5735,5753,29,66,-20,48805,131,29b,6*E8C7","SP5NON,SP5ULN,SQ5AAG-TS,SQ5NWI,SQ5AAG-IC,SQ5KTM,SP4MPH",429,10:48:23,52.72614,21.30068,5735,5753,29,66,-20,48805,1.31,29b,6
"$$FOKUS-1,430,104842,52.72683,21.30262,5596,5608,27,65,-20,49773,130,29b,5*9B64","SP5NON,SQ5AAG-TS,SQ5NWI,SQ5AAG-IC,SP5ULN,SQ5IZJ,SP8CGR",430,10:48:42,52.72683,21.30262,5596,5608,27,65,-20,49773,1.3,29b,5
"$$FOKUS-1,431,104901,52.72727,21.30461,5470,5465,24,87,-19,50746,131,29b,6*F430","SP5NON,SP5ULN,SQ5AAG-TS,SQ5NWI,SQ5AAG-IC,SQ5KTM,SQ5IZJ,SP8CGR",431,10:49:01,52.72727,21.30461,5470,5465,24,87,-19,50746,1.31,29b,6
"$$FOKUS-1,432,104920,52.72723,21.30664,5332,5329,28,86,-18,51691,130,29b,5*E1A2","SP5NON,SQ5KTM,SQ5AAG-TS,SQ5NWI,SQ5AAG-IC,SP5ULN,SQ5IZJ,SP4MPH,SP8CGR",432,10:49:20,52.72723,21.30664,5332,5329,28,86,-18,51691,1.3,29b,5
"$$FOKUS-1,433,104938,52.72734,21.30882,5200,5191,27,88,-17,52660,130,29b,5*A787","SP5NON,SP5ULN,SQ5AAG-TS,SQ5NWI,SQ5AAG-IC,SQ5KTM,SQ5IZJ,SP8CGR",433,10:49:38,52.72734,21.30882,5200,5191,27,88,-17,52660,1.3,29b,5
"$$FOKUS-1,434,104957,52.72757,21.31078,5060,5064,26,75,-17,53562,131,29b,7*0B15","SP5NON,SQ5KTM,SQ5AAG-TS,SQ5NWI,SQ5AAG-IC,SP5ULN,SQ5IZJ,SP4MPH",434,10:49:57,52.72757,21.31078,5060,5064,26,75,-17,53562,1.31,29b,7
"$$FOKUS-1,435,105016,52.72798,21.31282,4928,4929,27,73,-16,54538,130,29b,7*C3C2","SP5NON,SQ5AAG-TS,SP8NTH,SQ5AAG-IC,SP5ULN,SQ5IZJ,SP4MPH",435,10:50:16,52.72798,21.31282,4928,4929,27,73,-16,54538,1.3,29b,7
"$$FOKUS-1,436,105035,52.72823,21.31417,4795,4797,12,62,-15,55502,132,29b,6*9AC8","SP5NON,SP5ULN,SQ5AAG-TS,SQ5AAG-IC,SQ5KTM,SP4MPH",436,10:50:35,52.72823,21.31417,4795,4797,12,62,-15,55502,1.32,29b,6
"$$FOKUS-1,437,105053,52.72875,21.31460,4673,4665,13,31,-15,56480,131,29b,7*8194","SP5NON,SP5ULN,SQ5AAG-TS,SQ5KTM,SQ5IZJ,SP4MPH",437,10:50:53,52.72875,21.3146,4673,4665,13,31,-15,56480,1.31,29b,7
"$$FOKUS-1,438,105112,52.72979,21.31470,4554,4546,27,1,-14,57382,132,29b,6*A6D3","SP5NON,SP5ULN,SQ5AAG-TS,SQ5NWI,SQ5AAG-IC,SQ5KTM,SQ5IZJ",438,10:51:12,52.72979,21.3147,4554,4546,27,1,-14,57382,1.32,29b,6
"$$FOKUS-1,439,105131,52.73163,21.31513,4439,4421,45,16,-14,58331,132,29b,6*AA2C","SP5NON,SP5ULN,SQ5AAG-TS,SQ5NWI,SQ5AAG-IC,SQ5KTM,SQ5IZJ",439,10:51:31,52.73163,21.31513,4439,4421,45,16,-14,58331,1.32,29b,6
"$$FOKUS-1,440,105150,52.73361,21.31653,4311,4297,45,30,-13,59293,132,29b,6*6F57","SP5NON,SQ5KTM,SQ5AAG-TS,SQ5NWI,SQ5AAG-IC,SP5ULN",440,10:51:50,52.73361,21.31653,4311,4297,45,30,-13,59293,1.32,29b,6
"$$FOKUS-1,441,105208,52.73514,21.31869,4197,4174,48,44,-12,60257,132,29b,5*2B9B","SP5NON,SP5ULN,SQ5IZJ,SQ5AAG-TS",441,10:52:08,52.73514,21.31869,4197,4174,48,44,-12,60257,1.32,29b,5
"$$FOKUS-1,442,105227,52.73593,21.32126,4068,4056,33,71,-12,61195,132,29b,7*E5F4","SP5NON,SQ5KTM,SP5ULN,SP4MPH,SQ5AAG-TS",442,10:52:27,52.73593,21.32126,4068,4056,33,71,-12,61195,1.32,29b,7
"$$FOKUS-1,443,105246,52.73636,21.32342,3940,3928,23,75,-11,62221,133,29b,7*34D1","SQ5AAG-TS,SQ5KTM,SP5ULN,SQ5AAG-IC,SQ5IZJ",443,10:52:46,52.73636,21.32342,3940,3928,23,75,-11,62221,1.33,29b,7
"$$FOKUS-1,444,105305,52.73700,21.32424,3815,3800,20,20,-11,63267,132,29b,6*6BDC","SQ5KTM,SQ5IZJ,SP5ULN",444,10:53:05,52.737,21.32424,3815,3800,20,20,-11,63267,1.32,29b,6
"$$FOKUS-1,445,105323,52.73823,21.32478,3701,3674,32,11,-10,64306,133,29b,5*1D2B","SQ5AAG-TS,SQ5KTM,SP5ULN,SQ5IZJ",445,10:53:23,52.73823,21.32478,3701,3674,32,11,-10,64306,1.33,29b,5
"$$FOKUS-1,446,105342,52.74014,21.32549,3574,3554,48,22,-10,65305,133,29b,6*FE66","SQ5AAG-TS,SP5ULN,SQ5AAG-IC,SP5NON",446,10:53:42,52.74014,21.32549,3574,3554,48,22,-10,65305,1.33,29b,6
"$$FOKUS-1,447,105401,52.74228,21.32710,3448,3431,48,29,-9,66353,133,29b,5*5729","SP5NON,SQ5AAG-TS,SQ5NWI,SQ5AAG-IC,SP5ULN,SQ5IZJ",447,10:54:01,52.74228,21.3271,3448,3431,48,29,-9,66353,1.33,29b,5
"$$FOKUS-1,448,105420,52.74409,21.32944,3324,3307,48,43,-8,67412,132,29b,6*E638","SQ5AAG-TS,SP5ULN,SQ5IZJ",448,10:54:20,52.74409,21.32944,3324,3307,48,43,-8,67412,1.32,29b,6
"$$FOKUS-1,449,105438,52.74513,21.33191,3207,3185,32,63,-8,68473,134,29b,6*0EEF","SP5NON,SQ5KTM,SP5ULN,SQ5AAG-TS",449,10:54:38,52.74513,21.33191,3207,3185,32,63,-8,68473,1.34,29b,6
"$$FOKUS-1,450,105457,52.74578,21.33405,3080,3065,27,63,-7,69527,134,29b,6*3A66","SQ5AAG-TS,SP5ULN,SQ5IZJ,SQ5AAG-IC",450,10:54:57,52.74578,21.33405,3080,3065,27,63,-7,69527,1.34,29b,6
"$$FOKUS-1,451,105515,52.74641,21.33512,2962,2942,20,14,-6,70623,134,29b,6*51C0","SQ5AAG-TS,SP5ULN,SQ5IZJ",451,10:55:15,52.74641,21.33512,2962,2942,20,14,-6,70623,1.34,29b,6
"$$FOKUS-1,452,105534,52.74795,21.33537,2833,2823,37,6,-6,71700,134,29b,6*9AE7","SQ5AAG-TS,SP5ULN,SQ5IZJ,SQ5AAG-IC,SP5NON",452,10:55:34,52.74795,21.33537,2833,2823,37,6,-6,71700,1.34,29b,6
"$$FOKUS-1,453,105552,52.74966,21.33570,2711,2704,43,12,-5,72789,134,29b,7*BB5C","SQ5AAG-TS,SP5ULN,SQ5IZJ,SQ5AAG-IC",453,10:55:52,52.74966,21.3357,2711,2704,43,12,-5,72789,1.34,29b,7
"$$FOKUS-1,454,105611,52.75145,21.33751,2595,2590,43,40,-5,73842,135,29b,7*8DFD","SQ5AAG-TS,SQ5KTM,SQ5IZJ,SP5ULN",454,10:56:11,52.75145,21.33751,2595,2590,43,40,-5,73842,1.35,29b,7
"$$FOKUS-1,455,105629,52.75235,21.33954,2484,2474,22,55,-4,74930,134,29b,6*6875","SQ5AAG-TS,SQ5NWI,SQ5IZJ,SQ5AAG-IC,SP5ULN",455,10:56:29,52.75235,21.33954,2484,2474,22,55,-4,74930,1.34,29b,6
"$$FOKUS-1,456,105648,52.75320,21.33967,2366,2356,22,350,-3,76044,134,29b,6*5848","SP5NON,SP5ULN,SQ5IZJ,SQ5AAG-IC,SQ5AAG-TS",456,10:56:48,52.7532,21.33967,2366,2356,22,350,-3,76044,1.34,29b,6
"$$FOKUS-1,457,105706,52.75488,21.33966,2252,2235,43,6,-3,77203,135,29b,6*D3A0","SQ5AAG-TS,SQ5NWI,SQ5IZJ,SP5ULN",457,10:57:06,52.75488,21.33966,2252,2235,43,6,-3,77203,1.35,29b,6
"$$FOKUS-1,458,105725,52.75673,21.34077,2132,2122,35,37,-2,78299,136,29b,6*3BC4","SP5ULN,SQ5IZJ,SQ5NWI",458,10:57:25,52.75673,21.34077,2132,2122,35,37,-2,78299,1.36,29b,6
"$$FOKUS-1,459,105744,52.75763,21.34268,2015,2010,27,54,-1,79391,135,29b,6*10AB","SP5ULN,SQ5IZJ",459,10:57:44,52.75763,21.34268,2015,2010,27,54,-1,79391,1.35,29b,6
"$$FOKUS-1,460,105802,52.75835,21.34478,1911,1895,34,65,-1,80530,135,1b,6*3F18","SQ5AAG-TS,SP5ULN,SQ5AAG-IC",460,10:58:02,52.75835,21.34478,1911,1895,34,65,-1,80530,1.35,1b,6
"$$FOKUS-1,461,105821,52.75884,21.34591,1801,1789,16,30,0,81597,136,21b,7*B763","SQ5AAG-TS,SQ5KTM",461,10:58:21,52.75884,21.34591,1801,1789,16,30,0,81597,1.36,21b,7
"$$FOKUS-1,462,105839,52.75979,21.34638,1695,1676,31,12,0,82741,136,21b,7*4E2A","SQ5AAG-TS,SP5ULN,SQ5IZJ,SQ5AAG-IC",462,10:58:39,52.75979,21.34638,1695,1676,31,12,0,82741,1.36,21b,7
"$$FOKUS-1,463,105857,52.76155,21.34806,1593,1571,49,32,0,83815,136,21b,7*703A","SQ5AAG-TS,SP5ULN",463,10:58:57,52.76155,21.34806,1593,1571,49,32,0,83815,1.36,21b,7
"$$FOKUS-1,464,105916,52.76368,21.35052,1487,1469,55,41,1,84874,136,21b,7*456A","SQ5AAG-TS,SP5ULN,SQ5IZJ,SQ5AAG-IC",464,10:59:16,52.76368,21.35052,1487,1469,55,41,1,84874,1.36,21b,7
"$$FOKUS-1,465,105934,52.76536,21.35359,1385,1358,56,48,1,86038,136,21b,7*20AC","SQ5AAG-TS,SP5ULN,SQ5AAG-IC",465,10:59:34,52.76536,21.35359,1385,1358,56,48,1,86038,1.36,21b,7
"$$FOKUS-1,466,105952,52.76691,21.35612,1273,1254,47,39,2,87139,136,21b,7*801D","SQ5AAG-TS,SP5ULN,SQ5IZJ,SQ5AAG-IC",466,10:59:52,52.76691,21.35612,1273,1254,47,39,2,87139,1.36,21b,7
"$$FOKUS-1,467,110011,52.76899,21.35776,1166,1147,52,18,2,88282,135,21b,8*CC92","SQ5AAG-TS,SP5ULN,SQ5AAG-IC",467,11:00:11,52.76899,21.35776,1166,1147,52,18,2,88282,1.35,21b,8
"$$FOKUS-1,468,110029,52.77144,21.35901,1069,1036,61,15,2,89475,136,21b,8*BFD4",SQ5IZJ,468,11:00:29,52.77144,21.35901,1069,1036,61,15,2,89475,1.36,21b,8
"$$FOKUS-1,469,110047,52.77406,21.36030,976,937,57,19,3,90563,137,21b,6*42F0","SQ5AAG-TS,SQ5IZJ",469,11:00:47,52.77406,21.3603,976,937,57,19,3,90563,1.37,21b,6
"$$FOKUS-1,470,110106,52.77534,21.36237,875,841,30,40,3,91615,137,21b,6*5B04",SQ5IZJ,470,11:01:06,52.77534,21.36237,875,841,30,40,3,91615,1.37,21b,6
"$$FOKUS-1,473,110159,52.77980,21.36563,574,519,38,38,3,95243,138,21b,6*E318",SQ5IZJ,473,11:01:59,52.7798,21.36563,574,519,38,38,3,95243,1.38,21b,6
