_sentence,_receivers,sentence_id,time,latitude,longitude,altitude,satellites,status,unknown1,unknown2
"$$HABDUINO,416,12:48:01,51.955359,-2.717841,7411,4,19,2851,20*B7A5","G8ZBJ,0x17,G8DHE,EDU001",416,12:48:01,51.955359,-2.717841,7411,4,19,2851,20
"$$HABDUINO,417,12:48:16,51.955499,-2.721438,7489,6,19,2854,00*B788","G8ZBJ,0x17,G8DHE,EDU001",417,12:48:16,51.955499,-2.721438,7489,6,19,2854,00
"$$HABDUINO,418,12:48:26,51.955747,-2.725470,7593,7,19,2851,00*50BD","G8ZBJ,0x17,G8DHE,EDU001",418,12:48:26,51.955747,-2.72547,7593,7,19,2851,00
"$$HABDUINO,419,12:48:41,0.000000,0.000000,7648,0,19,2848,00*8D6B","G8ZBJ,0x17,G3ZGZ,EDU001",419,12:48:41,0.0,0.0,7648,0,19,2848,00
"$$HABDUINO,420,12:48:55,51.956405,-2.732655,7720,8,18,2848,00*44DB","G8ZBJ,0x17,G3ZGZ,G8DHE,EDU001",420,12:48:55,51.956405,-2.732655,7720,8,18,2848,00
"$$HABDUINO,421,12:49:10,51.957303,-2.736655,7791,6,18,2850,00*B8B0","G8ZBJ,0x17,G3ZGZ,EDU001,G8DHE",421,12:49:10,51.957303,-2.736655,7791,6,18,2850,00
"$$HABDUINO,422,12:49:25,51.957885,-2.740010,7863,7,18,2848,00*C6B3","G8ZBJ,G3ZGZ,EDU001,G8DHE",422,12:49:25,51.957885,-2.74001,7863,7,18,2848,00
"$$HABDUINO,423,12:49:40,51.958639,-2.744894,7947,7,18,2853,00*E060","G8ZBJ,0x17,G3ZGZ,EDU001,G8DHE",423,12:49:40,51.958639,-2.744894,7947,7,18,2853,00
"$$HABDUINO,424,12:49:50,51.959032,-2.748116,8016,7,18,2854,00*A0F7","G8ZBJ,0x17,G3ZGZ,G8DHE,EDU001",424,12:49:50,51.959032,-2.748116,8016,7,18,2854,00
"$$HABDUINO,425,12:50:05,0.000000,0.000000,8064,0,17,2852,00*7E5F","G8ZBJ,0x17,G3ZGZ,EDU001",425,12:50:05,0.0,0.0,8064,0,17,2852,00
"$$HABDUINO,426,12:50:19,51.960589,-2.755982,8150,8,17,2839,00*A997","G8ZBJ,0x17,G3ZGZ,EDU001,G8DHE",426,12:50:19,51.960589,-2.755982,8150,8,17,2839,00
"$$HABDUINO,427,12:50:34,51.962056,-2.760468,8239,6,17,2831,00*4C67","G8ZBJ,0x17,G3ZGZ,G8DHE,EDU001",427,12:50:34,51.962056,-2.760468,8239,6,17,2831,00
"$$HABDUINO,428,12:50:49,51.963071,-2.765293,8321,6,17,2842,00*8662","G8ZBJ,0x17,G3ZGZ,G8DHE,EDU001",428,12:50:49,51.963071,-2.765293,8321,6,17,2842,00
"$$HABDUINO,429,12:51:03,51.964164,-2.769697,8398,8,17,2843,00*B650","G8ZBJ,0x17,G3ZGZ,EDU001",429,12:51:03,51.964164,-2.769697,8398,8,17,2843,00
"$$HABDUINO,430,12:51:17,51.965232,-2.773883,8475,4,16,2839,20*A8B7","G8ZBJ,0x17,G3ZGZ,G8DHE,EDU001",430,12:51:17,51.965232,-2.773883,8475,4,16,2839,20
"$$HABDUINO,431,12:51:32,51.966873,-2.779063,8569,8,16,2841,00*F9BB","G8ZBJ,0x17,G3ZGZ,EDU001",431,12:51:32,51.966873,-2.779063,8569,8,16,2841,00
"$$HABDUINO,432,12:51:46,51.968414,-2.784313,8650,7,16,2841,00*ECC2","G8ZBJ,G3ZGZ,EDU001",432,12:51:46,51.968414,-2.784313,8650,7,16,2841,00
"$$HABDUINO,433,12:52:00,51.970125,-2.790047,8746,5,16,2836,20*4601","G8ZBJ,G3ZGZ,G8DHE,EDU001",433,12:52:00,51.970125,-2.790047,8746,5,16,2836,20
"$$HABDUINO,434,12:52:10,51.971861,-2.795768,8825,8,15,2837,00*2573","G8ZBJ,0x17,G3ZGZ,EDU001",434,12:52:10,51.971861,-2.795768,8825,8,15,2837,00
"$$HABDUINO,435,12:52:24,51.973467,-2.801943,8896,8,15,2838,00*1F73","G8ZBJ,0x17,G3ZGZ,EDU001,G8KNN",435,12:52:24,51.973467,-2.801943,8896,8,15,2838,00
"$$HABDUINO,436,12:52:39,0.000000,0.000000,8920,3,15,2835,20*7F06","G8ZBJ,0x17,G3ZGZ,EDU001,G8KNN",436,12:52:39,0.0,0.0,8920,3,15,2835,20
"$$HABDUINO,437,12:52:53,51.976787,-2.812034,9022,6,15,2836,00*A3EC","G8ZBJ,0x17,G3ZGZ,EDU001",437,12:52:53,51.976787,-2.812034,9022,6,15,2836,00
"$$HABDUINO,438,12:53:07,51.978585,-2.817978,9082,7,15,2833,00*D3CB","G3ZGZ,0x17,EDU001,G8ZBJ,G8KNN,G6GZH",438,12:53:07,51.978585,-2.817978,9082,7,15,2833,00
"$$HABDUINO,439,12:53:21,0.000000,0.000000,9135,0,14,2830,20*A1C1","0x17,G8ZBJ,G3ZGZ,EDU001,G6GZH",439,12:53:21,0.0,0.0,9135,0,14,2830,20
"$$HABDUINO,440,12:53:37,51.981845,-2.831472,9240,7,14,2835,00*230D","0x17,G3ZGZ,EDU001,G6GZH",440,12:53:37,51.981845,-2.831472,9240,7,14,2835,00
"$$HABDUINO,441,12:53:51,51.983519,-2.837125,9344,6,14,2835,00*2462","G3ZGZ,0x17,EDU001,G8ZBJ,G8KNN,G6GZH",441,12:53:51,51.983519,-2.837125,9344,6,14,2835,00
"$$HABDUINO,442,12:54:06,0.000000,0.000000,9397,0,14,2832,00*D4CD","G8ZBJ,G3ZGZ,EDU001,G6GZH",442,12:54:06,0.0,0.0,9397,0,14,2832,00
"$$HABDUINO,443,12:54:16,51.988137,-2.848872,9499,7,13,2832,00*474C","G8ZBJ,0x17,G3ZGZ,EDU001,G6GZH",443,12:54:16,51.988137,-2.848872,9499,7,13,2832,00
"$$HABDUINO,444,12:54:30,51.989837,-2.853645,9571,8,13,2830,00*B97F","G8ZBJ,0x17,G3ZGZ,G6GZH,G8KNN",444,12:54:30,51.989837,-2.853645,9571,8,13,2830,00
"$$HABDUINO,445,12:54:45,51.991536,-2.857147,9624,3,13,2827,00*CABB","G3ZGZ,G8DHE,0x17,G8ZBJ,G8KNN,G6GZH",445,12:54:45,51.991536,-2.857147,9624,3,13,2827,00
"$$HABDUINO,446,12:55:00,51.993725,-2.862546,9709,7,13,2826,00*8C62","G8ZBJ,0x17,G3ZGZ,G8DHE",446,12:55:00,51.993725,-2.862546,9709,7,13,2826,00
"$$HABDUINO,447,12:55:15,51.995778,-2.867394,9780,6,13,2830,00*F7FD","G8ZBJ,0x17,G3ZGZ,G8DHE,G8KNN",447,12:55:15,51.995778,-2.867394,9780,6,13,2830,00
"$$HABDUINO,448,12:55:29,0.000000,0.000000,9837,3,12,2825,00*BDF3","G3ZGZ,G8DHE,0x17,G8ZBJ,G8KNN,G6GZH",448,12:55:29,0.0,0.0,9837,3,12,2825,00
"$$HABDUINO,449,12:55:40,51.998448,-2.874738,9913,7,12,2827,00*751D","G8ZBJ,G3ZGZ,G8DHE,G8KNN,G6GZH",449,12:55:40,51.998448,-2.874738,9913,7,12,2827,00
"$$HABDUINO,450,12:55:55,52.000211,-2.878660,9981,8,12,2830,00*AE27","G4FUI,G8DHE,0x17,G3ZGZ,G8ZBJ,G8KNN,G6GZH",450,12:55:55,52.000211,-2.87866,9981,8,12,2830,00
"$$HABDUINO,451,12:56:10,52.001414,-2.882504,10064,7,12,2830,00*2C47","G4FUI,G8DHE,0x17,G3ZGZ,G8ZBJ,G8KNN,G6GZH",451,12:56:10,52.001414,-2.882504,10064,7,12,2830,00
"$$HABDUINO,452,12:56:25,52.002669,-2.885626,10137,7,12,2824,00*B0C8","G3ZGZ,G8DHE,0x17,G8ZBJ,G8KNN,G6GZH",452,12:56:25,52.002669,-2.885626,10137,7,12,2824,00
"$$HABDUINO,453,12:56:39,52.003578,-2.888436,10203,4,11,2820,00*38C4","G3ZGZ,G8DHE,0x17,G8ZBJ,G8KNN,G6GZH",453,12:56:39,52.003578,-2.888436,10203,4,11,2820,00
"$$HABDUINO,454,12:56:54,52.004957,-2.890809,10272,7,11,2820,00*07EA","G8ZBJ,0x17,G8KNN",454,12:56:54,52.004957,-2.890809,10272,7,11,2820,00
"$$HABDUINO,455,12:57:08,52.006246,-2.893250,10336,8,11,2819,00*7939","G8ZBJ,0x17,G3ZGZ,G8DHE,G8KNN",455,12:57:08,52.006246,-2.89325,10336,8,11,2819,00
"$$HABDUINO,456,12:57:22,0.000000,0.000000,10362,0,11,2815,20*FF1C","G8ZBJ,0x17,G3ZGZ,G8KNN,IanHab",456,12:57:22,0.0,0.0,10362,0,11,2815,20
"$$HABDUINO,457,12:57:32,52.008302,-2.899044,10458,7,11,2814,00*2B56","G8ZBJ,0x17,G3ZGZ,G8DHE,G8KNN",457,12:57:32,52.008302,-2.899044,10458,7,11,2814,00
"$$HABDUINO,458,12:57:47,52.009339,-2.902303,10528,8,11,2820,00*6356","G8ZBJ,0x17,G3ZGZ,G8DHE,G8KNN",458,12:57:47,52.009339,-2.902303,10528,8,11,2820,00
"$$HABDUINO,459,12:58:02,52.009865,-2.905563,10602,7,10,2821,00*5E2E","G8ZBJ,0x17,G3ZGZ,G8DHE,G8KNN",459,12:58:02,52.009865,-2.905563,10602,7,10,2821,00
"$$HABDUINO,460,12:58:16,52.010475,-2.907054,10658,8,10,2817,00*665B","G4FUI,G8DHE,G3ZGZ,IanHab,G8ZBJ,G8KNN",460,12:58:16,52.010475,-2.907054,10658,8,10,2817,00
"$$HABDUINO,461,12:58:31,52.011055,-2.909621,10728,7,10,2815,00*0960","G4FUI,G8DHE,0x17,G3ZGZ,G8ZBJ,G8KNN",461,12:58:31,52.011055,-2.909621,10728,7,10,2815,00
"$$HABDUINO,462,12:58:45,0.000000,0.000000,10783,0,10,2811,20*39A3","0x17,G4FUI,G8DHE,G3ZGZ,G8KNN",462,12:58:45,0.0,0.0,10783,0,10,2811,20
"$$HABDUINO,463,12:59:01,52.011964,-2.914301,10869,8,10,2813,00*FAAA","G3ZGZ,G8DHE,0x17,G4FUI,G8ZBJ,G8KNN",463,12:59:01,52.011964,-2.914301,10869,8,10,2813,00
"$$HABDUINO,464,12:59:16,52.012673,-2.917101,10946,7,10,2807,00*D3E5","0x17,G8ZBJ,G4FUI,G8DHE,G8KNN",464,12:59:16,52.012673,-2.917101,10946,7,10,2807,00
"$$HABDUINO,465,12:59:26,0.000000,0.000000,10992,0,10,2807,00*C5D6","G8ZBJ,0x17,G3ZGZ,G8KNN",465,12:59:26,0.0,0.0,10992,0,10,2807,00
"$$HABDUINO,466,12:59:41,52.013211,-2.920416,11041,8,10,2810,00*41E7","0x17,G8ZBJ,G3ZGZ,G8DHE,G8KNN",466,12:59:41,52.013211,-2.920416,11041,8,10,2810,00
"$$HABDUINO,467,12:59:55,0.000000,0.000000,11056,7,9,2803,20*625A","G8ZBJ,0x17,G3ZGZ",467,12:59:55,0.0,0.0,11056,7,9,2803,20
"$$HABDUINO,471,13:00:50,0.000000,0.000000,11318,3,9,2807,00*E567","G8ZBJ,0x17,G3ZGZ,G0WXI,G8KNN",471,13:00:50,0.0,0.0,11318,3,9,2807,00
"$$HABDUINO,468,13:00:10,52.013503,-2.924608,11145,6,9,2799,00*43EE","G8ZBJ,G3ZGZ,G6GZH,G8KNN",468,13:00:10,52.013503,-2.924608,11145,6,9,2799,00
"$$HABDUINO,472,13:01:04,52.015273,-2.933082,11407,7,9,2801,00*9719","G3ZGZ,G8DHE,0x17,G8ZBJ,G8KNN,G0WXI",472,13:01:04,52.015273,-2.933082,11407,7,9,2801,00
"$$HABDUINO,469,13:00:25,52.013938,-2.926729,11215,8,9,2799,00*7FB3","G8ZBJ,0x17,G8KNN",469,13:00:25,52.013938,-2.926729,11215,8,9,2799,00
"$$HABDUINO,473,13:01:18,52.015423,-2.934271,11468,8,9,2800,20*A9E7","G8ZBJ,0x17,G3ZGZ,G0WXI,G8KNN",473,13:01:18,52.015423,-2.934271,11468,8,9,2800,20
"$$HABDUINO,470,13:00:40,52.014390,-2.929265,11284,7,9,2801,00*BFD0","G8ZBJ,0x17,G3ZGZ,G8KNN",470,13:00:40,52.01439,-2.929265,11284,7,9,2801,00
"$$HABDUINO,474,13:01:33,52.015623,-2.935515,11517,0,9,2803,00*43E2","G3ZGZ,G8DHE,0x17,G8ZBJ,G8KNN,G0WXI",474,13:01:33,52.015623,-2.935515,11517,0,9,2803,00
"$$HABDUINO,475,13:01:47,52.015886,-2.936875,11585,8,9,2798,00*5BCC","G3ZGZ,G8DHE,0x17,G8ZBJ,G8KNN,G0WXI",475,13:01:47,52.015886,-2.936875,11585,8,9,2798,00
"$$HABDUINO,476,13:02:01,0.000000,0.000000,11630,0,9,2795,20*A604","G8ZBJ,0x17,G3ZGZ,G0WXI,G8KNN",476,13:02:01,0.0,0.0,11630,0,9,2795,20
"$$HABDUINO,477,13:02:17,52.015954,-2.939830,11721,7,9,2800,00*8267","G3ZGZ,0x17,EDU001,G8ZBJ,G8KNN,G0WXI,G6GZH",477,13:02:17,52.015954,-2.93983,11721,7,9,2800,00
"$$HABDUINO,478,13:02:27,52.015835,-2.941042,11795,8,9,2802,00*E1D0","G3ZGZ,0x17,EDU001,G8ZBJ,G8KNN,G0WXI",478,13:02:27,52.015835,-2.941042,11795,8,9,2802,00
"$$HABDUINO,479,13:02:41,0.000000,0.000000,11821,6,8,2795,20*AC11","G3ZGZ,0x17,EDU001,IanHab,G8ZBJ,G8KNN,G0WXI",479,13:02:41,0.0,0.0,11821,6,8,2795,20
"$$HABDUINO,480,13:02:57,52.015351,-2.943005,11879,7,8,2798,00*437A","G3ZGZ,0x17,EDU001,G8ZBJ,G8KNN,G0WXI",480,13:02:57,52.015351,-2.943005,11879,7,8,2798,00
"$$HABDUINO,481,13:03:11,52.015810,-2.944388,11951,6,8,2795,00*2375","G3ZGZ,0x17,EDU001,G8ZBJ,G8KNN,G0WXI",481,13:03:11,52.01581,-2.944388,11951,6,8,2795,00
"$$HABDUINO,482,13:03:25,0.000000,0.000000,12012,0,8,2792,20*4548","G3ZGZ,EDU001,G8ZBJ,G8KNN,G0WXI,G6GZH",482,13:03:25,0.0,0.0,12012,0,8,2792,20
"$$HABDUINO,483,13:03:41,52.016479,-2.946778,12121,7,8,2798,00*A638","G3ZGZ,EDU001,IanHab,G8ZBJ,G8KNN,G0WXI",483,13:03:41,52.016479,-2.946778,12121,7,8,2798,00
"$$HABDUINO,484,13:03:55,52.016848,-2.946795,12201,7,8,2796,00*15AC","G3ZGZ,0x17,EDU001,IanHab,G8ZBJ,G8KNN,G0WXI",484,13:03:55,52.016848,-2.946795,12201,7,8,2796,00
"$$HABDUINO,485,13:04:05,0.000000,0.000000,12256,0,8,2795,00*DD73","G3ZGZ,G8DHE,0x17,EDU001,G8ZBJ,G8KNN,G0WXI",485,13:04:05,0.0,0.0,12256,0,8,2795,00
"$$HABDUINO,486,13:04:18,52.017132,-2.947602,12343,8,8,2789,00*4A58","G3ZGZ,G8DHE,0x17,EDU001,IanHab,G8ZBJ,G8KNN,G0WXI",486,13:04:18,52.017132,-2.947602,12343,8,8,2789,00
"$$HABDUINO,487,13:04:33,0.000000,0.000000,12392,3,8,2789,00*98D2","G3ZGZ,G8DHE,EDU001,IanHab,G8ZBJ,G8KNN,G0WXI,G6GZH",487,13:04:33,0.0,0.0,12392,3,8,2789,00
"$$HABDUINO,488,13:04:47,52.016985,-2.948545,12445,7,8,2790,00*A2EB","G3ZGZ,G8DHE,EDU001,IanHab,G8ZBJ,G8KNN,G0WXI,G6GZH",488,13:04:47,52.016985,-2.948545,12445,7,8,2790,00
"$$HABDUINO,491,13:05:30,52.015946,-2.949801,12637,7,7,2788,00*4490","G3ZGZ,G8DHE,EDU001,G8DXZ,G8ZBJ,G8KNN,G0WXI,G6GZH",491,13:05:30,52.015946,-2.949801,12637,7,7,2788,00
"$$HABDUINO,489,13:05:01,52.016879,-2.949104,12503,8,7,2792,00*0EFB","G3ZGZ,G8DHE,EDU001,G8ZBJ,G8KNN,G0WXI,G6GZH",489,13:05:01,52.016879,-2.949104,12503,8,7,2792,00
"$$HABDUINO,490,13:05:16,52.016147,-2.949659,12578,3,7,2788,00*70D0","G3ZGZ,G8DHE,EDU001,G8ZBJ,G8KNN,G0WXI,G6GZH",490,13:05:16,52.016147,-2.949659,12578,3,7,2788,00
"$$HABDUINO,492,13:05:44,52.015543,-2.949912,12697,7,7,2788,00*FDDF","G3ZGZ,G8DHE,EDU001,G8DXZ,G8ZBJ,G8KNN,G0WXI",492,13:05:44,52.015543,-2.949912,12697,7,7,2788,00
"$$HABDUINO,495,13:06:27,52.015274,-2.950056,12870,7,7,2786,00*E634","G3ZGZ,G8DHE,EDU001,G8DXZ,IanHab,G8ZBJ,G8KNN,G0WXI,G6GZH",495,13:06:27,52.015274,-2.950056,12870,7,7,2786,00
"$$HABDUINO,493,13:05:59,0.000000,0.000000,12737,0,7,2782,20*3724","G3ZGZ,G8DHE,EDU001,G8DXZ,G8ZBJ,G8KNN,G0WXI,G6GZH",493,13:05:59,0.0,0.0,12737,0,7,2782,20
"$$HABDUINO,496,13:06:41,0.000000,0.000000,12907,0,7,2780,00*FE15","G3ZGZ,G8DHE,EDU001,G8DXZ,IanHab,G8ZBJ,G8KNN,G0WXI,G6GZH",496,13:06:41,0.0,0.0,12907,0,7,2780,00
"$$HABDUINO,494,13:06:13,52.015303,-2.949915,12815,7,7,2781,00*048C","G3ZGZ,G8DHE,EDU001,G8DXZ,G8ZBJ,G8KNN,G0WXI,G6GZH",494,13:06:13,52.015303,-2.949915,12815,7,7,2781,00
"$$HABDUINO,497,13:06:56,52.015545,-2.950066,12994,8,7,2782,00*8972","G3ZGZ,G8DHE,0x17,EDU001,G8DXZ,IanHab,G8ZBJ,G8KNN,G0WXI",497,13:06:56,52.015545,-2.950066,12994,8,7,2782,00
"$$HABDUINO,498,13:07:10,52.015406,-2.950369,13058,6,7,2783,20*94E8","G3ZGZ,G8DHE,0x17,EDU001,G8DXZ,G8ZBJ,G8KNN,G0WXI",498,13:07:10,52.015406,-2.950369,13058,6,7,2783,20
"$$HABDUINO,500,13:07:34,52.014262,-2.951038,13169,7,7,2779,00*93FD","G3ZGZ,G8DHE,EDU001,G8DXZ,G8ZBJ,G8KNN,G0WXI,G6GZH",500,13:07:34,52.014262,-2.951038,13169,7,7,2779,00
"$$HABDUINO,501,13:07:49,52.013740,-2.951383,13210,7,7,2781,00*F0F7","G3ZGZ,G8DHE,0x17,EDU001,G8DXZ,G8ZBJ,G8KNN,G0WXI,G6GZH",501,13:07:49,52.01374,-2.951383,13210,7,7,2781,00
"$$HABDUINO,499,13:07:20,0.000000,0.000000,13089,0,7,2783,00*3718","G3ZGZ,EDU001,G8DXZ,G8ZBJ,G8KNN,G0WXI",499,13:07:20,0.0,0.0,13089,0,7,2783,00
"$$HABDUINO,502,13:08:04,52.013064,-2.952107,13278,7,6,2783,00*6F5C","G3ZGZ,G8DHE,0x17,EDU001,G8DXZ,G8ZBJ,G8KNN,G0WXI,G6GZH",502,13:08:04,52.013064,-2.952107,13278,7,6,2783,00
"$$HABDUINO,503,13:08:18,52.012650,-2.952515,13341,7,6,2775,00*A0D8","G3ZGZ,G8DHE,EDU001,G8DXZ,G8ZBJ,G8KNN,G0WXI,G6GZH",503,13:08:18,52.01265,-2.952515,13341,7,6,2775,00
"$$HABDUINO,507,13:09:12,0.000000,0.000000,13546,0,6,2773,00*21BB","G3ZGZ,G8DHE,IanHab,G8KNN,G0WXI,G6GZH",507,13:09:12,0.0,0.0,13546,0,6,2773,00
"$$HABDUINO,509,13:09:40,52.010328,-2.952089,13668,7,6,2771,00*8CCA","G3ZGZ,G0WXI,G6GZH,G8KNN",509,13:09:40,52.010328,-2.952089,13668,7,6,2771,00
"$$HABDUINO,510,13:09:55,52.009528,-2.952153,13740,7,6,2770,00*16BA","G3ZGZ,G0WXI,G8KNN,G6GZH",510,13:09:55,52.009528,-2.952153,13740,7,6,2770,00
"$$HABDUINO,506,13:08:57,52.011600,-2.952720,13502,8,6,2777,00*B88B","G3ZGZ,G8DHE,0x17,IanHab,G8KNN,G0WXI,G6GZH",506,13:08:57,52.0116,-2.95272,13502,8,6,2777,00
"$$HABDUINO,513,13:10:35,0.000000,0.000000,13905,0,6,2762,00*5ACA","G3ZGZ,G0WXI,G8KNN",513,13:10:35,0.0,0.0,13905,0,6,2762,00
"$$HABDUINO,504,13:08:33,0.000000,0.000000,13382,3,6,2776,20*6CBC","G3ZGZ,G8DHE,0x17,EDU001,G8DXZ,IanHab,G8ZBJ,G8KNN,G0WXI,G6GZH",504,13:08:33,0.0,0.0,13382,3,6,2776,20
"$$HABDUINO,512,13:10:25,52.008212,-2.952169,13858,7,6,2760,00*B9CD","G3ZGZ,G0WXI,G6GZH,G8KNN",512,13:10:25,52.008212,-2.952169,13858,7,6,2760,00
"$$HABDUINO,508,13:09:26,52.011021,-2.952506,13606,5,6,2775,00*6AA1","G3ZGZ,0x17,IanHab,G8KNN,G0WXI,G6GZH",508,13:09:26,52.011021,-2.952506,13606,5,6,2775,00
"$$HABDUINO,511,13:10:10,52.008884,-2.952040,13786,8,6,2769,00*49F7","0x17,G3ZGZ,G0WXI,G6GZH,G8KNN",511,13:10:10,52.008884,-2.95204,13786,8,6,2769,00
"$$HABDUINO,515,13:11:04,52.007000,-2.951397,14028,9,6,2768,00*0566","G3ZGZ,G8DHE,IanHab,G8KNN,G0WXI,G6GZH",515,13:11:04,52.007,-2.951397,14028,9,6,2768,00
"$$HABDUINO,514,13:10:49,52.007213,-2.952163,13988,7,6,2762,00*89F7","G3ZGZ,G8DHE,0x17,G8KNN,G0WXI,G6GZH",514,13:10:49,52.007213,-2.952163,13988,7,6,2762,00
"$$HABDUINO,518,13:11:47,0.000000,0.000000,14208,3,5,2763,20*8F1E","G3ZGZ,G8DHE,G0WXI,G6GZH,G8KNN",518,13:11:47,0.0,0.0,14208,3,5,2763,20
"$$HABDUINO,516,13:11:19,52.006733,-2.951040,14094,0,6,2775,00*0FAE","G3ZGZ,0x17,IanHab,G8KNN,G0WXI,G6GZH",516,13:11:19,52.006733,-2.95104,14094,0,6,2775,00
"$$HABDUINO,517,13:11:33,52.006218,-2.950615,14156,7,6,2768,00*7E61","G3ZGZ,G8DHE,0x17,G8KNN,G0WXI,G6GZH",517,13:11:33,52.006218,-2.950615,14156,7,6,2768,00
"$$HABDUINO,519,13:12:02,52.004864,-2.950176,14296,7,5,2766,00*5124","G3ZGZ,G8DHE,0x17,IanHab,G8KNN,G0WXI,G6GZH",519,13:12:02,52.004864,-2.950176,14296,7,5,2766,00
"$$HABDUINO,521,13:12:26,52.003923,-2.950705,14422,4,5,2768,20*1F72","G3ZGZ,G8DHE,0x17,G8KNN,G0WXI,G6GZH",521,13:12:26,52.003923,-2.950705,14422,4,5,2768,20
"$$HABDUINO,520,13:12:17,52.004303,-2.950240,14362,9,5,2773,00*CF99","G3ZGZ,IanHab,G0WXI,G6GZH,G8KNN",520,13:12:17,52.004303,-2.95024,14362,9,5,2773,00
"$$HABDUINO,522,13:12:41,52.003350,-2.950995,14486,8,5,2766,00*31AA","G3ZGZ,G8DHE,0x17,G8KNN,G0WXI,G6GZH",522,13:12:41,52.00335,-2.950995,14486,8,5,2766,00
"$$HABDUINO,524,13:13:10,0.000000,0.000000,14573,3,5,2758,20*073F","G3ZGZ,G8DHE,0x17,IanHab,G8KNN,G0WXI,G6GZH",524,13:13:10,0.0,0.0,14573,3,5,2758,20
"$$HABDUINO,525,13:13:24,52.002709,-2.950059,14664,8,5,2760,00*7AA8","G3ZGZ,G8DHE,0x17,G8KNN,G0WXI,G6GZH",525,13:13:24,52.002709,-2.950059,14664,8,5,2760,00
"$$HABDUINO,523,13:12:55,52.003051,-2.950877,14551,7,5,2760,00*01F0","G3ZGZ,G8DHE,0x17,G8KNN,G0WXI,G6GZH",523,13:12:55,52.003051,-2.950877,14551,7,5,2760,00
"$$HABDUINO,527,13:13:52,0.000000,0.000000,14784,0,5,2758,20*D0EB","G3ZGZ,G8DHE,0x17,IanHab,G8KNN,G0WXI,G6GZH",527,13:13:52,0.0,0.0,14784,0,5,2758,20
"$$HABDUINO,528,13:14:07,52.001146,-2.947514,14872,8,5,2753,00*421E","G3ZGZ,G8DHE,0x17,IanHab,G8KNN,G0WXI,G6GZH",528,13:14:07,52.001146,-2.947514,14872,8,5,2753,00
"$$HABDUINO,526,13:13:38,52.002308,-2.949526,14729,8,5,2763,00*A9C3","G3ZGZ,G8DHE,0x17,IanHab,G8KNN,G0WXI,G6GZH",526,13:13:38,52.002308,-2.949526,14729,8,5,2763,00
"$$HABDUINO,529,13:14:21,52.000679,-2.946360,14940,5,5,2757,00*56D6","G3ZGZ,G8DHE,0x17,IanHab,G8KNN,G0WXI,G6GZH",529,13:14:21,52.000679,-2.94636,14940,5,5,2757,00
"$$HABDUINO,530,13:14:36,52.000034,-2.944936,15015,7,5,2759,00*B067","G3ZGZ,G8DHE,0x17,IanHab,G8KNN,G0WXI,G6GZH",530,13:14:36,52.000034,-2.944936,15015,7,5,2759,00
"$$HABDUINO,531,13:14:50,51.999432,-2.943522,15072,7,5,2756,20*317D","G3ZGZ,G8DHE,0x17,IanHab,G8KNN,G0WXI,G6GZH",531,13:14:50,51.999432,-2.943522,15072,7,5,2756,20
"$$HABDUINO,532,13:15:04,0.000000,0.000000,15121,0,4,2752,00*E862","G3ZGZ,0x17,IanHab,G8KNN,G0WXI,G6GZH",532,13:15:04,0.0,0.0,15121,0,4,2752,00
"$$HABDUINO,505,13:08:43,52.011779,-2.952725,13449,6,6,2780,00*33C8","G8DXZ,G6GZH",505,13:08:43,52.011779,-2.952725,13449,6,6,2780,00
"$$HABDUINO,533,13:15:14,51.997677,-2.941018,15196,8,4,2756,00*62E5","G3ZGZ,G8DHE,0x17,IanHab,G8KNN,G0WXI,G6GZH",533,13:15:14,51.997677,-2.941018,15196,8,4,2756,00
"$$HABDUINO,534,13:15:28,51.996564,-2.939904,15271,7,4,2755,20*A411","G3ZGZ,G8DHE,0x17,IanHab,F4FWT,G8KNN,G0WXI,G6GZH",534,13:15:28,51.996564,-2.939904,15271,7,4,2755,20
"$$HABDUINO,535,13:15:43,0.000000,0.000000,15322,0,4,2754,00*68B7","G3ZGZ,G8DHE,0x17,IanHab,F4FWT,G8KNN,G0WXI,G6GZH",535,13:15:43,0.0,0.0,15322,0,4,2754,00
"$$HABDUINO,536,13:15:57,51.995217,-2.938544,15393,8,4,2756,00*F2A9","G3ZGZ,0x17,IanHab,F4FWT,G8KNN,G0WXI,G6GZH",536,13:15:57,51.995217,-2.938544,15393,8,4,2756,00
"$$HABDUINO,539,13:16:41,51.993452,-2.937046,15587,9,4,2753,00*6A9D","G3ZGZ,G8DHE,0x17,IanHab,F4FWT,G8KNN,G0WXI",539,13:16:41,51.993452,-2.937046,15587,9,4,2753,00
"$$HABDUINO,537,13:16:12,51.994611,-2.937942,15462,4,4,2756,00*604C","G3ZGZ,G8DHE,0x17,G8DXZ,IanHab,F4FWT,G8KNN,G0WXI,G6GZH",537,13:16:12,51.994611,-2.937942,15462,4,4,2756,00
"$$HABDUINO,540,13:16:56,51.992975,-2.936545,15649,7,4,2756,20*F1A7","G3ZGZ,0x17,IanHab,F4FWT,G8KNN,G0WXI",540,13:16:56,51.992975,-2.936545,15649,7,4,2756,20
"$$HABDUINO,538,13:16:27,51.994170,-2.937303,15521,7,4,2753,00*14BA","G3ZGZ,G8DHE,0x17,G8DXZ,IanHab,F4FWT,G8KNN,G0WXI,G6GZH",538,13:16:27,51.99417,-2.937303,15521,7,4,2753,00
"$$HABDUINO,541,13:17:06,0.000000,0.000000,15698,0,4,2756,00*EFED","G3ZGZ,G8DHE,0x17,IanHab,F4FWT,G8KNN,G0WXI,G6GZH",541,13:17:06,0.0,0.0,15698,0,4,2756,00
"$$HABDUINO,543,13:17:35,0.000000,0.000000,15811,7,4,2753,20*38A8","G3ZGZ,0x17,F4FWT,G8KNN,G0WXI,G6GZH",543,13:17:35,0.0,0.0,15811,7,4,2753,20
"$$HABDUINO,544,13:17:50,51.990650,-2.934577,15895,7,4,2752,00*642F","G3ZGZ,G8DHE,0x17,IanHab,F4FWT,G8KNN,G0WXI,G6GZH",544,13:17:50,51.99065,-2.934577,15895,7,4,2752,00
"$$HABDUINO,542,13:17:21,51.991705,-2.935880,15769,8,4,2755,00*43A4","G3ZGZ,0x17,IanHab,F4FWT,G8KNN,G0WXI,G6GZH",542,13:17:21,51.991705,-2.93588,15769,8,4,2755,00
"$$HABDUINO,545,13:18:05,51.990212,-2.933639,15951,7,4,2752,00*DDB6","G3ZGZ,G8DHE,0x17,IanHab,F4FWT,G8KNN,G0WXI,G6GZH",545,13:18:05,51.990212,-2.933639,15951,7,4,2752,00
"$$HABDUINO,546,13:18:14,0.000000,0.000000,15969,0,4,2747,20*0EEF","G3ZGZ,G8DHE,0x17,IanHab,F4FWT,G8KNN,G0WXI,G6GZH",546,13:18:14,0.0,0.0,15969,0,4,2747,20
"$$HABDUINO,547,13:18:30,51.989151,-2.932848,16070,7,4,2749,00*509A","G3ZGZ,0x17,IanHab,F4FWT,G8KNN,G0WXI,G6GZH",547,13:18:30,51.989151,-2.932848,16070,7,4,2749,00
"$$HABDUINO,548,13:18:44,51.988646,-2.932483,16130,7,3,2749,00*0B67","G3ZGZ,G8DHE,0x17,IanHab,F4FWT,G8KNN,G0WXI,G6GZH",548,13:18:44,51.988646,-2.932483,16130,7,3,2749,00
"$$HABDUINO,549,13:18:58,0.000000,0.000000,16173,3,3,2746,20*68E1","G3ZGZ,G8DHE,0x17,IanHab,F4FWT,G8KNN,G0WXI,G6GZH",549,13:18:58,0.0,0.0,16173,3,3,2746,20
"$$HABDUINO,551,13:19:27,51.987331,-2.931108,16312,7,3,2748,00*A292","G3ZGZ,0x17,MaXimaN,IanHab,F4FWT,G8KNN,G0WXI,G6GZH",551,13:19:27,51.987331,-2.931108,16312,7,3,2748,00
"$$HABDUINO,552,13:19:41,0.000000,0.000000,16365,0,3,2743,20*0AE3","G3ZGZ,0x17,IanHab,F4FWT,G8KNN,G0WXI,G6GZH",552,13:19:41,0.0,0.0,16365,0,3,2743,20
"$$HABDUINO,550,13:19:13,51.987553,-2.931259,16255,7,3,2745,00*D1A0","G3ZGZ,0x17,IanHab,F4FWT,G8KNN,G0WXI,G6GZH",550,13:19:13,51.987553,-2.931259,16255,7,3,2745,00
"$$HABDUINO,553,13:19:57,51.986155,-2.930628,16460,8,3,2749,00*2E2D","G3ZGZ,0x17,IanHab,F4FWT,G8KNN,G0WXI,G6GZH",553,13:19:57,51.986155,-2.930628,16460,8,3,2749,00
"$$HABDUINO,554,13:20:11,51.985764,-2.929810,16523,7,3,2744,00*599E","G3ZGZ,0x17,IanHab,F4FWT,G8KNN,G0WXI,G6GZH",554,13:20:11,51.985764,-2.92981,16523,7,3,2744,00
"$$HABDUINO,555,13:20:21,51.985365,-2.928896,16596,7,3,2735,00*7BB5","G3ZGZ,G8DHE,0x17,IanHab,F4FWT,G8KNN,G0WXI,G6GZH",555,13:20:21,51.985365,-2.928896,16596,7,3,2735,00
"$$HABDUINO,557,13:20:50,0.000000,0.000000,16692,7,3,2738,20*3753","G3ZGZ,G8DHE,0x17,IanHab,F4FWT,G8KNN,G0WXI,G6GZH",557,13:20:50,0.0,0.0,16692,7,3,2738,20
"$$HABDUINO,558,13:21:05,51.983687,-2.925557,16778,7,3,2742,00*2115","G3ZGZ,G8DHE,0x17,IanHab,F4FWT,G8KNN,G0WXI,G6GZH",558,13:21:05,51.983687,-2.925557,16778,7,3,2742,00
"$$HABDUINO,556,13:20:36,51.984989,-2.928180,16643,7,3,2735,00*505D","G3ZGZ,0x17,IanHab,F4FWT,G8KNN,G0WXI,G6GZH",556,13:20:36,51.984989,-2.92818,16643,7,3,2735,00
"$$HABDUINO,559,13:21:19,51.983066,-2.924196,16847,8,3,2745,00*7674","G3ZGZ,G8DHE,0x17,IanHab,F4FWT,G8KNN,G0WXI,G6GZH",559,13:21:19,51.983066,-2.924196,16847,8,3,2745,00
"$$HABDUINO,560,13:21:33,0.000000,0.000000,16897,0,3,2741,20*8E66","G3ZGZ,0x17,IanHab,F4FWT,G8KNN,G0WXI,G6GZH",560,13:21:33,0.0,0.0,16897,0,3,2741,20
"$$HABDUINO,561,13:21:48,51.981586,-2.921788,16986,8,3,2739,00*1CC7","G3ZGZ,G8DHE,0x17,IanHab,F4FWT,G8KNN,G0WXI,G6GZH",561,13:21:48,51.981586,-2.921788,16986,8,3,2739,00
"$$HABDUINO,562,13:22:02,51.980817,-2.920553,17052,7,3,2740,00*F9E1","G3ZGZ,G8DHE,0x17,IanHab,F4FWT,G8KNN,G0WXI,G6GZH",562,13:22:02,51.980817,-2.920553,17052,7,3,2740,00
"$$HABDUINO,563,13:22:12,51.979868,-2.919127,17124,5,3,2737,00*37F9","G3ZGZ,0x17,IanHab,F4FWT,G8KNN,G0WXI,G6GZH",563,13:22:12,51.979868,-2.919127,17124,5,3,2737,00
"$$HABDUINO,564,13:22:27,51.979221,-2.918589,17170,8,3,2740,00*34B3","G3ZGZ,G8DHE,0x17,IanHab,F4FWT,G8KNN,G0WXI,G6GZH",564,13:22:27,51.979221,-2.918589,17170,8,3,2740,00
"$$HABDUINO,565,13:22:41,51.978505,-2.916945,17231,8,3,2739,00*9A80","G3ZGZ,0x17,IanHab,F4FWT,G8KNN,G0WXI,G6GZH",565,13:22:41,51.978505,-2.916945,17231,8,3,2739,00
"$$HABDUINO,567,13:23:10,51.976627,-2.914125,17379,7,2,2734,00*3FFA","G3ZGZ,0x17,IanHab,F4FWT,G8KNN,G0WXI,G6GZH",567,13:23:10,51.976627,-2.914125,17379,7,2,2734,00
"$$HABDUINO,568,13:23:24,51.975794,-2.913307,17447,6,2,2736,00*0B1D","G3ZGZ,0x17,IanHab,F4FWT,M0DTS,G8KNN,G0WXI,G6GZH",568,13:23:24,51.975794,-2.913307,17447,6,2,2736,00
"$$HABDUINO,566,13:22:55,0.000000,0.000000,17283,4,2,2735,20*A60B","G3ZGZ,IanHab,F4FWT,G8KNN,G0WXI,G6GZH",566,13:22:55,0.0,0.0,17283,4,2,2735,20
"$$HABDUINO,571,13:24:08,0.000000,0.000000,17586,0,2,2728,20*3D19","G3ZGZ,0x17,IanHab,F4FWT,G8KNN,G0WXI,G6GZH",571,13:24:08,0.0,0.0,17586,0,2,2728,20
"$$HABDUINO,569,13:23:38,0.000000,0.000000,17472,0,2,2735,20*D0CF","G3ZGZ,0x17,IanHab,F4FWT,G8KNN,G0WXI,G6GZH",569,13:23:38,0.0,0.0,17472,0,2,2735,20
"$$HABDUINO,572,13:24:18,0.000000,0.000000,17687,3,2,2727,00*5C98","G3ZGZ,0x17,F4FWT,G8KNN,G0WXI,G6GZH",572,13:24:18,0.0,0.0,17687,3,2,2727,00
"$$HABDUINO,570,13:23:54,51.974525,-2.912010,17562,8,2,2735,00*12BB","G3ZGZ,0x17,IanHab,F4FWT,G8KNN,G0WXI,G6GZH",570,13:23:54,51.974525,-2.91201,17562,8,2,2735,00
"$$HABDUINO,573,13:24:32,51.973599,-2.909155,17756,7,2,2729,00*A7DF","G3ZGZ,0x17,G6GZH,F4FWT,G8KNN,G0WXI,G4AIU",573,13:24:32,51.973599,-2.909155,17756,7,2,2729,00
"$$HABDUINO,574,13:24:46,51.973325,-2.908779,17824,7,2,2729,20*A255","G3ZGZ,0x17,G6GZH,F4FWT,G8KNN,G0WXI,G4AIU",574,13:24:46,51.973325,-2.908779,17824,7,2,2729,20
"$$HABDUINO,575,13:25:01,51.973070,-2.908400,17892,6,2,2733,00*6497","G3ZGZ,0x17,IanHab,F4FWT,G8KNN,G0WXI,G6GZH,G4AIU",575,13:25:01,51.97307,-2.9084,17892,6,2,2733,00
"$$HABDUINO,576,13:25:16,51.972990,-2.907730,17972,7,2,2736,00*99E6","G3ZGZ,IanHab,F4FWT,G6GZH,G8KNN,G0WXI,G4AIU",576,13:25:16,51.97299,-2.90773,17972,7,2,2736,00
"$$HABDUINO,577,13:25:31,51.972864,-2.906645,18039,4,2,2733,20*885C","G3ZGZ,0x17,IanHab,F4FWT,G8KNN,G0WXI,G6GZH,G4AIU",577,13:25:31,51.972864,-2.906645,18039,4,2,2733,20
"$$HABDUINO,578,13:25:41,51.972044,-2.905336,18130,6,2,2733,00*49B2","G3ZGZ,IanHab,F4FWT,G6GZH,G8KNN,G0WXI,G4AIU",578,13:25:41,51.972044,-2.905336,18130,6,2,2733,00
"$$HABDUINO,579,13:25:55,51.971534,-2.903677,18199,7,2,2729,00*1A4B","G3ZGZ,0x17,IanHab,F4FWT,G8KNN,G0WXI,G6GZH,G4AIU",579,13:25:55,51.971534,-2.903677,18199,7,2,2729,00
"$$HABDUINO,580,13:26:09,0.000000,0.000000,18224,8,2,2728,20*D694","G3ZGZ,0x17,IanHab,F4FWT,G6GZH,G0WXI,G4AIU",580,13:26:09,0.0,0.0,18224,8,2,2728,20
"$$HABDUINO,581,13:26:25,51.970403,-2.900384,18308,8,2,2732,00*ACE2","G3ZGZ,0x17,IanHab,F4FWT,G0WXI,G6GZH",581,13:26:25,51.970403,-2.900384,18308,8,2,2732,00
"$$HABDUINO,582,13:26:38,0.000000,0.000000,18345,0,2,2724,20*53C4","G3ZGZ,0x17,IanHab,F4FWT,G0WXI,G6GZH",582,13:26:38,0.0,0.0,18345,0,2,2724,20
"$$HABDUINO,585,13:27:23,0.000000,0.000000,18515,3,2,2727,20*5EBD","G3ZGZ,0x17,IanHab,F4FWT,G8KNN,G0WXI,G6GZH",585,13:27:23,0.0,0.0,18515,3,2,2727,20
"$$HABDUINO,583,13:26:54,51.969174,-2.897008,18440,7,2,2725,00*2D81","G3ZGZ,0x17,IanHab,F4FWT,G8KNN,G0WXI,G6GZH",583,13:26:54,51.969174,-2.897008,18440,7,2,2725,00
"$$HABDUINO,586,13:27:33,51.967211,-2.890795,18644,6,2,2727,00*5D92","G3ZGZ,0x17,IanHab,F4FWT,G8KNN,G0WXI,G6GZH",586,13:27:33,51.967211,-2.890795,18644,6,2,2727,00
"$$HABDUINO,587,13:27:48,51.966868,-2.888863,18713,7,1,2726,00*4120","G3ZGZ,0x17,IanHab,F4FWT,G8KNN,G0WXI",587,13:27:48,51.966868,-2.888863,18713,7,1,2726,00
"$$HABDUINO,584,13:27:09,51.968661,-2.894825,18501,7,2,2730,00*7F03","G3ZGZ,0x17,IanHab,F4FWT,G8KNN,G0WXI,G6GZH",584,13:27:09,51.968661,-2.894825,18501,7,2,2730,00
"$$HABDUINO,588,13:28:02,0.000000,0.000000,18754,6,1,2723,20*788E","G3ZGZ,0x17,IanHab,F4FWT,G8KNN,G0WXI,G6GZH",588,13:28:02,0.0,0.0,18754,6,1,2723,20
"$$HABDUINO,589,13:28:17,51.964676,-2.884295,18841,7,1,2726,00*CABC","G3ZGZ,0x17,IanHab,F4FWT,G8KNN,G0WXI,G6GZH",589,13:28:17,51.964676,-2.884295,18841,7,1,2726,00
"$$HABDUINO,590,13:28:31,51.963845,-2.882243,18889,7,1,2727,00*ACD4","G3ZGZ,0x17,IanHab,F4FWT,G8KNN,G0WXI,G6GZH",590,13:28:31,51.963845,-2.882243,18889,7,1,2727,00
"$$HABDUINO,591,13:28:45,0.000000,0.000000,18928,0,1,2724,20*6A42","G3ZGZ,0x17,IanHab,F4FWT,G8KNN,G0WXI,G6GZH",591,13:28:45,0.0,0.0,18928,0,1,2724,20
"$$HABDUINO,594,13:29:25,0.000000,0.000000,19140,0,1,2725,00*4B2B","G3ZGZ,IanHab,F4FWT,G8KNN,G0WXI,G6GZH",594,13:29:25,0.0,0.0,19140,0,1,2725,00
"$$HABDUINO,592,13:29:00,51.961806,-2.877967,19032,6,1,2723,00*7910","G3ZGZ,0x17,IanHab,F4FWT,G8KNN,G0WXI,G6GZH",592,13:29:00,51.961806,-2.877967,19032,6,1,2723,00
"$$HABDUINO,595,13:29:39,51.958467,-2.872195,19216,7,1,2724,00*9C9E","MaXimaN,0x17,G3ZGZ,IanHab,F4FWT,G8KNN,G0WXI,G6GZH",595,13:29:39,51.958467,-2.872195,19216,7,1,2724,00
"$$HABDUINO,593,13:29:10,51.960528,-2.875708,19103,6,1,2725,00*FA71","G3ZGZ,0x17,IanHab,F4FWT,G8KNN,G0WXI,G6GZH",593,13:29:10,51.960528,-2.875708,19103,6,1,2725,00
"$$HABDUINO,596,13:29:53,51.957216,-2.870935,19288,6,1,2721,00*81A2","G3ZGZ,0x17,IanHab,F4FWT,G8KNN,G0WXI,G6GZH",596,13:29:53,51.957216,-2.870935,19288,6,1,2721,00
"$$HABDUINO,597,13:30:07,51.956098,-2.869971,19353,7,1,2719,00*FBE0","G3ZGZ,0x17,MaXimaN,IanHab,F4FWT,G8KNN,G0WXI,G6GZH",597,13:30:07,51.956098,-2.869971,19353,7,1,2719,00
"$$HABDUINO,598,13:30:23,51.954422,-2.869428,19453,8,1,2715,00*AC51","MaXimaN,0x17,G8DXZ,G3ZGZ,IanHab,F4FWT,G8KNN,G0WXI,G6GZH",598,13:30:23,51.954422,-2.869428,19453,8,1,2715,00
"$$HABDUINO,599,13:30:37,51.953471,-2.868987,19525,4,1,2710,20*9445","G3ZGZ,0x17,G8DXZ,MaXimaN,IanHab,F4FWT,G8KNN,G0WXI,G6GZH",599,13:30:37,51.953471,-2.868987,19525,4,1,2710,20
"$$HABDUINO,600,13:30:51,0.000000,0.000000,19580,0,1,2713,00*4CC3","G3ZGZ,0x17,G8DXZ,MaXimaN,IanHab,F4FWT,G8KNN,G0WXI,G6GZH",600,13:30:51,0.0,0.0,19580,0,1,2713,00
"$$HABDUINO,601,13:31:02,51.952406,-2.867133,19681,7,1,2720,00*6EC2","MaXimaN,0x17,G8DXZ,G3ZGZ,IanHab,F4FWT,G8KNN,G0WXI,G6GZH",601,13:31:02,51.952406,-2.867133,19681,7,1,2720,00
"$$HABDUINO,602,13:31:16,51.952300,-2.866143,19738,7,1,2718,20*C3D9","G3ZGZ,0x17,G8DXZ,MaXimaN,IanHab,F4FWT,G8KNN,G0WXI,G6GZH",602,13:31:16,51.9523,-2.866143,19738,7,1,2718,20
"$$HABDUINO,603,13:31:31,51.951908,-2.865355,19777,5,1,2718,00*1295","MaXimaN,G3ZGZ,F4FWT,G8KNN,G0WXI,G6GZH",603,13:31:31,51.951908,-2.865355,19777,5,1,2718,00
"$$HABDUINO,604,13:31:45,51.951422,-2.863954,19834,6,1,2717,00*3172","MaXimaN,0x17,G3ZGZ,IanHab,F4FWT,G8KNN,G0WXI,G6GZH",604,13:31:45,51.951422,-2.863954,19834,6,1,2717,00
"$$HABDUINO,605,13:31:59,51.951523,-2.862236,19878,4,1,2715,20*F1EA","MaXimaN,0x17,G3ZGZ,IanHab,F4FWT,G8KNN,G0WXI,G6GZH",605,13:31:59,51.951523,-2.862236,19878,4,1,2715,20
"$$HABDUINO,606,13:32:15,51.950738,-2.860523,19960,6,1,2721,00*57D6","G3ZGZ,0x17,IanHab,F4FWT,G8KNN,G0WXI,G6GZH",606,13:32:15,51.950738,-2.860523,19960,6,1,2721,00
"$$HABDUINO,607,13:32:30,51.951156,-2.858058,19996,7,1,2725,00*6D66","G3ZGZ,0x17,IanHab,F4FWT,G8KNN,G0WXI,G6GZH",607,13:32:30,51.951156,-2.858058,19996,7,1,2725,00
"$$HABDUINO,608,13:32:40,0.000000,0.000000,19996,0,1,2720,20*DD86","G3ZGZ,0x17,MaXimaN,IanHab,F4FWT,G8KNN,G0WXI,G6GZH",608,13:32:40,0.0,0.0,19996,0,1,2720,20
"$$HABDUINO,609,13:32:55,51.950137,-2.855829,20091,6,1,2716,00*1BCC","G3ZGZ,0x17,MaXimaN,IanHab,F4FWT,G8KNN,G0WXI,G6GZH",609,13:32:55,51.950137,-2.855829,20091,6,1,2716,00
"$$HABDUINO,610,13:33:10,51.949622,-2.854017,20177,6,1,2717,00*0AB8","F4FWT,G3ZGZ,0x17,IanHab,M6XIM,G8KNN,G0WXI,G6GZH",610,13:33:10,51.949622,-2.854017,20177,6,1,2717,00
"$$HABDUINO,611,13:33:25,0.000000,0.000000,20257,0,1,2714,00*7243","M6XIM,G3ZGZ,0x17,IanHab,F4FWT,G8KNN,G0WXI,G6GZH",611,13:33:25,0.0,0.0,20257,0,1,2714,00
"$$HABDUINO,612,13:33:35,51.948592,-2.849443,20386,6,1,2717,00*98C8","F4FWT,G3ZGZ,0x17,IanHab,M6XIM,G8KNN,G0WXI,G6GZH",612,13:33:35,51.948592,-2.849443,20386,6,1,2717,00
"$$HABDUINO,613,13:33:50,51.948095,-2.847987,20463,7,0,2716,00*0C06","M6XIM,G3ZGZ,0x17,IanHab,F4FWT,G8KNN,G0WXI,G6GZH",613,13:33:50,51.948095,-2.847987,20463,7,0,2716,00
"$$HABDUINO,614,13:34:04,0.000000,0.000000,20516,4,0,2710,20*0BD8","M6XIM,G3ZGZ,0x17,IanHab,F4FWT,G8KNN,G0WXI,G6GZH",614,13:34:04,0.0,0.0,20516,4,0,2710,20
"$$HABDUINO,615,13:34:19,51.946482,-2.844055,20618,7,0,2712,00*087F","F4FWT,G3ZGZ,0x17,M6XIM,G8KNN,G0WXI,G6GZH",615,13:34:19,51.946482,-2.844055,20618,7,0,2712,00
"$$HABDUINO,616,13:34:34,51.944881,-2.842626,20694,8,0,2715,00*8CD6","M6XIM,G3ZGZ,0x17,F4FWT,G8KNN,G0WXI,G6GZH",616,13:34:34,51.944881,-2.842626,20694,8,0,2715,00
"$$HABDUINO,617,13:34:48,0.000000,0.000000,20762,0,0,2710,00*7C5A","F4FWT,G3ZGZ,0x17,M6XIM,G8KNN,G0WXI,G6GZH",617,13:34:48,0.0,0.0,20762,0,0,2710,00
"$$HABDUINO,618,13:34:59,51.942725,-2.838503,20877,7,0,2714,00*F072","G3ZGZ,G8DHE,0x17,F4FWT,G8KNN,G0WXI,G6GZH",618,13:34:59,51.942725,-2.838503,20877,7,0,2714,00
"$$HABDUINO,621,13:35:42,51.941542,-2.832563,21096,7,0,2712,00*9A2C","G3ZGZ,0x17,F4FWT,G8KNN,PE1ANS,G0WXI,G6GZH",621,13:35:42,51.941542,-2.832563,21096,7,0,2712,00
"$$HABDUINO,619,13:35:13,51.942135,-2.836424,20955,7,0,2712,20*16C2","M6XIM,G3ZGZ,0x17,F4FWT,G8KNN,PE1ANS,G0WXI,G6GZH",619,13:35:13,51.942135,-2.836424,20955,7,0,2712,20
"$$HABDUINO,620,13:35:28,51.941847,-2.834707,21021,3,0,2713,00*42D6","M6XIM,G3ZGZ,0x17,F4FWT,G8KNN,PE1ANS,G0WXI,G6GZH",620,13:35:28,51.941847,-2.834707,21021,3,0,2713,00
"$$HABDUINO,624,13:36:25,51.939496,-2.826728,21318,7,0,2706,00*C454","M6XIM,G3ZGZ,G8DHE,0x17,F4FWT,G8KNN,G0WXI,G6GZH",624,13:36:25,51.939496,-2.826728,21318,7,0,2706,00
"$$HABDUINO,622,13:35:56,0.000000,0.000000,21121,5,0,2703,20*42D4","M6XIM,G3ZGZ,0x17,F4FWT,G8KNN,PE1ANS,G0WXI,G6GZH",622,13:35:56,0.0,0.0,21121,5,0,2703,20
"$$HABDUINO,625,13:36:39,0.000000,0.000000,21339,0,0,2699,20*7E1A","F4FWT,G3ZGZ,0x17,EDU001,M6XIM,G8KNN,G0WXI,G6GZH",625,13:36:39,0.0,0.0,21339,0,0,2699,20
"$$HABDUINO,623,13:36:11,51.940030,-2.828692,21248,6,0,2705,00*E8E5","F4FWT,G3ZGZ,0x17,M6XIM,G8KNN,PE1ANS,G0WXI,G6GZH",623,13:36:11,51.94003,-2.828692,21248,6,0,2705,00
"$$HABDUINO,626,13:36:54,51.938456,-2.821313,21406,7,0,2701,00*A772","F4FWT,G3ZGZ,G8DHE,0x17,EDU001,M6XIM,G8KNN,G0WXI,G6GZH",626,13:36:54,51.938456,-2.821313,21406,7,0,2701,00
"$$HABDUINO,627,13:37:08,51.938026,-2.818112,21471,6,0,2705,00*2677","M6XIM,G3ZGZ,0x17,EDU001,F4FWT,G8KNN,G0WXI,G6GZH",627,13:37:08,51.938026,-2.818112,21471,6,0,2705,00
"$$HABDUINO,628,13:37:18,51.936908,-2.814964,21531,4,0,2703,20*C698","M6XIM,G3ZGZ,0x17,F4FWT,G8KNN,G0WXI,G6GZH",628,13:37:18,51.936908,-2.814964,21531,4,0,2703,20
"$$HABDUINO,629,13:37:33,51.937167,-2.812102,21591,7,0,2709,00*75C7","M6XIM,G3ZGZ,0x17,F4FWT,G8KNN,G0WXI,G6GZH",629,13:37:33,51.937167,-2.812102,21591,7,0,2709,00
"$$HABDUINO,630,13:37:47,51.936602,-2.808756,21668,8,0,2703,00*8279","M6XIM,G3ZGZ,G8DHE,0x17,G8DXZ,F4FWT,G8KNN,G0WXI,G6GZH",630,13:37:47,51.936602,-2.808756,21668,8,0,2703,00
"$$HABDUINO,631,13:38:02,51.935999,-2.806121,21760,7,0,2698,00*1EB9","M6XIM,G3ZGZ,G8DHE,0x17,G8DXZ,F4FWT,G8KNN,PE1ANS,G0WXI,G6GZH",631,13:38:02,51.935999,-2.806121,21760,7,0,2698,00
"$$HABDUINO,632,13:38:17,51.935123,-2.803202,21841,7,0,2710,00*94CB","M6XIM,G3ZGZ,0x17,EDU001,G8DXZ,F4FWT,G8KNN,PE1ANS,G0WXI,G6GZH",632,13:38:17,51.935123,-2.803202,21841,7,0,2710,00
"$$HABDUINO,633,13:38:32,51.933601,-2.800439,21906,7,0,2709,00*A719","M6XIM,G3ZGZ,0x17,EDU001,F4FWT,G8KNN,PE1ANS,G0WXI,G6GZH",633,13:38:32,51.933601,-2.800439,21906,7,0,2709,00
"$$HABDUINO,634,13:38:42,0.000000,0.000000,21959,3,0,2709,00*8A23","M6XIM,G3ZGZ,EDU001,G8DXZ,F4FWT,G8KNN,PE1ANS,G0WXI,G6GZH",634,13:38:42,0.0,0.0,21959,3,0,2709,00
"$$HABDUINO,635,13:38:57,51.931172,-2.796034,22027,7,0,2709,00*8BC2","F4FWT,G3ZGZ,0x17,EDU001,G8DXZ,M6XIM,G8KNN,PE1ANS,G0WXI,G6GZH",635,13:38:57,51.931172,-2.796034,22027,7,0,2709,00
"$$HABDUINO,636,13:39:11,0.000000,0.000000,22058,7,0,2704,20*4508","M6XIM,G3ZGZ,0x17,EDU001,F4FWT,G8KNN,PE1ANS,G0WXI,G6GZH",636,13:39:11,0.0,0.0,22058,7,0,2704,20
"$$HABDUINO,638,13:39:40,51.927801,-2.787752,22285,6,0,2702,00*8BC9","G3ZGZ,0x17,M6XIM,G8KNN,PE1ANS,G0WXI,G6GZH",638,13:39:40,51.927801,-2.787752,22285,6,0,2702,00
"$$HABDUINO,639,13:39:55,51.926783,-2.785495,22338,5,0,2704,00*408F","M6XIM,G3ZGZ,0x17,EDU001,F4FWT,G8KNN,PE1ANS,G0WXI,G6GZH",639,13:39:55,51.926783,-2.785495,22338,5,0,2704,00
"$$HABDUINO,637,13:39:26,51.928734,-2.790230,22206,7,0,2699,00*97F6","F4FWT,G3ZGZ,0x17,EDU001,G8DXZ,M6XIM,G8KNN,PE1ANS,G0WXI,G6GZH",637,13:39:26,51.928734,-2.79023,22206,7,0,2699,00
"$$HABDUINO,640,13:40:10,51.925513,-2.782975,22413,8,0,2698,00*25AE","F4FWT,G3ZGZ,0x17,EDU001,M6XIM,G8KNN,PE1ANS,G0WXI,G6GZH",640,13:40:10,51.925513,-2.782975,22413,8,0,2698,00
"$$HABDUINO,641,13:40:20,51.923877,-2.780866,22524,8,0,2698,00*E92F","F4FWT,G3ZGZ,0x17,EDU001,M6XIM,G8KNN,PE1ANS,G0WXI,G6GZH",641,13:40:20,51.923877,-2.780866,22524,8,0,2698,00
"$$HABDUINO,642,13:40:35,51.922721,-2.779501,22591,7,0,2694,00*5111","F4FWT,G3ZGZ,0x17,EDU001,G8DXZ,M6XIM,G8KNN,PE1ANS,G0WXI,G6GZH",642,13:40:35,51.922721,-2.779501,22591,7,0,2694,00
"$$HABDUINO,643,13:40:50,51.921541,-2.777049,22697,7,0,2702,00*E175","F4FWT,G3ZGZ,0x17,EDU001,M6XIM,G8KNN,PE1ANS,G0WXI,G6GZH",643,13:40:50,51.921541,-2.777049,22697,7,0,2702,00
"$$HABDUINO,646,13:41:33,51.918878,-2.768621,22948,6,0,2697,00*553A","G3ZGZ,G8DHE,0x17,EDU001,F4FWT,G8KNN,PE1ANS,G0WXI,G6GZH",646,13:41:33,51.918878,-2.768621,22948,6,0,2697,00
"$$HABDUINO,644,13:41:04,51.920692,-2.774618,22777,7,0,2702,00*CBBE","G3ZGZ,G8DHE,0x17,EDU001,G8DXZ,F4FWT,G8KNN,PE1ANS,G0WXI,G6GZH",644,13:41:04,51.920692,-2.774618,22777,7,0,2702,00
"$$HABDUINO,647,13:41:48,51.918285,-2.765635,23019,6,0,2702,00*BC8F","G3ZGZ,G8DHE,0x17,EDU001,F4FWT,G8KNN,PE1ANS,G0WXI,G6GZH,G8IMN",647,13:41:48,51.918285,-2.765635,23019,6,0,2702,00
"$$HABDUINO,645,13:41:18,0.000000,0.000000,22840,0,0,2697,20*DCFD","F4FWT,G3ZGZ,0x17,EDU001,G8DXZ,M6XIM,G8KNN,PE1ANS,G0WXI,G6GZH",645,13:41:18,0.0,0.0,22840,0,0,2697,20
"$$HABDUINO,648,13:41:58,0.000000,0.000000,23070,0,0,2700,00*9A91","M6XIM,G3ZGZ,G8DHE,0x17,EDU001,F4FWT,G8KNN,SWL014,PE1ANS,G0WXI,G6GZH,G8IMN",648,13:41:58,0.0,0.0,23070,0,0,2700,00
"$$HABDUINO,650,13:42:26,51.916057,-2.758297,23236,4,0,2694,20*BE0E","M6XIM,G3ZGZ,0x17,EDU001,G8DXZ,F4FWT,G8KNN,SWL014,PE1ANS,G0WXI,G6GZH,G8IMN",650,13:42:26,51.916057,-2.758297,23236,4,0,2694,20
"$$HABDUINO,649,13:42:12,51.916806,-2.760933,23164,7,0,2695,00*D270","M6XIM,G3ZGZ,0x17,EDU001,F4FWT,G8KNN,SWL014,PE1ANS,G0WXI,G6GZH,G8IMN",649,13:42:12,51.916806,-2.760933,23164,7,0,2695,00
"$$HABDUINO,652,13:42:55,51.914436,-2.754024,23358,8,0,2698,00*FD93","F4FWT,G3ZGZ,0x17,EDU001,G8DXZ,M6XIM,G8KNN,PE1ANS,G0WXI,G6GZH",652,13:42:55,51.914436,-2.754024,23358,8,0,2698,00
"$$HABDUINO,651,13:42:41,51.915524,-2.756573,23289,7,0,2699,00*422A","M6XIM,G3ZGZ,0x17,EDU001,G8DXZ,F4FWT,G8KNN,SWL014,PE1ANS,G0WXI,G6GZH",651,13:42:41,51.915524,-2.756573,23289,7,0,2699,00
"$$HABDUINO,654,13:43:24,51.912754,-2.748791,23494,6,0,2700,00*D35E","M6XIM,G3ZGZ,0x17,EDU001,G8DXZ,F4FWT,G8KNN,SWL014,PE1ANS,G0WXI,G6GZH",654,13:43:24,51.912754,-2.748791,23494,6,0,2700,00
"$$HABDUINO,653,13:43:09,0.000000,0.000000,23402,7,0,2696,20*326A","M6XIM,G3ZGZ,0x17,EDU001,G8DXZ,F4FWT,G8KNN,SWL014,PE1ANS,G0WXI,G6GZH",653,13:43:09,0.0,0.0,23402,7,0,2696,20
"$$HABDUINO,655,13:43:39,51.911958,-2.745552,23575,5,0,2697,20*1BAF","M6XIM,G3ZGZ,0x17,EDU001,G8DXZ,F4FWT,G8KNN,PE1ANS,G0WXI,G6GZH,G8IMN",655,13:43:39,51.911958,-2.745552,23575,5,0,2697,20
"$$HABDUINO,656,13:43:49,0.000000,0.000000,23627,3,0,2695,00*EC16","F4FWT,G3ZGZ,0x17,EDU001,G8DXZ,M6XIM,G8KNN,SWL014,PE1ANS,G0WXI,G6GZH,G8IMN",656,13:43:49,0.0,0.0,23627,3,0,2695,00
"$$HABDUINO,657,13:44:04,51.910259,-2.739550,23697,6,0,2697,00*E725","M6XIM,G3ZGZ,G8DHE,0x17,EDU001,G8DXZ,IanHab,F4FWT,G8KNN,SWL014,PE1ANS,G0WXI,G6GZH",657,13:44:04,51.910259,-2.73955,23697,6,0,2697,00
"$$HABDUINO,658,13:44:19,51.909558,-2.736495,23775,5,0,2699,00*2ED5","M6XIM,G3ZGZ,0x17,EDU001,G8DXZ,IanHab,F4FWT,G8KNN,SWL014,PE1ANS,G0WXI,G6GZH,G8IMN",658,13:44:19,51.909558,-2.736495,23775,5,0,2699,00
"$$HABDUINO,659,13:44:33,0.000000,0.000000,23835,0,0,2695,20*9353","G3ZGZ,0x17,EDU001,G8DXZ,IanHab,M6XIM,G8KNN,SWL014,PE1ANS,G0WXI,G6GZH,G8IMN",659,13:44:33,0.0,0.0,23835,0,0,2695,20
"$$HABDUINO,660,13:44:48,51.908860,-2.731001,23943,6,0,2692,00*AD7D","F4FWT,G3ZGZ,0x17,EDU001,G8DXZ,IanHab,M6XIM,G8KNN,SWL014,PE1ANS,G0WXI,G6GZH",660,13:44:48,51.90886,-2.731001,23943,6,0,2692,00
"$$HABDUINO,662,13:45:16,0.000000,0.000000,24085,0,0,2692,00*17F9","F4FWT,G3ZGZ,0x17,EDU001,IanHab,M6XIM,G8KNN,SWL014,PE1ANS,G0WXI,G6GZH",662,13:45:16,0.0,0.0,24085,0,0,2692,00
"$$HABDUINO,661,13:45:02,51.908832,-2.728298,24016,5,0,2698,00*A3FC","G3ZGZ,G8DHE,0x17,EDU001,G8DXZ,M6XIM,G8KNN,SWL014,PE1ANS,G0WXI,G6GZH,G8IMN",661,13:45:02,51.908832,-2.728298,24016,5,0,2698,00
"$$HABDUINO,663,13:45:27,51.908942,-2.719967,24224,8,0,2697,00*EFDB","F4FWT,G3ZGZ,0x17,EDU001,IanHab,M6XIM,G8KNN,SWL014,PE1ANS,G8ZBJ,G0WXI,G6GZH,G8IMN",663,13:45:27,51.908942,-2.719967,24224,8,0,2697,00
"$$HABDUINO,665,13:45:56,51.908534,-2.713655,24355,0,0,2696,00*D4A6","G3ZGZ,0x17,EDU001,IanHab,M6XIM,G8KNN,PE1ANS,G0WXI,G6GZH",665,13:45:56,51.908534,-2.713655,24355,0,0,2696,00
"$$HABDUINO,664,13:45:41,51.908877,-2.716005,24300,6,0,2696,20*07CD","M6XIM,G3ZGZ,0x17,EDU001,G8DXZ,IanHab,F4FWT,G8KNN,SWL014,PE1ANS,G8ZBJ,G0WXI,G6GZH,G8IMN",664,13:45:41,51.908877,-2.716005,24300,6,0,2696,20
"$$HABDUINO,666,13:46:10,51.908152,-2.709989,24441,7,0,2695,00*C57E","M6XIM,G3ZGZ,0x17,EDU001,G8ZBJ,G8KNN,SWL014,PE1ANS,G0WXI,G6GZH",666,13:46:10,51.908152,-2.709989,24441,7,0,2695,00
"$$HABDUINO,668,13:46:40,51.906810,-2.703946,24600,7,0,2696,00*B5F5","M6XIM,G3ZGZ,0x17,EDU001,IanHab,G8ZBJ,G8KNN,SWL014,PE1ANS,G0WXI,G6GZH",668,13:46:40,51.90681,-2.703946,24600,7,0,2696,00
"$$HABDUINO,667,13:46:25,51.907369,-2.706973,24526,6,0,2693,00*F317","M6XIM,G3ZGZ,0x17,EDU001,G8DXZ,G8ZBJ,G8KNN,SWL014,PE1ANS,G0WXI,G6GZH,G8IMN",667,13:46:25,51.907369,-2.706973,24526,6,0,2693,00
"$$HABDUINO,669,13:46:55,51.906237,-2.700455,24681,7,0,2697,00*849F","M6XIM,G3ZGZ,0x17,EDU001,G8DXZ,G8ZBJ,G8KNN,SWL014,PE1ANS,G0WXI,G6GZH",669,13:46:55,51.906237,-2.700455,24681,7,0,2697,00
"$$HABDUINO,670,13:47:04,0.000000,0.000000,24712,0,0,2692,20*0E7A","G3ZGZ,0x17,EDU001,G8DXZ,M6XIM,G8KNN,SWL014,PE1ANS,G0WXI,G6GZH",670,13:47:04,0.0,0.0,24712,0,0,2692,20
"$$HABDUINO,671,13:47:19,51.904427,-2.693322,24844,6,0,2690,00*2B7C","M6XIM,G3ZGZ,0x17,EDU001,G8ZBJ,G8KNN,SWL014,PE1ANS,G0WXI,G6GZH",671,13:47:19,51.904427,-2.693322,24844,6,0,2690,00
"$$HABDUINO,672,13:47:33,51.903451,-2.690245,24921,7,0,2688,00*F42F","G8ZBJ,G3ZGZ,0x17,EDU001,M6XIM,G8KNN,PE1ANS,G0WXI,G6GZH",672,13:47:33,51.903451,-2.690245,24921,7,0,2688,00
"$$HABDUINO,674,13:48:02,51.902128,-2.684457,25070,6,0,2690,00*ECFD","G8ZBJ,G3ZGZ,G8DHE,0x17,EDU001,IanHab,M6XIM,G8KNN,SWL014,PE1ANS,G0WXI,G6GZH",674,13:48:02,51.902128,-2.684457,25070,6,0,2690,00
"$$HABDUINO,673,13:47:48,51.902864,-2.687915,24983,0,0,2692,00*DB17","M6XIM,G3ZGZ,0x17,EDU001,G8DXZ,G8ZBJ,G8KNN,PE1ANS,G0WXI,G6GZH,G8IMN",673,13:47:48,51.902864,-2.687915,24983,0,0,2692,00
"$$HABDUINO,675,13:48:16,0.000000,0.000000,25103,6,0,2684,20*A981","G8ZBJ,G3ZGZ,G8DHE,0x17,EDU001,IanHab,M6XIM,G8KNN,SWL014,PE1ANS,G0WXI,G6GZH",675,13:48:16,0.0,0.0,25103,6,0,2684,20
"$$HABDUINO,676,13:48:31,51.901251,-2.676837,25229,5,0,2689,00*69D5","G3ZGZ,0x17,EDU001,IanHab,G8ZBJ,G8KNN,SWL014,PE1ANS,G0WXI,G6GZH,G8IMN",676,13:48:31,51.901251,-2.676837,25229,5,0,2689,00
"$$HABDUINO,677,13:48:45,51.901285,-2.672524,25308,7,0,2694,00*9532","M6XIM,G3ZGZ,G8DHE,0x17,EDU001,G8DXZ,IanHab,G8ZBJ,G8KNN,SWL014,PE1ANS,G0WXI,G6GZH",677,13:48:45,51.901285,-2.672524,25308,7,0,2694,00
"$$HABDUINO,678,13:49:00,51.900674,-2.668029,25396,4,0,2693,20*3F1C","G8ZBJ,G3ZGZ,0x17,EDU001,IanHab,M6XIM,G8KNN,SWL014,PE1ANS,G0WXI,G6GZH",678,13:49:00,51.900674,-2.668029,25396,4,0,2693,20
"$$HABDUINO,679,13:49:10,51.899567,-2.663144,25490,7,0,2694,00*035E","M6XIM,G3ZGZ,0x17,EDU001,IanHab,F4FWT,G8KNN,SWL014,PE1ANS,G8ZBJ,G0WXI,G6GZH",679,13:49:10,51.899567,-2.663144,25490,7,0,2694,00
"$$HABDUINO,680,13:49:25,51.898594,-2.657774,25583,7,0,2693,00*0647","G8ZBJ,G3ZGZ,0x17,EDU001,M6XIM,G8KNN,SWL014,PE1ANS,G0WXI,G6GZH",680,13:49:25,51.898594,-2.657774,25583,7,0,2693,00
"$$HABDUINO,681,13:49:40,51.898180,-2.654254,25641,5,0,2689,00*871B","M6XIM,G3ZGZ,0x17,EDU001,G8ZBJ,G8KNN,SWL014,PE1ANS,G0WXI,G6GZH,G8IMN",681,13:49:40,51.89818,-2.654254,25641,5,0,2689,00
"$$HABDUINO,682,13:49:55,51.897874,-2.648853,25737,7,0,2694,00*053D","G3ZGZ,EDU001,G8ZBJ,G8KNN,PE1ANS,G0WXI,G6GZH,G8IMN",682,13:49:55,51.897874,-2.648853,25737,7,0,2694,00
"$$HABDUINO,683,13:50:10,51.897110,-2.643565,25828,7,0,2688,00*76D1","G8ZBJ,G3ZGZ,G8DHE,0x17,EDU001,F4FWT,G8KNN,SWL014,PE1ANS,G0WXI,G6GZH,G8IMN",683,13:50:10,51.89711,-2.643565,25828,7,0,2688,00
"$$HABDUINO,684,13:50:25,51.896329,-2.638390,25920,6,0,2681,00*264B","M6XIM,G3ZGZ,G8DHE,0x17,EDU001,G8ZBJ,G8KNN,SWL014,PE1ANS,G0WXI,G8IMN",684,13:50:25,51.896329,-2.63839,25920,6,0,2681,00
"$$HABDUINO,685,13:50:35,51.895412,-2.633335,26010,8,0,2682,00*3260","G3ZGZ,0x17,EDU001,G8ZBJ,G8KNN,SWL014,PE1ANS,G0WXI,G6GZH",685,13:50:35,51.895412,-2.633335,26010,8,0,2682,00
"$$HABDUINO,686,13:50:49,51.894692,-2.628340,26097,7,0,2687,00*9384","G3ZGZ,0x17,EDU001,G8ZBJ,G8KNN,SWL014,PE1ANS,G0WXI,G6GZH",686,13:50:49,51.894692,-2.62834,26097,7,0,2687,00
"$$HABDUINO,688,13:51:19,51.893333,-2.619050,26239,7,0,2694,00*9676","G3ZGZ,0x17,G8ZBJ,G8KNN,PE1ANS,G0WXI,G6GZH",688,13:51:19,51.893333,-2.61905,26239,7,0,2694,00
"$$HABDUINO,687,13:51:04,51.894394,-2.624650,26145,5,0,2688,00*7B3B","G8ZBJ,G3ZGZ,0x17,M6XIM,G8KNN,SWL014,PE1ANS,G0WXI,G6GZH,G8IMN",687,13:51:04,51.894394,-2.62465,26145,5,0,2688,00
"$$HABDUINO,689,13:51:33,51.892208,-2.614300,26318,6,0,2689,00*ACF4","G3ZGZ,G8ZBJ,G8KNN,SWL014,PE1ANS,G0WXI,G6GZH,G8IMN",689,13:51:33,51.892208,-2.6143,26318,6,0,2689,00
"$$HABDUINO,690,13:51:47,0.000000,0.000000,26398,3,0,2686,20*755D","G8ZBJ,G3ZGZ,0x17,M6XIM,G8KNN,PE1ANS,G0WXI,G6GZH",690,13:51:47,0.0,0.0,26398,3,0,2686,20
"$$HABDUINO,691,13:52:02,51.889812,-2.604280,26514,7,0,2686,00*0FCD","G3ZGZ,0x17,G8ZBJ,G8KNN,SWL014,PE1ANS,G0WXI,G6GZH",691,13:52:02,51.889812,-2.60428,26514,7,0,2686,00
"$$HABDUINO,692,13:52:17,51.888453,-2.599916,26612,8,0,2686,20*2AC8","G8ZBJ,G3ZGZ,0x17,M6XIM,F4FWT,G8KNN,SWL014,PE1ANS,G0WXI,G6GZH,G8IMN",692,13:52:17,51.888453,-2.599916,26612,8,0,2686,20
"$$HABDUINO,693,13:52:27,0.000000,0.000000,26680,0,0,2687,00*E9FB","M6XIM,G3ZGZ,F4FWT,0x17,G8ZBJ,G8KNN,SWL014,PE1ANS,G0WXI,G6GZH,G8IMN",693,13:52:27,0.0,0.0,26680,0,0,2687,00
"$$HABDUINO,694,13:52:41,51.886443,-2.592689,26755,8,0,2691,00*EBE6","F4FWT,G3ZGZ,0x17,M6XIM,G8KNN,SWL014,PE1ANS,G8ZBJ,G0WXI,G6GZH",694,13:52:41,51.886443,-2.592689,26755,8,0,2691,00
"$$HABDUINO,695,13:52:55,0.000000,0.000000,26817,6,0,2686,20*06B4","F4FWT,G3ZGZ,0x17,M6XIM,G8KNN,PE1ANS,G8ZBJ,G0WXI,G6GZH",695,13:52:55,0.0,0.0,26817,6,0,2686,20
"$$HABDUINO,696,13:53:10,51.884965,-2.583450,26933,7,0,2685,00*92C4","F4FWT,G3ZGZ,0x17,G8ZBJ,G8KNN,SWL014,PE1ANS,G0WXI,G6GZH",696,13:53:10,51.884965,-2.58345,26933,7,0,2685,00
"$$HABDUINO,698,13:53:38,0.000000,0.000000,27063,0,0,2674,20*EB2E","F4FWT,G3ZGZ,G8ZBJ,G8KNN,PE1ANS,G0WXI,G6GZH",698,13:53:38,0.0,0.0,27063,0,0,2674,20
"$$HABDUINO,699,13:53:53,51.883971,-2.568435,27204,6,0,2681,00*28C2","M6XIM,G3ZGZ,0x17,F4FWT,G8KNN,PE1ANS,G8ZBJ,G0WXI,G6GZH",699,13:53:53,51.883971,-2.568435,27204,6,0,2681,00
"$$HABDUINO,697,13:53:24,51.884572,-2.579246,27032,5,0,2682,00*3D18","G8ZBJ,G3ZGZ,F4FWT,G8KNN,SWL014,PE1ANS,G0WXI,G6GZH",697,13:53:24,51.884572,-2.579246,27032,5,0,2682,00
"$$HABDUINO,700,13:54:07,51.883637,-2.562901,27274,7,0,2687,00*93F1","M6XIM,G3ZGZ,G8DHE,0x17,F4FWT,G8KNN,PE1ANS,G8ZBJ,G0WXI,G6GZH",700,13:54:07,51.883637,-2.562901,27274,7,0,2687,00
"$$HABDUINO,701,13:54:21,51.883552,-2.557456,27347,4,0,2684,00*1A83","M6XIM,G3ZGZ,G8DHE,0x17,F4FWT,G8KNN,PE1ANS,G8ZBJ,G0WXI,G6GZH,G8IMN",701,13:54:21,51.883552,-2.557456,27347,4,0,2684,00
"$$HABDUINO,702,13:54:36,51.883516,-2.551889,27429,7,0,2686,00*BF7C","G8ZBJ,G3ZGZ,0x17,M6XIM,G8KNN,PE1ANS,G0WXI,G6GZH",702,13:54:36,51.883516,-2.551889,27429,7,0,2686,00
"$$HABDUINO,703,13:54:50,51.883424,-2.546465,27488,7,0,2689,00*29E7","M6XIM,G3ZGZ,0x17,F4FWT,G8KNN,PE1ANS,G8ZBJ,G0WXI",703,13:54:50,51.883424,-2.546465,27488,7,0,2689,00
"$$HABDUINO,704,13:55:00,0.000000,0.000000,27539,3,0,2686,00*5B86","G8ZBJ,G3ZGZ,0x17,M6XIM,G8KNN,PE1ANS,G0WXI,G6GZH,G8IMN",704,13:55:00,0.0,0.0,27539,3,0,2686,00
"$$HABDUINO,705,13:55:14,51.882995,-2.534857,27680,7,0,2686,00*C4DB","M6XIM,G3ZGZ,0x17,F4FWT,G8KNN,PE1ANS,G8ZBJ,G0WXI,G6GZH",705,13:55:14,51.882995,-2.534857,27680,7,0,2686,00
"$$HABDUINO,706,13:55:28,51.883055,-2.529009,27775,7,0,2686,00*21B3","G8ZBJ,G3ZGZ,0x17,F4FWT,G8KNN,PE1ANS,G0WXI,G6GZH,G8IMN",706,13:55:28,51.883055,-2.529009,27775,7,0,2686,00
"$$HABDUINO,707,13:55:43,0.000000,0.000000,27808,6,0,2684,20*C490","M6XIM,G3ZGZ,0x17,F4FWT,G8KNN,PE1ANS,G8ZBJ,G0WXI,G6GZH,G8IMN",707,13:55:43,0.0,0.0,27808,6,0,2684,20
"$$HABDUINO,708,13:55:58,51.882745,-2.517784,27922,7,0,2691,00*4255","G8ZBJ,G3ZGZ,0x17,M6XIM,F4FWT,G8KNN,PE1ANS,G0WXI,G6GZH,G8IMN",708,13:55:58,51.882745,-2.517784,27922,7,0,2691,00
"$$HABDUINO,709,13:56:12,51.882890,-2.511775,28021,7,0,2688,00*2DAE","F4FWT,G3ZGZ,0x17,M6XIM,G8KNN,SWL014,PE1ANS,G8ZBJ,G0WXI,G6GZH,G8IMN",709,13:56:12,51.88289,-2.511775,28021,7,0,2688,00
"$$HABDUINO,710,13:56:26,0.000000,0.000000,28082,0,0,2683,00*DC3C","M6XIM,G3ZGZ,0x17,F4FWT,G8KNN,SWL014,PE1ANS,G8ZBJ,G0WXI,G6GZH,G8IMN",710,13:56:26,0.0,0.0,28082,0,0,2683,00
"$$HABDUINO,711,13:56:37,51.882575,-2.498268,28210,7,0,2686,00*A62A","F4FWT,G3ZGZ,M6XIM,G8KNN,PE1ANS,G8ZBJ,G0WXI,G6GZH,G8IMN",711,13:56:37,51.882575,-2.498268,28210,7,0,2686,00
"$$HABDUINO,712,13:56:51,51.882630,-2.492142,28307,5,0,2683,20*651B","F4FWT,G3ZGZ,0x17,M6XIM,G8KNN,PE1ANS,G8ZBJ,G0WXI,G6GZH,G8IMN",712,13:56:51,51.88263,-2.492142,28307,5,0,2683,20
"$$HABDUINO,713,13:57:06,0.000000,0.000000,28368,0,0,2681,00*6D78","M6XIM,G3ZGZ,0x17,F4FWT,G8KNN,SWL014,PE1ANS,G8ZBJ,G0WXI,G6GZH,G8IMN",713,13:57:06,0.0,0.0,28368,0,0,2681,00
"$$HABDUINO,714,13:57:20,51.881511,-2.480815,28461,7,0,2688,00*A01E","M6XIM,G3ZGZ,G8ZBJ,G8KNN,SWL014,PE1ANS,G0WXI,G6GZH,G8IMN",714,13:57:20,51.881511,-2.480815,28461,7,0,2688,00
"$$HABDUINO,715,13:57:34,0.000000,0.000000,28522,7,0,2684,20*33FE","M6XIM,G3ZGZ,0x17,F4FWT,G8KNN,SWL014,PE1ANS,G8ZBJ,G0WXI,G6GZH,G8IMN",715,13:57:34,0.0,0.0,28522,7,0,2684,20
"$$HABDUINO,716,13:57:49,51.881570,-2.466834,28641,7,0,2683,00*DDB4","M6XIM,G3ZGZ,0x17,F4FWT,G8KNN,SWL014,PE1ANS,G8ZBJ,G0WXI,G6GZH,G8IMN",716,13:57:49,51.88157,-2.466834,28641,7,0,2683,00
"$$HABDUINO,717,13:58:03,51.881680,-2.459803,28716,7,0,2686,00*DC71","M6XIM,G3ZGZ,FBTL,0x17,F4FWT,G8KNN,PE1ANS,G8ZBJ,G0WXI,G6GZH,G8IMN",717,13:58:03,51.88168,-2.459803,28716,7,0,2686,00
"$$HABDUINO,718,13:58:17,0.000000,0.000000,28763,0,0,2682,20*8DE5","G8ZBJ,G3ZGZ,FBTL,0x17,F4FWT,G8KNN,PE1ANS,G0WXI,G6GZH,G8IMN",718,13:58:17,0.0,0.0,28763,0,0,2682,20
"$$HABDUINO,719,13:58:32,51.881149,-2.444927,28883,6,0,2682,00*CBE4","F4FWT,G3ZGZ,FBTL,0x17,G8ZBJ,G8KNN,SWL014,PE1ANS,G0WXI,G6GZH",719,13:58:32,51.881149,-2.444927,28883,6,0,2682,00
"$$HABDUINO,720,13:58:46,51.880484,-2.437568,28970,6,0,2682,00*065A","F4FWT,G3ZGZ,FBTL,0x17,G8ZBJ,G8KNN,SWL014,PE1ANS,G0WXI,G6GZH,G8IMN",720,13:58:46,51.880484,-2.437568,28970,6,0,2682,00
"$$HABDUINO,721,13:59:00,0.000000,0.000000,29029,0,0,2683,00*2FA6","F4FWT,G3ZGZ,FBTL,0x17,M6XIM,G8KNN,SWL014,PE1ANS,G8ZBJ,G0WXI,G6GZH,G8IMN",721,13:59:00,0.0,0.0,29029,0,0,2683,00
"$$HABDUINO,722,13:59:10,51.879521,-2.422159,29153,7,0,2685,00*1A95","M6XIM,G3ZGZ,FBTL,0x17,F4FWT,G8KNN,SWL014,PE1ANS,G8ZBJ,G0WXI,G6GZH,G8IMN",722,13:59:10,51.879521,-2.422159,29153,7,0,2685,00
"$$HABDUINO,723,13:59:24,51.879152,-2.414297,29262,5,0,2678,20*7C76","F4FWT,G3ZGZ,FBTL,0x17,M6XIM,G8KNN,PE1ANS,G8ZBJ,G0WXI,G6GZH,G8IMN",723,13:59:24,51.879152,-2.414297,29262,5,0,2678,20
"$$HABDUINO,724,13:59:39,51.879029,-2.409148,29323,0,0,2674,00*2565","F4FWT,G3ZGZ,FBTL,0x17,M6XIM,G8KNN,PE1ANS,G8ZBJ,G0WXI,G6GZH,G8IMN",724,13:59:39,51.879029,-2.409148,29323,0,0,2674,00
"$$HABDUINO,725,13:59:53,51.879132,-2.401500,29297,7,0,2678,00*452D","M6XIM,G3ZGZ,FBTL,0x17,F4FWT,G8KNN,PE1ANS,G8ZBJ,G0WXI,G6GZH,G8IMN",725,13:59:53,51.879132,-2.4015,29297,7,0,2678,00
"$$HABDUINO,726,14:00:08,51.878848,-2.393496,29427,4,0,2678,00*81BA","F4FWT,G3ZGZ,FBTL,M6XIM,G8KNN,SWL014,PE1ANS,G8ZBJ,G0WXI,G6GZH",726,14:00:08,51.878848,-2.393496,29427,4,0,2678,00
"$$HABDUINO,727,14:00:23,51.878369,-2.385145,29557,7,0,2672,00*F029","F4FWT,G3ZGZ,FBTL,0x17,M6XIM,G8KNN,PE1ANS,G8ZBJ,G0WXI,G6GZH",727,14:00:23,51.878369,-2.385145,29557,7,0,2672,00
"$$HABDUINO,728,14:00:38,51.877975,-2.376898,29660,7,0,2674,00*C329","M6XIM,G3ZGZ,FBTL,0x17,EDU001,F4FWT,G8KNN,PE1ANS,G8ZBJ,G0WXI,G6GZH,G8IMN",728,14:00:38,51.877975,-2.376898,29660,7,0,2674,00
"$$HABDUINO,729,14:00:48,51.877681,-2.369324,29766,7,0,2679,20*612A","M6XIM,G3ZGZ,FBTL,0x17,EDU001,F4FWT,G8KNN,PE1ANS,G8ZBJ,G0WXI,G6GZH,G8IMN",729,14:00:48,51.877681,-2.369324,29766,7,0,2679,20
"$$HABDUINO,730,14:01:03,51.877526,-2.363615,29841,0,0,2689,00*C729","F4FWT,G3ZGZ,0x17,EDU001,M6XIM,G8KNN,PE1ANS,G8ZBJ,G0WXI,G6GZH,G8IMN",730,14:01:03,51.877526,-2.363615,29841,0,0,2689,00
"$$HABDUINO,731,14:01:18,51.877339,-2.355166,29958,7,0,2684,00*3EA4","F4FWT,G3ZGZ,G8DHE,0x17,EDU001,M6XIM,G8KNN,PE1ANS,G8ZBJ,G0WXI,G6GZH,G8IMN",731,14:01:18,51.877339,-2.355166,29958,7,0,2684,00
"$$HABDUINO,733,14:01:47,51.876827,-2.338794,30144,6,0,2685,00*97BC","M6XIM,G3ZGZ,0x17,EDU001,F4FWT,G8KNN,PE1ANS,G8ZBJ,G0WXI,G6GZH,G8IMN",733,14:01:47,51.876827,-2.338794,30144,6,0,2685,00
"$$HABDUINO,732,14:01:32,51.876978,-2.346916,30049,5,0,2683,00*7FE3","F4FWT,G3ZGZ,0x17,EDU001,G8ZBJ,G8KNN,PE1ANS,G0WXI,G6GZH,G8IMN",732,14:01:32,51.876978,-2.346916,30049,5,0,2683,00
"$$HABDUINO,734,14:02:01,51.876635,-2.330996,30240,6,0,2681,00*356C","F4FWT,G3ZGZ,G8DHE,0x17,EDU001,M6XIM,G8KNN,PE1ANS,G8ZBJ,G0WXI,G6GZH,G8IMN",734,14:02:01,51.876635,-2.330996,30240,6,0,2681,00
"$$HABDUINO,735,14:02:15,0.000000,0.000000,30305,0,0,2679,20*11A1","M6XIM,G3ZGZ,0x17,EDU001,F4FWT,G8KNN,PE1ANS,G8ZBJ,G0WXI,G6GZH,G8IMN",735,14:02:15,0.0,0.0,30305,0,0,2679,20
"$$HABDUINO,736,14:02:30,51.876775,-2.314321,30435,7,0,2683,00*4CA0","M6XIM,G3ZGZ,0x17,EDU001,F4FWT,G8KNN,PE1ANS,G8ZBJ,G0WXI,G6GZH,G8IMN",736,14:02:30,51.876775,-2.314321,30435,7,0,2683,00
"$$HABDUINO,737,14:02:44,51.876997,-2.306235,30523,7,0,2685,00*5457","G8ZBJ,G3ZGZ,G8DHE,0x17,EDU001,F4FWT,G8KNN,PE1ANS,G0WXI,G6GZH,G8IMN",737,14:02:44,51.876997,-2.306235,30523,7,0,2685,00
"$$HABDUINO,738,14:02:58,0.000000,0.000000,30584,3,0,2683,00*238E","F4FWT,G3ZGZ,0x17,EDU001,M6XIM,G8KNN,PE1ANS,G8ZBJ,G0WXI,G6GZH,G8IMN",738,14:02:58,0.0,0.0,30584,3,0,2683,00
"$$HABDUINO,739,14:03:08,51.876558,-2.289304,30701,7,0,2683,00*BD06","M6XIM,G3ZGZ,0x17,EDU001,F4FWT,G8KNN,PE1ANS,G8ZBJ,G0WXI,G6GZH,G8IMN",739,14:03:08,51.876558,-2.289304,30701,7,0,2683,00
"$$HABDUINO,740,14:03:21,51.875828,-2.280260,30798,5,0,2679,20*C9F9","G8ZBJ,G3ZGZ,0x17,EDU001,F4FWT,G8KNN,PE1ANS,G0WXI,G6GZH,G8IMN",740,14:03:21,51.875828,-2.28026,30798,5,0,2679,20
"$$HABDUINO,741,14:03:37,51.875753,-2.274636,30844,0,0,2678,00*294D","M6XIM,G3ZGZ,G8DHE,0x17,EDU001,F4FWT,G8KNN,PE1ANS,G8ZBJ,G0WXI,G8IMN",741,14:03:37,51.875753,-2.274636,30844,0,0,2678,00
"$$HABDUINO,742,14:03:51,51.875026,-2.265849,30935,7,0,2677,00*6FF4","G8ZBJ,G3ZGZ,0x17,EDU001,F4FWT,G8KNN,PE1ANS,G0WXI",742,14:03:51,51.875026,-2.265849,30935,7,0,2677,00
"$$HABDUINO,743,14:04:05,0.000000,0.000000,30965,0,0,2672,20*4EDD","F4FWT,G3ZGZ,G8DHE,0x17,EDU001,M6XIM,G8ZBJ,G8KNN,PE1ANS,G0WXI,G8IMN",743,14:04:05,0.0,0.0,30965,0,0,2672,20
"$$HABDUINO,744,14:04:19,51.874816,-2.247123,31112,3,0,2669,00*FDE8","M6XIM,G3ZGZ,0x17,EDU001,F4FWT,G8KNN,PE1ANS,G8ZBJ,G0WXI,G8IMN",744,14:04:19,51.874816,-2.247123,31112,3,0,2669,00
"$$HABDUINO,746,14:04:47,0.000000,0.000000,31241,4,0,2675,20*A07B","F4FWT,G3ZGZ,0x17,EDU001,G8ZBJ,G8KNN,PE1ANS,G0WXI,G8IMN",746,14:04:47,0.0,0.0,31241,4,0,2675,20
"$$HABDUINO,747,14:05:02,51.875205,-2.216499,31351,7,0,2680,00*2B60","M6XIM,G3ZGZ,0x17,EDU001,F4FWT,G8KNN,PE1ANS,G8ZBJ,G0WXI",747,14:05:02,51.875205,-2.216499,31351,7,0,2680,00
"$$HABDUINO,745,14:04:33,51.875070,-2.236876,31191,7,0,2674,00*21F2","F4FWT,G3ZGZ,0x17,EDU001,M6XIM,G8KNN,PE1ANS,G0WXI",745,14:04:33,51.87507,-2.236876,31191,7,0,2674,00
"$$HABDUINO,748,14:05:16,51.875545,-2.206969,31435,5,0,2680,00*89D8","F4FWT,G3ZGZ,EDU001,M6XIM,G8KNN,PE1ANS,G8ZBJ,G0WXI",748,14:05:16,51.875545,-2.206969,31435,5,0,2680,00
"$$HABDUINO,749,14:05:30,0.000000,0.000000,31487,3,0,2677,00*AC77","M6XIM,G3ZGZ,0x17,EDU001,G8ZBJ,G8KNN,PE1ANS,G0WXI,G8IMN",749,14:05:30,0.0,0.0,31487,3,0,2677,00
"$$HABDUINO,750,14:05:41,51.876494,-2.186549,31621,7,0,2681,00*114B","F4FWT,G3ZGZ,0x17,EDU001,M6XIM,G8ZBJ,G8KNN,PE1ANS,G0WXI",750,14:05:41,51.876494,-2.186549,31621,7,0,2681,00
"$$HABDUINO,751,14:05:56,51.876780,-2.180008,31687,6,0,2681,00*1002","M6XIM,G3ZGZ,0x17,EDU001,F4FWT,G8KNN,PE1ANS,G0WXI,G8IMN",751,14:05:56,51.87678,-2.180008,31687,6,0,2681,00
"$$HABDUINO,752,14:06:10,51.877198,-2.170261,31784,0,0,2680,00*1734","F4FWT,G3ZGZ,G8DHE,0x17,EDU001,G8ZBJ,G8KNN,PE1ANS,G0WXI",752,14:06:10,51.877198,-2.170261,31784,0,0,2680,00
"$$HABDUINO,754,14:06:39,51.878726,-2.151796,31977,6,0,2680,00*0FA0","G8ZBJ,G3ZGZ,G8DHE,0x17,EDU001,F4FWT,G8KNN,PE1ANS,G0WXI",754,14:06:39,51.878726,-2.151796,31977,6,0,2680,00
"$$HABDUINO,753,14:06:25,51.878005,-2.160758,31879,7,0,2682,00*A1D3","M6XIM,G3ZGZ,0x17,EDU001,F4FWT,G8KNN,PE1ANS,G8ZBJ,G0WXI,G8IMN",753,14:06:25,51.878005,-2.160758,31879,7,0,2682,00
"$$HABDUINO,756,14:07:09,51.878740,-2.130290,32178,7,0,2681,00*CE20","F4FWT,G3ZGZ,0x17,EDU001,M6XIM,G8KNN,PE1ANS,G8ZBJ,G0WXI,G6GZH,G8IMN",756,14:07:09,51.87874,-2.13029,32178,7,0,2681,00
"$$HABDUINO,755,14:06:53,0.000000,0.000000,32048,0,0,2679,20*B9D6","M6XIM,G3ZGZ,0x17,EDU001,F4FWT,G8KNN,PE1ANS,G8ZBJ,G0WXI",755,14:06:53,0.0,0.0,32048,0,0,2679,20
"$$HABDUINO,757,14:07:23,51.878409,-2.119870,32272,7,0,2679,20*49BE","M6XIM,G3ZGZ,0x17,EDU001,F4FWT,G8KNN,PE1ANS,G8ZBJ,G0WXI,G6GZH,G8IMN",757,14:07:23,51.878409,-2.11987,32272,7,0,2679,20
"$$HABDUINO,758,14:07:33,0.000000,0.000000,32331,0,0,2677,00*097A","M6XIM,G3ZGZ,0x17,EDU001,F4FWT,G8KNN,PE1ANS,G8ZBJ,G0WXI,G6GZH,G8IMN",758,14:07:33,0.0,0.0,32331,0,0,2677,00
"$$HABDUINO,759,14:07:47,51.878151,-2.100100,32450,7,0,2681,00*49C2","F4FWT,G3ZGZ,G8DHE,0x17,EDU001,M6XIM,G8KNN,PE1ANS,G8ZBJ,G0WXI,G6GZH,G8IMN",759,14:07:47,51.878151,-2.1001,32450,7,0,2681,00
"$$HABDUINO,760,14:08:01,51.878723,-2.090483,32550,7,1,2679,20*060E","G8ZBJ,G3ZGZ,G8DHE,0x17,EDU001,F4FWT,G8KNN,PE1ANS,G0WXI,G6GZH,G8IMN",760,14:08:01,51.878723,-2.090483,32550,7,1,2679,20
"$$HABDUINO,761,14:08:16,51.879099,-2.082997,32607,0,0,2677,00*7267","G8ZBJ,G3ZGZ,G8DHE,0x17,EDU001,F4FWT,G8KNN,PE1ANS,G0WXI,G8IMN",761,14:08:16,51.879099,-2.082997,32607,0,0,2677,00
"$$HABDUINO,762,14:08:30,51.879934,-2.072562,32701,7,1,2682,00*54EA","F4FWT,G3ZGZ,0x17,EDU001,G8ZBJ,G8KNN,SWL014,PE1ANS,G0WXI,G6GZH,G8IMN",762,14:08:30,51.879934,-2.072562,32701,7,1,2682,00
"$$HABDUINO,764,14:08:59,51.880019,-2.050637,32885,7,1,2677,00*79D3","M6XIM,G3ZGZ,G8DHE,0x17,EDU001,F4FWT,G8KNN,SWL014,PE1ANS,G8ZBJ,G0WXI,G6GZH,G8IMN",764,14:08:59,51.880019,-2.050637,32885,7,1,2677,00
"$$HABDUINO,763,14:08:44,0.000000,0.000000,32738,5,1,2680,20*8AE3","G8ZBJ,G3ZGZ,0x17,EDU001,F4FWT,G8KNN,PE1ANS,G0WXI,G6GZH,G8IMN",763,14:08:44,0.0,0.0,32738,5,1,2680,20
"$$HABDUINO,765,14:09:13,51.879775,-2.040715,33002,5,1,2678,00*BE19","F4FWT,G3ZGZ,G8DHE,0x17,EDU001,M6XIM,G8KNN,SWL014,PE1ANS,G8ZBJ,G0WXI,G6GZH",765,14:09:13,51.879775,-2.040715,33002,5,1,2678,00
"$$HABDUINO,766,14:09:27,0.000000,0.000000,33023,0,1,2674,20*71D7","G8ZBJ,G3ZGZ,0x17,EDU001,F4FWT,G8KNN,SWL014,PE1ANS,G0WXI,G6GZH,G8IMN",766,14:09:27,0.0,0.0,33023,0,1,2674,20
"$$HABDUINO,767,14:09:42,51.878247,-2.018846,33141,7,1,2676,00*6A7B","F4FWT,G3ZGZ,0x17,EDU001,G8ZBJ,G8KNN,SWL014,PE1ANS,G0WXI,G6GZH",767,14:09:42,51.878247,-2.018846,33141,7,1,2676,00
"$$HABDUINO,768,14:09:56,51.877804,-2.008568,33215,7,1,2683,00*5FAC","F4FWT,G3ZGZ,0x17,EDU001,G8ZBJ,G8KNN,SWL014,PE1ANS,G0WXI,G6GZH,G8IMN",768,14:09:56,51.877804,-2.008568,33215,7,1,2683,00
"$$HABDUINO,769,14:10:05,51.877657,-1.997364,33295,4,1,2680,20*6AA8","F4FWT,G3ZGZ,G8DHE,0x17,EDU001,G8ZBJ,G8KNN,PE1ANS,G0WXI,G6GZH,G8IMN",769,14:10:05,51.877657,-1.997364,33295,4,1,2680,20
"$$HABDUINO,770,14:10:21,51.877513,-1.989633,33350,7,1,2675,00*0B72","M6XIM,G3ZGZ,G8DHE,0x17,EDU001,F4FWT,G8KNN,SWL014,PE1ANS,G8ZBJ,G0WXI,G6GZH,G8IMN",770,14:10:21,51.877513,-1.989633,33350,7,1,2675,00
"$$HABDUINO,771,14:10:35,51.877218,-1.978939,33436,4,1,2671,00*134B","G3ZGZ,0x17,EDU001,G8ZBJ,G8KNN,SWL014,PE1ANS,G0WXI,G6GZH",771,14:10:35,51.877218,-1.978939,33436,4,1,2671,00
"$$HABDUINO,772,14:10:49,0.000000,0.000000,33476,0,1,2668,20*6494","G3ZGZ,0x17,EDU001,G8ZBJ,G8KNN,SWL014,PE1ANS,G0WXI,G6GZH,G8IMN",772,14:10:49,0.0,0.0,33476,0,1,2668,20
"$$HABDUINO,773,14:11:04,51.877130,-1.956489,33613,6,1,2674,00*E39F","F4FWT,G3ZGZ,0x17,EDU001,M6XIM,G8KNN,SWL014,PE1ANS,G8ZBJ,G0WXI,G6GZH,G8IMN",773,14:11:04,51.87713,-1.956489,33613,6,1,2674,00
"$$HABDUINO,774,14:11:17,0.000000,0.000000,33634,0,1,2673,20*4B62","G3ZGZ,EDU001,G8ZBJ,G8KNN,PE1ANS,G0WXI,G6GZH,G8IMN",774,14:11:17,0.0,0.0,33634,0,1,2673,20
"$$HABDUINO,776,14:11:46,51.879050,-1.924676,33913,5,1,2669,00*A081","F4FWT,0x17,G8ZBJ,G8KNN,PE1ANS,G0WXI,G6GZH,G8IMN",776,14:11:46,51.87905,-1.924676,33913,5,1,2669,00
"$$HABDUINO,775,14:11:31,0.000000,0.000000,0,0,1,2664,20*D585","G3ZGZ,0x17,EDU001,F4FWT,G8KNN,SWL014,PE1ANS,G0WXI,G6GZH",775,14:11:31,0.0,0.0,0,0,1,2664,20
"$$HABDUINO,777,14:12:01,51.879249,-1.911987,34044,7,1,2677,20*4331","G8ZBJ,G8DHE,0x17,EDU001,F4FWT,G8KNN,SWL014,PE1ANS,G0WXI,G6GZH",777,14:12:01,51.879249,-1.911987,34044,7,1,2677,20
"$$HABDUINO,781,14:12:48,0.000000,0.000000,0,0,1,2662,20*8474","PE1ANS,0x17,G0WXI,G8KNN",781,14:12:48,0.0,0.0,0,0,1,2662,20
"$$HABDUINO,778,14:12:11,0.000000,0.000000,34116,0,1,2683,00*8A0B","M6XIM,G3ZGZ,G8DHE,0x17,EDU001,G8ZBJ,G8KNN,SWL014,PE1ANS,G0WXI,G6GZH",778,14:12:11,0.0,0.0,34116,0,1,2683,00
"$$HABDUINO,779,14:12:25,51.879863,-1.892364,34185,6,1,2680,00*ACF6","F4FWT,G3ZGZ,G8DHE,0x17,EDU001,G8ZBJ,G8KNN,SWL014,PE1ANS,G0WXI,G6GZH,G8IMN",779,14:12:25,51.879863,-1.892364,34185,6,1,2680,00
"$$HABDUINO,780,14:12:39,0.000000,0.000000,34257,0,1,2676,20*3CC9","G8ZBJ,G3ZGZ,0x17,EDU001,F4FWT,G8KNN,SWL014,PE1ANS,G0WXI",780,14:12:39,0.0,0.0,34257,0,1,2676,20
"$$HABDUINO,782,14:12:48,0.000000,0.000000,0,0,1,2659,31*0CFD","F4FWT,G3ZGZ,G8DHE,0x17,EDU001,G8ZBJ,G8KNN,SWL014,PE1ANS,G0WXI,G6GZH,G8IMN",782,14:12:48,0.0,0.0,0,0,1,2659,31
"$$HABDUINO,783,14:13:22,51.877314,-1.848757,32931,7,1,2662,00*DA0B","G8ZBJ,G3ZGZ,0x17,M6XIM,G8KNN,SWL014,PE1ANS,G0WXI",783,14:13:22,51.877314,-1.848757,32931,7,1,2662,00
"$$HABDUINO,784,14:13:32,51.877139,-1.834815,32182,7,1,2673,00*56D7","G3ZGZ,0x17,EDU001,F4FWT,G8KNN,PE1ANS,G0WXI",784,14:13:32,51.877139,-1.834815,32182,7,1,2673,00
"$$HABDUINO,785,14:13:46,51.876962,-1.824617,31535,6,1,2681,20*0F04","G8ZBJ,G3ZGZ,0x17,F4FWT,G8KNN,PE1ANS,G0WXI",785,14:13:46,51.876962,-1.824617,31535,6,1,2681,20
"$$HABDUINO,786,14:14:01,51.876661,-1.818189,30678,3,1,2676,00*0460","G8ZBJ,G3ZGZ,0x17,M6XIM,F4FWT,G8KNN,SWL014,PE1ANS,G0WXI,G6GZH",786,14:14:01,51.876661,-1.818189,30678,3,1,2676,00
"$$HABDUINO,787,14:14:15,51.876190,-1.810391,29606,7,1,2681,00*FF76","F4FWT,G3ZGZ,0x17,G8ZBJ,G8KNN,SWL014,PE1ANS,G0WXI,G6GZH",787,14:14:15,51.87619,-1.810391,29606,7,1,2681,00
"$$HABDUINO,788,14:14:29,0.000000,0.000000,29061,7,1,2680,20*85F8","G8ZBJ,G3ZGZ,G8DHE,0x17,EDU001,F4FWT,G8KNN,SWL014,PE1ANS,G0WXI,G8IMN",788,14:14:29,0.0,0.0,29061,7,1,2680,20
"$$HABDUINO,789,14:14:44,51.875352,-1.795104,28401,7,1,2679,00*2B2A","G3ZGZ,0x17,EDU001,G8ZBJ,G8KNN,PE1ANS,G0WXI,G8IMN",789,14:14:44,51.875352,-1.795104,28401,7,1,2679,00
"$$HABDUINO,790,14:14:59,51.875217,-1.788860,27733,6,1,2683,00*D39A","M6XIM,G3ZGZ,G8DHE,0x17,EDU001,F4FWT,G8KNN,SWL014,PE1ANS,G8ZBJ,G0WXI,G8IMN",790,14:14:59,51.875217,-1.78886,27733,6,1,2683,00
"$$HABDUINO,791,14:15:14,51.875384,-1.783083,27109,5,1,2680,20*2853","G8ZBJ,G3ZGZ,0x17,EDU001,F4FWT,G8KNN,PE1ANS,G0WXI,G8IMN",791,14:15:14,51.875384,-1.783083,27109,5,1,2680,20
"$$HABDUINO,792,14:15:24,51.874370,-1.777981,26464,5,1,2680,00*608A","F4FWT,G3ZGZ,G8DHE,0x17,EDU001,G8ZBJ,G8KNN,SWL014,PE1ANS,G0WXI,G6GZH",792,14:15:24,51.87437,-1.777981,26464,5,1,2680,00
"$$HABDUINO,793,14:15:39,51.874334,-1.774827,26086,6,1,2687,00*A3D5","F4FWT,G3ZGZ,0x17,EDU001,IanHab,M6XIM,G8KNN,SWL014,PE1ANS,G8ZBJ,G0WXI",793,14:15:39,51.874334,-1.774827,26086,6,1,2687,00
"$$HABDUINO,794,14:15:53,0.000000,0.000000,25505,0,1,2683,20*9F4C","G3ZGZ,G8DHE,0x17,EDU001,F4FWT,G8KNN,PE1ANS,G0WXI,G6GZH,G8IMN",794,14:15:53,0.0,0.0,25505,0,1,2683,20
"$$HABDUINO,795,14:16:08,51.874373,-1.764989,24793,4,1,2671,00*86F0","M6XIM,G3ZGZ,G8DHE,0x17,EDU001,F4FWT,G8KNN,SWL014,PE1ANS,G8ZBJ,G0WXI,G6GZH",795,14:16:08,51.874373,-1.764989,24793,4,1,2671,00
"$$HABDUINO,796,14:16:23,51.874469,-1.760932,24396,6,1,2678,00*9126","G3ZGZ,EDU001,G8ZBJ,G8KNN,SWL014,PE1ANS,G0WXI,G6GZH,G8IMN",796,14:16:23,51.874469,-1.760932,24396,6,1,2678,00
"$$HABDUINO,797,14:16:37,0.000000,0.000000,23912,0,1,2679,20*0F8B","G3ZGZ,G8DHE,EDU001,G8ZBJ,G8KNN,SWL014,PE1ANS,G0WXI,G6GZH",797,14:16:37,0.0,0.0,23912,0,1,2679,20
"$$HABDUINO,798,14:16:47,51.873277,-1.754863,23465,7,1,2679,00*49B0","G8ZBJ,G3ZGZ,EDU001,F4FWT,G8KNN,SWL014,PE1ANS,G0WXI,G6GZH",798,14:16:47,51.873277,-1.754863,23465,7,1,2679,00
"$$HABDUINO,799,14:17:01,51.872205,-1.752202,23164,6,1,2679,00*6CE0","G3ZGZ,0x17,EDU001,G8ZBJ,G8KNN,SWL014,PE1ANS,G0WXI,G6GZH",799,14:17:01,51.872205,-1.752202,23164,6,1,2679,00
"$$HABDUINO,800,14:17:15,0.000000,0.000000,22672,0,1,2669,20*ADFD","G8ZBJ,G3ZGZ,0x17,EDU001,M6XIM,G8KNN,SWL014,PE1ANS,G0WXI,G6GZH",800,14:17:15,0.0,0.0,22672,0,1,2669,20
"$$HABDUINO,802,14:17:44,51.869127,-1.745534,21914,3,1,2671,00*8992","G3ZGZ,0x17,EDU001,G8ZBJ,G8KNN,SWL014,PE1ANS,G0WXI,G6GZH",802,14:17:44,51.869127,-1.745534,21914,3,1,2671,00
"$$HABDUINO,801,14:17:29,51.870069,-1.747309,21914,6,1,2663,20*EE7D","F4FWT,G3ZGZ,0x17,EDU001,G8ZBJ,m6dnu,G8KNN,PE1ANS,G0WXI,G6GZH",801,14:17:29,51.870069,-1.747309,21914,6,1,2663,20
"$$HABDUINO,804,14:18:13,51.868419,-1.740288,20905,5,0,2672,00*AAA2","G8ZBJ,G3ZGZ,EDU001,G4AIU,M6XIM,m6dnu,G8KNN,SWL014,PE1ANS,G0WXI,G6GZH",804,14:18:13,51.868419,-1.740288,20905,5,0,2672,00
"$$HABDUINO,803,14:17:58,0.000000,0.000000,21263,4,0,2680,20*EA25","M6XIM,G3ZGZ,0x17,EDU001,F4FWT,m6dnu,G8KNN,SWL014,PE1ANS,G8ZBJ,G0WXI,G6GZH",803,14:17:58,0.0,0.0,21263,4,0,2680,20
"$$HABDUINO,805,14:18:27,51.866393,-1.741490,20712,4,0,2665,20*11AC","G8ZBJ,G3ZGZ,0x17,EDU001,G6GZH,M6XIM,m6dnu,G8KNN,SWL014,PE1ANS,G0WXI,G4AIU",805,14:18:27,51.866393,-1.74149,20712,4,0,2665,20
"$$HABDUINO,806,14:18:42,51.866939,-1.736329,20399,5,0,2672,00*CBF0","G8ZBJ,G3ZGZ,0x17,EDU001,G6GZH,M6XIM,m6dnu,G8KNN,SWL014,PE1ANS,G0WXI,G4AIU",806,14:18:42,51.866939,-1.736329,20399,5,0,2672,00
"$$HABDUINO,808,14:19:10,51.866247,-1.733551,19270,6,0,2673,20*CA6B","G8ZBJ,G3ZGZ,0x17,M6XIM,G6GZH,F4FWT,G8KNN,SWL014,PE1ANS,G0WXI,G4AIU",808,14:19:10,51.866247,-1.733551,19270,6,0,2673,20
"$$HABDUINO,807,14:18:57,51.866259,-1.735124,20028,5,0,2684,00*7F16","G3ZGZ,0x17,IanHab,G8ZBJ,G8KNN,PE1ANS,G0WXI,G4AIU",807,14:18:57,51.866259,-1.735124,20028,5,0,2684,00
"$$HABDUINO,809,14:19:21,0.000000,0.000000,19218,0,0,2668,00*AEA5","F4FWT,G3ZGZ,0x17,EDU001,G4AIU,M6XIM,G8KNN,PE1ANS,G8ZBJ,G0WXI,G6GZH",809,14:19:21,0.0,0.0,19218,0,0,2668,00
"$$HABDUINO,810,14:19:35,51.863920,-1.732145,18943,7,0,2670,00*06AA","G3ZGZ,0x17,EDU001,G8ZBJ,G8KNN,PE1ANS,G0WXI,G4AIU",810,14:19:35,51.86392,-1.732145,18943,7,0,2670,00
"$$HABDUINO,811,14:19:49,0.000000,0.000000,18860,0,0,2669,20*74BF","G8ZBJ,G3ZGZ,EDU001,G6GZH,F4FWT,G8KNN,SWL014,PE1ANS,G0WXI,G4AIU",811,14:19:49,0.0,0.0,18860,0,0,2669,20
"$$HABDUINO,812,14:20:03,0.000000,0.000000,18429,0,0,2665,00*01CB","M6XIM,G3ZGZ,0x17,EDU001,G6GZH,F4FWT,G8KNN,SWL014,PE1ANS,G8ZBJ,G0WXI,G4AIU",812,14:20:03,0.0,0.0,18429,0,0,2665,00
"$$HABDUINO,813,14:20:17,51.862065,-1.726072,18255,7,0,2664,00*64F8","M6XIM,G3ZGZ,0x17,EDU001,F4FWT,G8KNN,PE1ANS,G8ZBJ,G0WXI,G4AIU",813,14:20:17,51.862065,-1.726072,18255,7,0,2664,00
"$$HABDUINO,814,14:20:32,51.861954,-1.724726,18069,4,0,2663,00*8094","M6XIM,G3ZGZ,0x17,EDU001,F4FWT,G8KNN,PE1ANS,G8ZBJ,G0WXI,G4AIU,G8IMN",814,14:20:32,51.861954,-1.724726,18069,4,0,2663,00
"$$HABDUINO,815,14:20:47,51.861493,-1.723960,17783,7,0,2673,00*C46D","G8ZBJ,G3ZGZ,0x17,EDU001,G4AIU,F4FWT,m6dnu,G8KNN,SWL014,PE1ANS,G0WXI,G6GZH,G8IMN",815,14:20:47,51.861493,-1.72396,17783,7,0,2673,00
"$$HABDUINO,816,14:21:00,0.000000,0.000000,0,0,0,2668,20*A834","G8ZBJ,G3ZGZ,0x17,EDU001,G4AIU,F4FWT,m6dnu,G8KNN,PE1ANS,G0WXI,G6GZH",816,14:21:00,0.0,0.0,0,0,0,2668,20
"$$HABDUINO,817,14:21:14,0.000000,0.000000,17268,0,0,2660,00*66EA","M6XIM,G3ZGZ,0x17,EDU001,IanHab,F4FWT,G8KNN,PE1ANS,G8ZBJ,G0WXI,G6GZH,G4AIU",817,14:21:14,0.0,0.0,17268,0,0,2660,00
"$$HABDUINO,818,14:21:24,51.859987,-1.719715,17015,7,0,2668,00*BD4C","F4FWT,G3ZGZ,0x17,EDU001,G4AIU,G8ZBJ,m6dnu,G8KNN,PE1ANS,G0WXI,G6GZH,G8IMN",818,14:21:24,51.859987,-1.719715,17015,7,0,2668,00
"$$HABDUINO,819,14:21:38,51.859649,-1.718616,16846,7,0,2667,20*8A47","F4FWT,G3ZGZ,0x17,EDU001,IanHab,M6XIM,m6dnu,G8KNN,PE1ANS,G8ZBJ,G0WXI,G4AIU",819,14:21:38,51.859649,-1.718616,16846,7,0,2667,20
"$$HABDUINO,820,14:21:53,0.000000,0.000000,16602,0,0,2665,00*00F5","M6XIM,G3ZGZ,0x17,EDU001,G4AIU,F4FWT,m6dnu,G8KNN,PE1ANS,G8ZBJ,G0WXI,G6GZH",820,14:21:53,0.0,0.0,16602,0,0,2665,00
"$$HABDUINO,821,14:22:07,51.859043,-1.716491,16288,7,0,2669,00*E656","F4FWT,G3ZGZ,0x17,EDU001,G4AIU,M6XIM,G8KNN,SWL014,PE1ANS,G8ZBJ,G0WXI,G6GZH,G8IMN",821,14:22:07,51.859043,-1.716491,16288,7,0,2669,00
"$$HABDUINO,822,14:22:22,51.858827,-1.715737,16120,4,0,2669,00*72AC","F4FWT,G3ZGZ,0x17,EDU001,IanHab,M6XIM,G4AIU,G8KNN,SWL014,PE1ANS,G8ZBJ,G0WXI,G6GZH,G8IMN",822,14:22:22,51.858827,-1.715737,16120,4,0,2669,00
"$$HABDUINO,823,14:22:37,51.858141,-1.715580,15857,7,0,2667,00*22BE","F4FWT,G3ZGZ,0x17,EDU001,IanHab,M6XIM,G6GZH,G8KNN,SWL014,PE1ANS,G8ZBJ,G0WXI,G4AIU,G8IMN",823,14:22:37,51.858141,-1.71558,15857,7,0,2667,00
"$$HABDUINO,824,14:22:51,51.857561,-1.715098,15571,7,-1,2668,00*4ED1","F4FWT,G3ZGZ,0x17,EDU001,IanHab,M6XIM,m6dnu,G8IMN,G8KNN,PE1ANS,G8ZBJ,G0WXI,G6GZH,G4AIU",824,14:22:51,51.857561,-1.715098,15571,7,-1,2668,00
"$$HABDUINO,825,14:23:06,51.857401,-1.715744,15415,7,-1,2670,20*CB8D","M6XIM,G3ZGZ,0x17,EDU001,IanHab,F4FWT,m6dnu,G6GZH,G8KNN,PE1ANS,G8ZBJ,G0WXI,G4AIU,G8IMN",825,14:23:06,51.857401,-1.715744,15415,7,-1,2670,20
"$$HABDUINO,826,14:23:20,0.000000,0.000000,15183,0,-1,2664,00*D24C","F4FWT,G3ZGZ,EDU001,IanHab,M6XIM,m6dnu,G8IMN,G8KNN,SWL014,PE1ANS,G8ZBJ,G0WXI,G6GZH,G4AIU",826,14:23:20,0.0,0.0,15183,0,-1,2664,00
"$$HABDUINO,827,14:23:30,51.856352,-1.714622,14899,6,-1,2661,00*C1FD","F4FWT,G3ZGZ,0x17,EDU001,IanHab,M6XIM,m6dnu,G6GZH,G8KNN,SWL014,PE1ANS,G8ZBJ,G0WXI,G4AIU,G8IMN",827,14:23:30,51.856352,-1.714622,14899,6,-1,2661,00
"$$HABDUINO,828,14:23:49,0.000000,0.000000,14815,3,-1,2657,20*0BA2","F4FWT,G3ZGZ,0x17,EDU001,IanHab,M6XIM,m6dnu,G6GZH,G8KNN,SWL014,PE1ANS,G8ZBJ,G0WXI,G4AIU,G8IMN",828,14:23:49,0.0,0.0,14815,3,-1,2657,20
"$$HABDUINO,829,14:23:59,0.000000,0.000000,14565,0,-1,2656,00*B447","F4FWT,G3ZGZ,0x17,EDU001,M6XIM,IanHab,G8ZBJ,m6dnu,G4AIU,G8KNN,SWL014,PE1ANS,G0WXI,G6GZH,G8IMN",829,14:23:59,0.0,0.0,14565,0,-1,2656,00
"$$HABDUINO,830,14:24:13,0.000000,0.000000,0,6,-1,2653,20*B805","F4FWT,G3ZGZ,G8DHE,0x17,EDU001,IanHab,M6XIM,m6dnu,G4AIU,G8KNN,PE1ANS,G8ZBJ,G0WXI,G6GZH,G8IMN",830,14:24:13,0.0,0.0,0,6,-1,2653,20
"$$HABDUINO,831,14:24:28,51.855145,-1.714782,14226,6,-2,2655,00*4F58","M6XIM,G3ZGZ,0x17,EDU001,IanHab,F4FWT,m6dnu,G8IMN,G8KNN,SWL014,PE1ANS,G8ZBJ,G0WXI,G6GZH,G4AIU",831,14:24:28,51.855145,-1.714782,14226,6,-2,2655,00
"$$HABDUINO,832,14:24:43,51.854204,-1.715327,13890,7,-2,2658,00*E82B","F4FWT,G3ZGZ,0x17,EDU001,IanHab,M6XIM,m6dnu,G4AIU,G8KNN,PE1ANS,G8ZBJ,G0WXI,G6GZH,G8IMN",832,14:24:43,51.854204,-1.715327,13890,7,-2,2658,00
"$$HABDUINO,833,14:24:57,0.000000,0.000000,13786,0,-2,2656,20*EA1D","F4FWT,G3ZGZ,G8DHE,0x17,EDU001,IanHab,M6XIM,m6dnu,G6GZH,G8KNN,PE1ANS,G8ZBJ,G0WXI,G4AIU,G8IMN",833,14:24:57,0.0,0.0,13786,0,-2,2656,20
"$$HABDUINO,834,14:25:12,51.853151,-1.715908,13609,7,-2,2648,00*00AF","M6XIM,G3ZGZ,0x17,EDU001,IanHab,F4FWT,m6dnu,G4AIU,G8KNN,PE1ANS,G8ZBJ,G0WXI,G6GZH,G8IMN",834,14:25:12,51.853151,-1.715908,13609,7,-2,2648,00
"$$HABDUINO,835,14:25:26,51.852563,-1.716438,13200,6,-2,2648,20*A66B","M6XIM,G3ZGZ,G8DHE,0x17,EDU001,IanHab,F4FWT,m6dnu,G6GZH,G8KNN,PE1ANS,G8ZBJ,G0WXI,G4AIU,G8IMN",835,14:25:26,51.852563,-1.716438,13200,6,-2,2648,20
"$$HABDUINO,836,14:25:36,51.852512,-1.717048,13169,8,-2,2650,00*6625","F4FWT,G3ZGZ,0x17,EDU001,IanHab,M6XIM,m6dnu,G8IMN,G8KNN,PE1ANS,G8ZBJ,G0WXI,G6GZH,G4AIU",836,14:25:36,51.852512,-1.717048,13169,8,-2,2650,00
"$$HABDUINO,837,14:25:51,51.852412,-1.718535,13066,7,-2,2660,00*E996","F4FWT,G3ZGZ,0x17,EDU001,IanHab,M6XIM,m6dnu,G4AIU,G8KNN,PE1ANS,G8ZBJ,G0WXI,G6GZH,G8IMN",837,14:25:51,51.852412,-1.718535,13066,7,-2,2660,00
"$$HABDUINO,838,14:26:05,51.851693,-1.717711,12853,6,-3,2657,00*A4AC","F4FWT,G3ZGZ,G8DHE,0x17,EDU001,IanHab,M6XIM,m6dnu,G8IMN,G8KNN,PE1ANS,G8ZBJ,G0WXI,G6GZH,G4AIU",838,14:26:05,51.851693,-1.717711,12853,6,-3,2657,00
"$$HABDUINO,839,14:26:20,0.000000,0.000000,12709,7,-3,2652,20*E449","F4FWT,G3ZGZ,0x17,EDU001,G8DXZ,IanHab,M6XIM,G8IMN,G8KNN,PE1ANS,G8ZBJ,G0WXI,G6GZH,G4AIU",839,14:26:20,0.0,0.0,12709,7,-3,2652,20
"$$HABDUINO,840,14:26:35,51.851324,-1.718220,12511,7,-3,2652,00*50D7","F4FWT,G3ZGZ,G8DHE,EDU001,G8DXZ,IanHab,M6XIM,G6GZH,G8KNN,PE1ANS,G8ZBJ,G0WXI,G4AIU,G8IMN",840,14:26:35,51.851324,-1.71822,12511,7,-3,2652,00
"$$HABDUINO,841,14:26:50,51.851246,-1.718725,12365,8,-3,2656,00*C157","M6XIM,G3ZGZ,0x17,EDU001,G8DXZ,IanHab,F4FWT,m6dnu,G6GZH,G8KNN,PE1ANS,G8ZBJ,G0WXI,G4AIU,G8IMN",841,14:26:50,51.851246,-1.718725,12365,8,-3,2656,00
"$$HABDUINO,842,14:27:05,51.852065,-1.719918,12164,7,-3,2651,20*28BE","F4FWT,G3ZGZ,G8DHE,0x17,EDU001,G8DXZ,IanHab,G8ZBJ,G8IMN,G8KNN,PE1ANS,M6XIM,G0WXI,G6GZH,G4AIU",842,14:27:05,51.852065,-1.719918,12164,7,-3,2651,20
"$$HABDUINO,843,14:27:20,51.852307,-1.720868,12018,7,-3,2646,00*6603","G8ZBJ,G3ZGZ,0x17,EDU001,G8DXZ,IanHab,F4FWT,G8KNN,PE1ANS,M6XIM,G0WXI,G4AIU,G8IMN",843,14:27:20,51.852307,-1.720868,12018,7,-3,2646,00
"$$HABDUINO,844,14:27:34,51.852764,-1.722345,11776,6,-4,2645,00*ADC8","F4FWT,G3ZGZ,G8DHE,0x17,EDU001,G8DXZ,IanHab,G8ZBJ,G8KNN,PE1ANS,M6XIM,G0WXI,G4AIU,G8IMN",844,14:27:34,51.852764,-1.722345,11776,6,-4,2645,00
"$$HABDUINO,845,14:27:43,51.853184,-1.724186,11657,5,-4,2640,20*EEF6","F4FWT,G3ZGZ,0x17,EDU001,G8DXZ,IanHab,G8ZBJ,G8KNN,PE1ANS,M6XIM,G0WXI,G4AIU,G8IMN",845,14:27:43,51.853184,-1.724186,11657,5,-4,2640,20
"$$HABDUINO,846,14:27:59,51.853818,-1.725925,11538,8,-4,2644,00*2477","F4FWT,G3ZGZ,0x17,EDU001,G8DXZ,IanHab,M6XIM,PE1ANS,G8ZBJ,G0WXI,G4AIU,G8IMN",846,14:27:59,51.853818,-1.725925,11538,8,-4,2644,00
"$$HABDUINO,847,14:28:13,51.854330,-1.729284,11351,8,-4,2643,00*C59D","M6XIM,G3ZGZ,0x17,EDU001,G8DXZ,IanHab,F4FWT,G6GZH,PE1ANS,G8ZBJ,G0WXI,G4AIU,G8IMN",847,14:28:13,51.85433,-1.729284,11351,8,-4,2643,00
"$$HABDUINO,848,14:28:27,51.855019,-1.732715,11204,7,-4,2641,20*E2FF","M6XIM,G3ZGZ,0x17,EDU001,G8DXZ,IanHab,F4FWT,G6GZH,PE1ANS,G8ZBJ,G0WXI,G4AIU,G8IMN",848,14:28:27,51.855019,-1.732715,11204,7,-4,2641,20
"$$HABDUINO,849,14:28:42,51.855122,-1.734837,11047,0,-5,2641,00*1362","F4FWT,G3ZGZ,0x17,EDU001,G8DXZ,IanHab,M6XIM,G6GZH,G8KNN,PE1ANS,G8ZBJ,G0WXI,G4AIU,G8IMN",849,14:28:42,51.855122,-1.734837,11047,0,-5,2641,00
"$$HABDUINO,850,14:28:57,51.854980,-1.737147,10773,6,-5,2636,00*5DB1","G8ZBJ,G3ZGZ,0x17,EDU001,G8DXZ,IanHab,F4FWT,G4AIU,PE1ANS,M6XIM,G0WXI,G6GZH,G8IMN",850,14:28:57,51.85498,-1.737147,10773,6,-5,2636,00
"$$HABDUINO,851,14:29:12,51.855857,-1.740395,10679,5,-5,2636,00*B2E8","F4FWT,G3ZGZ,0x17,EDU001,G8DXZ,IanHab,M6XIM,G6GZH,G8KNN,PE1ANS,G8ZBJ,G0WXI,G4AIU,G8IMN",851,14:29:12,51.855857,-1.740395,10679,5,-5,2636,00
"$$HABDUINO,852,14:29:27,51.856493,-1.743992,10530,6,-5,2638,00*2A4C","F4FWT,G3ZGZ,0x17,EDU001,G8DXZ,G4AIU,G8ZBJ,G8KNN,PE1ANS,G0WXI,G6GZH,G8IMN",852,14:29:27,51.856493,-1.743992,10530,6,-5,2638,00
"$$HABDUINO,853,14:29:42,51.857333,-1.747268,10325,6,-5,2635,00*D226","F4FWT,G3ZGZ,0x17,EDU001,G8DXZ,G6GZH,G8ZBJ,G8KNN,PE1ANS,M6XIM,G0WXI,G4AIU,G8IMN",853,14:29:42,51.857333,-1.747268,10325,6,-5,2635,00
"$$HABDUINO,854,14:29:52,51.858248,-1.750746,10236,5,-6,2630,20*537A","F4FWT,G3ZGZ,0x17,EDU001,G8DXZ,G6GZH,M6XIM,PE1ANS,G8ZBJ,G0WXI,G4AIU,G8IMN",854,14:29:52,51.858248,-1.750746,10236,5,-6,2630,20
"$$HABDUINO,855,14:30:07,51.859378,-1.754470,10131,8,-6,2629,00*BD0C","F4FWT,G3ZGZ,0x17,EDU001,G8DXZ,G4AIU,M6XIM,G8KNN,PE1ANS,G8ZBJ,G0WXI,G6GZH,G8IMN",855,14:30:07,51.859378,-1.75447,10131,8,-6,2629,00
"$$HABDUINO,856,14:30:22,51.860201,-1.757247,9953,7,-6,2620,00*AFA2","M6XIM,G3ZGZ,0x17,EDU001,G8DXZ,G4AIU,F4FWT,G8KNN,PE1ANS,G8ZBJ,G0WXI,G6GZH,G8IMN",856,14:30:22,51.860201,-1.757247,9953,7,-6,2620,00
"$$HABDUINO,857,14:30:37,51.861925,-1.762619,9820,5,-6,2614,00*F657","F4FWT,G3ZGZ,0x17,G8DXZ,G6GZH,G8ZBJ,G8KNN,PE1ANS,G0WXI,G4AIU,G8IMN",857,14:30:37,51.861925,-1.762619,9820,5,-6,2614,00
"$$HABDUINO,858,14:30:52,51.863631,-1.768256,9695,7,-7,2622,00*5480","G8ZBJ,G3ZGZ,0x17,EDU001,G8DXZ,G6GZH,F4FWT,G8KNN,PE1ANS,M6XIM,G0WXI,G4AIU,G8IMN",858,14:30:52,51.863631,-1.768256,9695,7,-7,2622,00
"$$HABDUINO,859,14:31:07,51.864870,-1.773944,9612,7,-7,2623,00*5B01","M6XIM,G3ZGZ,0x17,EDU001,G8DXZ,G4AIU,F4FWT,G8KNN,G8ZBJ,G0WXI,G6GZH,G8IMN",859,14:31:07,51.86487,-1.773944,9612,7,-7,2623,00
"$$HABDUINO,860,14:31:17,0.000000,0.000000,9374,0,-7,2619,00*E354","G8ZBJ,G3ZGZ,EDU001,G8DXZ,G4AIU,F4FWT,G8KNN,PE1ANS,G0WXI,G6GZH,G8IMN",860,14:31:17,0.0,0.0,9374,0,-7,2619,00
"$$HABDUINO,861,14:31:31,51.867081,-1.786664,9259,7,-7,2612,00*B3FB","F4FWT,G3ZGZ,0x17,EDU001,G8DXZ,G4AIU,G8ZBJ,G8KNN,G0WXI,G6GZH,G8IMN",861,14:31:31,51.867081,-1.786664,9259,7,-7,2612,00
"$$HABDUINO,862,14:31:46,51.868232,-1.790595,9158,7,-8,2615,00*289A","G8ZBJ,G3ZGZ,0x17,EDU001,G8DXZ,G4AIU,F4FWT,G8KNN,G0WXI,G6GZH,G8IMN",862,14:31:46,51.868232,-1.790595,9158,7,-8,2615,00
"$$HABDUINO,863,14:32:01,51.869588,-1.797183,8978,6,-8,2617,00*7111","G8ZBJ,G3ZGZ,0x17,EDU001,G8DXZ,G6GZH,F4FWT,G8KNN,G0WXI,G4AIU,G8IMN",863,14:32:01,51.869588,-1.797183,8978,6,-8,2617,00
"$$HABDUINO,864,14:32:15,51.870186,-1.802537,8828,6,-8,2618,00*7DE2","G8ZBJ,G3ZGZ,0x17,EDU001,G8DXZ,G6GZH,F4FWT,G8KNN,G0WXI,G4AIU,G8IMN",864,14:32:15,51.870186,-1.802537,8828,6,-8,2618,00
"$$HABDUINO,865,14:32:30,51.870550,-1.807860,8791,4,-8,2618,20*BA39","M6XIM,G3ZGZ,0x17,EDU001,G8DXZ,G6GZH,F4FWT,G8KNN,G8ZBJ,G0WXI,G4AIU,G8IMN",865,14:32:30,51.87055,-1.80786,8791,4,-8,2618,20
"$$HABDUINO,866,14:32:45,51.871209,-1.813012,8616,8,-9,2613,00*3AD0","G8ZBJ,G3ZGZ,0x17,EDU001,G4AIU,F4FWT,G8KNN,G0WXI,G6GZH,G8IMN",866,14:32:45,51.871209,-1.813012,8616,8,-9,2613,00
"$$HABDUINO,867,14:32:55,51.871786,-1.817676,8474,5,-9,2614,00*4FE3","M6XIM,G3ZGZ,0x17,EDU001,G4AIU,F4FWT,G8KNN,G8ZBJ,G0WXI,G6GZH,G8IMN",867,14:32:55,51.871786,-1.817676,8474,5,-9,2614,00
"$$HABDUINO,868,14:33:10,51.871651,-1.820046,8347,6,-9,2606,00*4DA1","F4FWT,G3ZGZ,EDU001,G8DXZ,G4AIU,G8ZBJ,G8KNN,M6XIM,G0WXI,G6GZH,G8IMN",868,14:33:10,51.871651,-1.820046,8347,6,-9,2606,00
"$$HABDUINO,869,14:33:25,51.872665,-1.824522,8215,0,-9,2603,00*07F5","F4FWT,0x17,EDU001,G8DXZ,G6GZH,G8ZBJ,G8KNN,M6XIM,G0WXI,G4AIU,G8IMN",869,14:33:25,51.872665,-1.824522,8215,0,-9,2603,00
"$$HABDUINO,870,14:33:39,51.873047,-1.828274,8047,6,-10,2602,00*AFA1","F4FWT,G3ZGZ,0x17,EDU001,G8DXZ,G6GZH,G8ZBJ,G8KNN,G0WXI,G4AIU,G8IMN",870,14:33:39,51.873047,-1.828274,8047,6,-10,2602,00
"$$HABDUINO,871,14:33:54,51.873449,-1.833080,7944,5,-10,2600,00*C6FA","F4FWT,G3ZGZ,0x17,EDU001,G8DXZ,G6GZH,G8ZBJ,G8KNN,M6XIM,G0WXI,G4AIU,G8IMN",871,14:33:54,51.873449,-1.83308,7944,5,-10,2600,00
"$$HABDUINO,872,14:34:09,51.873562,-1.836449,7865,7,-10,2601,00*6C3B","G8ZBJ,G3ZGZ,0x17,EDU001,G8DXZ,G4AIU,F4FWT,G8KNN,G0WXI,G6GZH,G8IMN",872,14:34:09,51.873562,-1.836449,7865,7,-10,2601,00
"$$HABDUINO,873,14:34:23,51.874347,-1.839629,7671,7,-10,2596,20*BC36","F4FWT,G3ZGZ,0x17,EDU001,G8DXZ,G4AIU,M6XIM,G8KNN,G8ZBJ,G0WXI,G6GZH,G8IMN",873,14:34:23,51.874347,-1.839629,7671,7,-10,2596,20
"$$HABDUINO,874,14:34:37,0.000000,0.000000,7557,0,-11,2591,00*4A7A","G8ZBJ,G3ZGZ,0x17,EDU001,G8DXZ,F4FWT,G8KNN,M6XIM,G0WXI,G6GZH,G8IMN",874,14:34:37,0.0,0.0,7557,0,-11,2591,00
"$$HABDUINO,875,14:34:52,51.875372,-1.845869,7429,7,-11,2592,00*E09E","G8ZBJ,EDU001,G8DXZ,G4AIU,F4FWT,G8KNN,G0WXI,G6GZH,G8IMN",875,14:34:52,51.875372,-1.845869,7429,7,-11,2592,00
"$$HABDUINO,876,14:35:02,51.875417,-1.849315,7320,8,-11,2596,00*6702","G8ZBJ,G3ZGZ,0x17,EDU001,G8DXZ,M6XIM,G8KNN,G0WXI,G4AIU,G8IMN",876,14:35:02,51.875417,-1.849315,7320,8,-11,2596,00
"$$HABDUINO,877,14:35:16,0.000000,0.000000,7232,6,-12,2590,20*28F0","G3ZGZ,0x17,EDU001,G8DXZ,G8ZBJ,G8KNN,G0WXI,G4AIU,G8IMN",877,14:35:16,0.0,0.0,7232,6,-12,2590,20
"$$HABDUINO,878,14:35:32,51.875338,-1.854860,7118,6,-12,2588,00*DC20","G3ZGZ,0x17,EDU001,G8DXZ,M6XIM,G8KNN,G0WXI,G4AIU,G8IMN",878,14:35:32,51.875338,-1.85486,7118,6,-12,2588,00
"$$HABDUINO,879,14:35:47,51.875823,-1.857970,7001,6,-12,2592,00*272E","0x17,EDU001,G8DXZ,F4FWT,G8KNN,G0WXI,G4AIU,G8IMN",879,14:35:47,51.875823,-1.85797,7001,6,-12,2592,00
"$$HABDUINO,880,14:36:02,51.874162,-1.862748,6750,4,-12,2593,00*4B13","G8ZBJ,0x17,EDU001,G8DXZ,F4FWT,G8KNN,G0WXI,G4AIU,G8IMN",880,14:36:02,51.874162,-1.862748,6750,4,-12,2593,00
"$$HABDUINO,882,14:36:31,51.873630,-1.867802,6598,7,-13,2585,00*7133","G3ZGZ,EDU001,G8DXZ,G6GZH,G8ZBJ,G8KNN,G0WXI,G4AIU",882,14:36:31,51.87363,-1.867802,6598,7,-13,2585,00
"$$HABDUINO,881,14:36:16,51.873991,-1.864965,6623,6,-13,2585,00*F107","G3ZGZ,0x17,EDU001,G8DXZ,G8ZBJ,G8KNN,G0WXI,G4AIU,G8IMN",881,14:36:16,51.873991,-1.864965,6623,6,-13,2585,00
"$$HABDUINO,883,14:36:41,51.872979,-1.870156,6512,5,-13,2585,00*CCFE","G3ZGZ,0x17,EDU001,G8DXZ,G6GZH,G8ZBJ,G8KNN,G0WXI,G4AIU,G8IMN",883,14:36:41,51.872979,-1.870156,6512,5,-13,2585,00
"$$HABDUINO,884,14:36:56,51.872008,-1.871687,6482,7,-13,2586,00*7B1B","G3ZGZ,0x17,EDU001,G8DXZ,G4AIU,G8ZBJ,G8KNN,G0WXI,G6GZH,G8IMN",884,14:36:56,51.872008,-1.871687,6482,7,-13,2586,00
"$$HABDUINO,886,14:37:26,51.870693,-1.875156,6232,3,-14,2576,00*D67C","G3ZGZ,0x17,EDU001,G8DXZ,G8ZBJ,G8KNN,G0WXI,G6GZH,G8IMN",886,14:37:26,51.870693,-1.875156,6232,3,-14,2576,00
"$$HABDUINO,885,14:37:11,51.871200,-1.873774,6336,7,-13,2580,00*B298","G3ZGZ,0x17,EDU001,G8DXZ,G8ZBJ,G8KNN,G0WXI,G6GZH,G8IMN",885,14:37:11,51.8712,-1.873774,6336,7,-13,2580,00
"$$HABDUINO,888,14:37:54,0.000000,0.000000,6014,6,-14,2574,20*CFB8","0x17,EDU001,G8DXZ,G4AIU,G8ZBJ,G8KNN,G0WXI,G6GZH,G8IMN",888,14:37:54,0.0,0.0,6014,6,-14,2574,20
"$$HABDUINO,889,14:38:09,51.869582,-1.879108,5935,7,-14,2567,00*A988","0x17,EDU001,G8DXZ,G4AIU,G8ZBJ,G8KNN,G0WXI,G6GZH,G8IMN",889,14:38:09,51.869582,-1.879108,5935,7,-14,2567,00
"$$HABDUINO,887,14:37:40,51.870396,-1.876588,6082,7,-14,2578,00*8532","0x17,EDU001,G8DXZ,G8ZBJ,G8KNN,G0WXI,G4AIU,G8IMN",887,14:37:40,51.870396,-1.876588,6082,7,-14,2578,00
"$$HABDUINO,890,14:38:23,51.869497,-1.880479,5723,5,-14,2558,00*631F","G8DHE,0x17,EDU001,G8DXZ,G8ZBJ,G8KNN,G0WXI,G6GZH,G8IMN",890,14:38:23,51.869497,-1.880479,5723,5,-14,2558,00
"$$HABDUINO,891,14:38:37,0.000000,0.000000,5683,0,-14,2553,20*B9B6","0x17,EDU001,G8DXZ,G6GZH,G8ZBJ,G8KNN,G0WXI,G4AIU,G8IMN",891,14:38:37,0.0,0.0,5683,0,-14,2553,20
"$$HABDUINO,892,14:38:52,51.868993,-1.883580,5580,6,-15,2558,00*A98E","0x17,G8DXZ,G6GZH,G8ZBJ,G8KNN,G0WXI,G4AIU,G8IMN",892,14:38:52,51.868993,-1.88358,5580,6,-15,2558,00
"$$HABDUINO,893,14:39:07,51.868861,-1.885401,5378,7,-15,2566,00*6DE3","0x17,EDU001,G8DXZ,G8ZBJ,G8KNN,G0WXI,G6GZH,G8IMN",893,14:39:07,51.868861,-1.885401,5378,7,-15,2566,00
"$$HABDUINO,894,14:39:16,51.868308,-1.887296,5342,6,-15,2565,20*7340","0x17,EDU001,G8DXZ,G4AIU,G8ZBJ,G8KNN,G0WXI,G6GZH,G8IMN",894,14:39:16,51.868308,-1.887296,5342,6,-15,2565,20
"$$HABDUINO,895,14:39:32,51.867557,-1.888545,5296,5,-15,2567,00*4B9A","0x17,EDU001,G8DXZ,G4AIU,G8ZBJ,G8KNN,G0WXI,G6GZH,G8IMN",895,14:39:32,51.867557,-1.888545,5296,5,-15,2567,00
"$$HABDUINO,896,14:39:46,51.864878,-1.889451,5522,6,-15,2561,20*A2DA","0x17,EDU001,G8DXZ,G4AIU,G8ZBJ,G8KNN,G0WXI,G6GZH,G8IMN",896,14:39:46,51.864878,-1.889451,5522,6,-15,2561,20
"$$HABDUINO,897,14:40:00,0.000000,0.000000,5460,0,-15,2547,20*BE47","EDU001,G8DXZ,G6GZH,G8ZBJ,G8KNN,G0WXI,G4AIU,G8IMN",897,14:40:00,0.0,0.0,5460,0,-15,2547,20
"$$HABDUINO,898,14:40:14,51.865500,-1.894784,4908,6,-15,2542,00*01D5","0x17,EDU001,G8DXZ,G4AIU,G8ZBJ,G8KNN,G0WXI,G6GZH,G8IMN",898,14:40:14,51.8655,-1.894784,4908,6,-15,2542,00
"$$HABDUINO,899,14:40:29,51.864991,-1.896169,4871,8,-15,2544,00*0900","0x17,EDU001,G8DXZ,G6GZH,G8ZBJ,G0WXI,G4AIU,G8IMN",899,14:40:29,51.864991,-1.896169,4871,8,-15,2544,00
"$$HABDUINO,900,14:40:44,51.864465,-1.897132,4770,6,-15,2548,00*E48D","0x17,EDU001,G8DXZ,G4AIU,G8ZBJ,G8KNN,G0WXI,G6GZH,G8IMN",900,14:40:44,51.864465,-1.897132,4770,6,-15,2548,00
"$$HABDUINO,901,14:40:59,51.863520,-1.899994,4699,6,-15,2556,00*FCD1","0x17,EDU001,G8DXZ,IanHab,G8ZBJ,G8KNN,G0WXI,G6GZH,G8IMN",901,14:40:59,51.86352,-1.899994,4699,6,-15,2556,00
"$$HABDUINO,902,14:41:14,51.862606,-1.902202,4529,7,-15,2557,00*66D3","0x17,EDU001,G8DXZ,G4AIU,G8ZBJ,G8KNN,G0WXI,G6GZH,G8IMN",902,14:41:14,51.862606,-1.902202,4529,7,-15,2557,00
"$$HABDUINO,904,14:41:39,51.860859,-1.906032,4286,8,-15,2560,00*2D16","EDU001,G8DXZ,IanHab,G8ZBJ,G8IMN,G8KNN,G0WXI,G6GZH,G4AIU",904,14:41:39,51.860859,-1.906032,4286,8,-15,2560,00
"$$HABDUINO,903,14:41:29,51.861792,-1.904332,4444,6,-15,2559,00*4F2F","0x17,EDU001,G4AIU,G8ZBJ,G0WXI,G6GZH,G8IMN",903,14:41:29,51.861792,-1.904332,4444,6,-15,2559,00
"$$HABDUINO,906,14:42:08,51.859229,-1.908499,4140,6,-15,2543,00*51B2","0x17,EDU001,G8DXZ,G4AIU,G8ZBJ,G8KNN,G0WXI,G6GZH,G8IMN",906,14:42:08,51.859229,-1.908499,4140,6,-15,2543,00
"$$HABDUINO,905,14:41:53,51.859967,-1.907198,4261,6,-15,2552,20*AA58","EDU001,G4AIU,G8ZBJ,G8KNN,G0WXI,G6GZH,G8IMN",905,14:41:53,51.859967,-1.907198,4261,6,-15,2552,20
"$$HABDUINO,907,14:42:23,51.858917,-1.909497,4057,5,-15,2553,00*1B04","M6XIM,EDU001,G8DXZ,IanHab,G8ZBJ,G6GZH,G8KNN,G0WXI,G4AIU,G8IMN",907,14:42:23,51.858917,-1.909497,4057,5,-15,2553,00
"$$HABDUINO,908,14:42:38,51.858637,-1.911056,3964,7,-15,2561,00*B4F2","G8DXZ,G4AIU,G8ZBJ,IanHab,G0WXI,G6GZH,G8IMN",908,14:42:38,51.858637,-1.911056,3964,7,-15,2561,00
"$$HABDUINO,909,14:42:53,51.858249,-1.912094,3843,5,-15,2558,00*CF49","EDU001,G8DXZ,G8ZBJ,G8KNN,G0WXI,G6GZH,G8IMN",909,14:42:53,51.858249,-1.912094,3843,5,-15,2558,00
"$$HABDUINO,911,14:43:23,51.857787,-1.914260,3640,7,-15,2546,00*D32A","EDU001,G8ZBJ,G8KNN,G0WXI,G6GZH,G8IMN",911,14:43:23,51.857787,-1.91426,3640,7,-15,2546,00
"$$HABDUINO,910,14:43:08,51.857893,-1.913120,3763,5,-15,2547,00*426E","M6XIM,EDU001,G8DXZ,IanHab,G8ZBJ,G4AIU,G8KNN,G0WXI,G6GZH,G8IMN",910,14:43:08,51.857893,-1.91312,3763,5,-15,2547,00
"$$HABDUINO,912,14:43:32,51.858062,-1.918306,3552,5,-15,2545,20*48A8","EDU001,G8ZBJ,G8KNN,G0WXI,G6GZH,G8IMN",912,14:43:32,51.858062,-1.918306,3552,5,-15,2545,20
"$$HABDUINO,913,14:43:47,51.857648,-1.917000,3505,6,-15,2544,00*12B0","EDU001,IanHab,G8ZBJ,G8KNN,G0WXI,G6GZH,G8IMN",913,14:43:47,51.857648,-1.917,3505,6,-15,2544,00
"$$HABDUINO,915,14:44:15,51.857339,-1.919224,3344,5,-15,2549,20*9D39","EDU001,G8DXZ,G8ZBJ,G8KNN,G0WXI,G6GZH,G8IMN",915,14:44:15,51.857339,-1.919224,3344,5,-15,2549,20
"$$HABDUINO,916,14:44:31,51.857162,-1.920033,3235,7,-14,2556,00*DBEF","EDU001,G4AIU,G8ZBJ,G8KNN,G0WXI,G6GZH,G8IMN",916,14:44:31,51.857162,-1.920033,3235,7,-14,2556,00
"$$HABDUINO,917,14:44:45,51.857099,-1.921147,3132,7,-14,2557,00*BFCE","EDU001,IanHab,G8ZBJ,G0WXI,G6GZH,G8IMN",917,14:44:45,51.857099,-1.921147,3132,7,-14,2557,00
"$$HABDUINO,914,14:44:01,51.857567,-1.918075,3410,6,-15,2550,00*35C0","EDU001,G8DXZ,IanHab,G8ZBJ,G8KNN,G0WXI,G6GZH,G8IMN",914,14:44:01,51.857567,-1.918075,3410,6,-15,2550,00
"$$HABDUINO,918,14:45:00,51.856522,-1.922145,3054,7,-14,2559,00*EAF4","G8ZBJ,EDU001,G0WXI,G6GZH,G8IMN",918,14:45:00,51.856522,-1.922145,3054,7,-14,2559,00
"$$HABDUINO,920,14:45:30,51.856177,-1.923753,2816,5,-14,2559,00*3135","EDU001,IanHab,G8ZBJ,G0WXI,G6GZH,G8IMN",920,14:45:30,51.856177,-1.923753,2816,5,-14,2559,00
"$$HABDUINO,922,14:45:55,51.856493,-1.925392,2638,8,-14,2556,00*0FB7","EDU001,IanHab,G8ZBJ,G0WXI,G6GZH,G8IMN",922,14:45:55,51.856493,-1.925392,2638,8,-14,2556,00
"$$HABDUINO,919,14:45:15,51.856688,-1.922462,2946,6,-14,2564,00*EED0","EDU001,IanHab,G8ZBJ,G0WXI,G6GZH,G8IMN",919,14:45:15,51.856688,-1.922462,2946,6,-14,2564,00
"$$HABDUINO,923,14:46:10,51.856190,-1.925999,2613,6,-13,2558,00*E830","EDU001,IanHab,G8ZBJ,G0WXI,G6GZH,G8IMN",923,14:46:10,51.85619,-1.925999,2613,6,-13,2558,00
"$$HABDUINO,924,14:46:24,0.000000,0.000000,2495,6,-13,2553,20*0973","EDU001,IanHab,G8ZBJ,G0WXI,G6GZH,G8IMN",924,14:46:24,0.0,0.0,2495,6,-13,2553,20
"$$HABDUINO,921,14:45:45,0.000000,0.000000,2729,3,-14,2556,00*7647","EDU001,IanHab,G8ZBJ,G0WXI,G6GZH,G8IMN",921,14:45:45,0.0,0.0,2729,3,-14,2556,00
"$$HABDUINO,925,14:46:40,51.855636,-1.928631,2396,8,-13,2558,00*B347","EDU001,IanHab,G8ZBJ,G0WXI,G6GZH,G8IMN",925,14:46:40,51.855636,-1.928631,2396,8,-13,2558,00
"$$HABDUINO,928,14:47:23,51.854980,-1.932105,2212,7,-12,2564,00*AA2D","G8ZBJ,EDU001,G0WXI,G8IMN,IanHab",928,14:47:23,51.85498,-1.932105,2212,7,-12,2564,00
"$$HABDUINO,926,14:46:54,51.855484,-1.929779,2332,8,-13,2560,00*3663","EDU001,IanHab,G8ZBJ,G0WXI,G6GZH,G8IMN",926,14:46:54,51.855484,-1.929779,2332,8,-13,2560,00
"$$HABDUINO,927,14:47:09,51.855377,-1.931373,2248,6,-13,2562,00*F083","EDU001,IanHab,G8ZBJ,G0WXI,G6GZH,G8IMN",927,14:47:09,51.855377,-1.931373,2248,6,-13,2562,00
"$$HABDUINO,929,14:47:37,51.855805,-1.931918,2084,7,-12,2560,00*131E","G8ZBJ,EDU001,G6GZH,G8IMN",929,14:47:37,51.855805,-1.931918,2084,7,-12,2560,00
"$$HABDUINO,930,14:47:52,51.854541,-1.934437,1991,4,-12,2558,00*E3B9","EDU001,IanHab,G8ZBJ,G0WXI,G6GZH,G8IMN",930,14:47:52,51.854541,-1.934437,1991,4,-12,2558,00
"$$HABDUINO,931,14:48:07,51.854278,-1.935897,1897,8,-12,2562,00*DB17","G8ZBJ,EDU001,G6GZH,G8IMN,IanHab",931,14:48:07,51.854278,-1.935897,1897,8,-12,2562,00
"$$HABDUINO,932,14:48:16,51.853906,-1.936898,1781,4,-11,2557,20*281D","G8ZBJ,EDU001,G6GZH,G8IMN,IanHab",932,14:48:16,51.853906,-1.936898,1781,4,-11,2557,20
"$$HABDUINO,933,14:48:31,51.853482,-1.938246,1781,5,-11,2553,00*C9F0","G8ZBJ,EDU001,G8IMN,IanHab",933,14:48:31,51.853482,-1.938246,1781,5,-11,2553,00
"$$HABDUINO,934,14:48:46,51.853161,-1.939121,1684,7,-11,2563,00*ACE1","G8ZBJ,EDU001,G8IMN,IanHab",934,14:48:46,51.853161,-1.939121,1684,7,-11,2563,00
"$$HABDUINO,935,14:49:01,51.852125,-1.938533,1594,6,-10,2564,00*BA00","G8ZBJ,EDU001,G8IMN,IanHab",935,14:49:01,51.852125,-1.938533,1594,6,-10,2564,00
"$$HABDUINO,936,14:49:15,51.852051,-1.941247,1548,5,-10,2563,00*9548","G8ZBJ,EDU001,G8IMN,IanHab",936,14:49:15,51.852051,-1.941247,1548,5,-10,2563,00
"$$HABDUINO,937,14:49:30,51.851867,-1.942820,1372,7,-10,2564,00*B0A2","G8ZBJ,EDU001,G8IMN,IanHab",937,14:49:30,51.851867,-1.94282,1372,7,-10,2564,00
"$$HABDUINO,938,14:49:44,0.000000,0.000000,1347,3,-10,2567,20*FEEA","G8ZBJ,EDU001,G8IMN,IanHab",938,14:49:44,0.0,0.0,1347,3,-10,2567,20
"$$HABDUINO,939,14:50:00,51.850729,-1.945862,1294,8,-9,2571,00*046E","G8ZBJ,EDU001,G8IMN,IanHab",939,14:50:00,51.850729,-1.945862,1294,8,-9,2571,00
"$$HABDUINO,940,14:50:14,51.850488,-1.947445,1126,7,-9,2567,20*97EB","G8ZBJ,EDU001,G8IMN,IanHab",940,14:50:14,51.850488,-1.947445,1126,7,-9,2567,20
"$$HABDUINO,941,14:50:24,51.849868,-1.948967,1114,6,-9,2562,00*0EC2","EDU001,G8IMN,IanHab",941,14:50:24,51.849868,-1.948967,1114,6,-9,2562,00
"$$HABDUINO,942,14:50:39,51.849520,-1.949939,1067,7,-8,2568,00*05CB","EDU001,G8IMN,IanHab",942,14:50:39,51.84952,-1.949939,1067,7,-8,2568,00
"$$HABDUINO,943,14:50:53,0.000000,0.000000,1004,8,-8,2570,20*66FB","EDU001,G8IMN,IanHab",943,14:50:53,0.0,0.0,1004,8,-8,2570,20
"$$HABDUINO,944,14:51:07,0.000000,0.000000,937,0,-8,2566,20*989C","EDU001,G8IMN,IanHab",944,14:51:07,0.0,0.0,937,0,-8,2566,20
"$$HABDUINO,945,14:51:22,51.847957,-1.954122,854,6,-7,2570,08*FBF6","EDU001,G8IMN,IanHab",945,14:51:22,51.847957,-1.954122,854,6,-7,2570,08
"$$HABDUINO,946,14:51:36,51.847348,-1.955180,805,7,-7,2575,08*B092","EDU001,G8IMN,IanHab",946,14:51:36,51.847348,-1.95518,805,7,-7,2575,08
"$$HABDUINO,947,14:51:51,0.000000,0.000000,759,0,-7,2578,08*8636","G8IMN,IanHab",947,14:51:51,0.0,0.0,759,0,-7,2578,08
"$$HABDUINO,948,14:52:01,51.846248,-1.957589,734,7,-6,2578,08*C6A4","G8IMN,IanHab",948,14:52:01,51.846248,-1.957589,734,7,-6,2578,08
"$$HABDUINO,949,14:52:15,51.845760,-1.958965,705,8,-6,2576,00*9536",IanHab,949,14:52:15,51.84576,-1.958965,705,8,-6,2576,00
