_sentence,_receivers,sentence_id,time,latitude,longitude,altitude,temperature,satellites,gps_lock
"$$JOEY,2911,11:57:46,52.2544020,0.3014553,7451,20.0,10,3*B48B",G6GZH,2911,11:57:46,52.254402,0.3014553,7451,20.0,10,3
"$$JOEY,2912,11:58:06,52.2546960,0.3040212,7541,20.0,10,3*1138",G6GZH,2912,11:58:06,52.254696,0.3040212,7541,20.0,10,3
"$$JOEY,2913,11:58:26,52.2549670,0.3065225,7637,19.5,10,3*1E73",G6GZH,2913,11:58:26,52.254967,0.3065225,7637,19.5,10,3
"$$JOEY,2914,11:58:46,52.2553710,0.3091612,7727,19.5,10,3*C9B5",G6GZH,2914,11:58:46,52.255371,0.3091612,7727,19.5,10,3
"$$JOEY,2915,11:59:06,52.2557600,0.3120763,7819,19.0,10,3*F966",G6GZH,2915,11:59:06,52.25576,0.3120763,7819,19.0,10,3
"$$JOEY,2916,11:59:26,52.2562180,0.3153070,7904,19.0,10,3*1A4E",G6GZH,2916,11:59:26,52.256218,0.315307,7904,19.0,10,3
"$$JOEY,2917,11:59:46,52.2565230,0.3183133,7991,18.5,10,3*524A",G6GZH,2917,11:59:46,52.256523,0.3183133,7991,18.5,10,3
"$$JOEY,2918,12:00:06,52.2568700,0.3214124,8090,18.5,10,3*7691",G6GZH,2918,12:00:06,52.25687,0.3214124,8090,18.5,10,3
"$$JOEY,2919,12:00:26,52.2570760,0.3247321,8180,18.0,10,3*CA3E",G6GZH,2919,12:00:26,52.257076,0.3247321,8180,18.0,10,3
"$$JOEY,2921,12:01:06,52.2569200,0.3309051,8362,17.5,10,3*CEA1","G8FJG_2,G6GZH",2921,12:01:06,52.25692,0.3309051,8362,17.5,10,3
"$$JOEY,2922,12:01:26,52.2567900,0.3341936,8459,17.0,10,3*49FD","G8FJG,G8FJG_2",2922,12:01:26,52.25679,0.3341936,8459,17.0,10,3
"$$JOEY,2923,12:01:46,52.2566180,0.3374427,8556,17.0,10,3*BAF1","G8FJG,G8FJG_2,G6GZH",2923,12:01:46,52.256618,0.3374427,8556,17.0,10,3
"$$JOEY,2924,12:02:06,52.2562370,0.3407768,8650,16.5,10,3*D994","G8FJG_2,G6GZH",2924,12:02:06,52.256237,0.3407768,8650,16.5,10,3
"$$JOEY,2925,12:02:26,52.2559660,0.3440269,8743,16.5,10,3*9CA8","G8FJG_2,G6GZH",2925,12:02:26,52.255966,0.3440269,8743,16.5,10,3
"$$JOEY,2926,12:02:46,52.2556110,0.3471156,8838,16.0,10,3*068B","G8FJG_2,G6GZH",2926,12:02:46,52.255611,0.3471156,8838,16.0,10,3
"$$JOEY,2927,12:03:06,52.2554090,0.3501189,8929,16.0,10,3*F240","G8FJG_2,G6GZH",2927,12:03:06,52.255409,0.3501189,8929,16.0,10,3
"$$JOEY,2928,12:03:26,52.2552570,0.3532600,9019,15.5,10,3*6F02","G8FJG_2,G6GZH",2928,12:03:26,52.255257,0.35326,9019,15.5,10,3
"$$JOEY,2929,12:03:46,52.2551800,0.3561766,9107,15.5,10,3*834A","G8FJG_2,G6GZH",2929,12:03:46,52.25518,0.3561766,9107,15.5,10,3
"$$JOEY,2930,12:04:06,52.2552800,0.3592069,9198,15.0,10,3*E586","G8FJG_2,G6GZH",2930,12:04:06,52.25528,0.3592069,9198,15.0,10,3
"$$JOEY,2931,12:04:26,52.2555500,0.3622662,9288,14.5,10,3*58A4","G8FJG_2,G6GZH",2931,12:04:26,52.25555,0.3622662,9288,14.5,10,3
"$$JOEY,2932,12:04:46,52.2560200,0.3653171,9378,14.5,10,3*25BA","2E0PNP,G8FJG_2,G6GZH",2932,12:04:46,52.25602,0.3653171,9378,14.5,10,3
"$$JOEY,2933,12:05:06,52.2565040,0.3681803,9462,14.0,10,3*9744","2E0PNP,G6GZH",2933,12:05:06,52.256504,0.3681803,9462,14.0,10,3
"$$JOEY,2934,12:05:26,52.2570880,0.3712870,9551,14.0,10,3*69ED",M0ZDR,2934,12:05:26,52.257088,0.371287,9551,14.0,10,3
"$$JOEY,2936,12:06:06,52.2587470,0.3781291,9726,13.0,10,3*EA14",G6GZH,2936,12:06:06,52.258747,0.3781291,9726,13.0,10,3
"$$JOEY,2937,12:06:26,52.2596860,0.3819739,9813,13.0,10,3*F572","G8FJG_2,G6GZH",2937,12:06:26,52.259686,0.3819739,9813,13.0,10,3
"$$JOEY,2938,12:06:46,52.2605930,0.3856810,9902,12.5,10,3*2AE8","G8FJG_2,G6GZH",2938,12:06:46,52.260593,0.385681,9902,12.5,10,3
"$$JOEY,2939,12:07:06,52.2616040,0.3893221,9995,12.0,10,3*ABB3",G6GZH,2939,12:07:06,52.261604,0.3893221,9995,12.0,10,3
"$$JOEY,2940,12:07:26,52.2625310,0.3932805,10111,12.0,10,3*B763","G8FJG_2,G6GZH",2940,12:07:26,52.262531,0.3932805,10111,12.0,10,3
"$$JOEY,2941,12:07:46,52.2629090,0.3973818,10229,11.5,10,3*61F0","G8FJG_2,G6GZH",2941,12:07:46,52.262909,0.3973818,10229,11.5,10,3
"$$JOEY,2942,12:08:06,52.2630200,0.4008604,10309,11.5,10,3*EF96","G8FJG_2,G6GZH",2942,12:08:06,52.26302,0.4008604,10309,11.5,10,3
"$$JOEY,2943,12:08:26,52.2630880,0.4042010,10398,11.0,10,3*38D3","G8FJG_2,G6GZH",2943,12:08:26,52.263088,0.404201,10398,11.0,10,3
"$$JOEY,2944,12:08:46,52.2628970,0.4071935,10501,10.5,10,3*67DC","G8FJG_2,G6GZH",2944,12:08:46,52.262897,0.4071935,10501,10.5,10,3
"$$JOEY,2945,12:09:06,52.2619970,0.4103621,10626,10.5,10,3*F567","G8FJG_2,G6GZH",2945,12:09:06,52.261997,0.4103621,10626,10.5,10,3
"$$JOEY,2946,12:09:26,52.2611770,0.4133580,10725,10.0,10,3*3060",G6GZH,2946,12:09:26,52.261177,0.413358,10725,10.0,10,3
"$$JOEY,2948,12:10:06,52.2593800,0.4187037,10914,9.5,10,3*1F6A","G8FJG_2,G6GZH",2948,12:10:06,52.25938,0.4187037,10914,9.5,10,3
"$$JOEY,2951,12:11:06,52.2560500,0.4268918,11193,8.5,10,3*4DB6",G6GZH,2951,12:11:06,52.25605,0.4268918,11193,8.5,10,3
"$$JOEY,2952,12:11:26,52.2542040,0.4296515,11281,8.0,10,3*447C","G8FJG_2,G6GZH",2952,12:11:26,52.254204,0.4296515,11281,8.0,10,3
"$$JOEY,2947,12:09:46,52.2602310,0.4160938,10822,9.5,10,3*A67F","M0ZDR,G6GZH",2947,12:09:46,52.260231,0.4160938,10822,9.5,10,3
"$$JOEY,2953,12:11:46,52.2525370,0.4321650,11367,8.0,10,3*4500","G8FJG_2,G6GZH",2953,12:11:46,52.252537,0.432165,11367,8.0,10,3
"$$JOEY,2954,12:12:06,52.2512930,0.4347048,11472,7.5,10,3*BF36",G8FJG_2,2954,12:12:06,52.251293,0.4347048,11472,7.5,10,3
"$$JOEY,2949,12:10:26,52.2585180,0.4212338,11010,9.0,10,3*647B","G8FJG_2,M0ZDR",2949,12:10:26,52.258518,0.4212338,11010,9.0,10,3
"$$JOEY,2955,12:12:26,52.2499310,0.4371174,11558,7.0,10,3*3723","G8FJG_2,G6GZH",2955,12:12:26,52.249931,0.4371174,11558,7.0,10,3
"$$JOEY,2956,12:12:46,52.2486270,0.4399234,11652,7.0,10,3*B060","G8FJG_2,M0ZDR,G6GZH",2956,12:12:46,52.248627,0.4399234,11652,7.0,10,3
"$$JOEY,2958,12:13:26,52.2469370,0.4443167,11838,6.0,10,3*4D8F",G6GZH,2958,12:13:26,52.246937,0.4443167,11838,6.0,10,3
"$$JOEY,2957,12:13:06,52.2476500,0.4422118,11744,6.5,10,3*A22B",M0ZDR,2957,12:13:06,52.24765,0.4422118,11744,6.5,10,3
"$$JOEY,2961,12:14:26,52.2458080,0.4527683,12121,5.5,10,3*4E08",G6GZH,2961,12:14:26,52.245808,0.4527683,12121,5.5,10,3
"$$JOEY,2962,12:14:46,52.2450870,0.4561698,12214,5.0,10,3*F99C",G6GZH,2962,12:14:46,52.245087,0.4561698,12214,5.0,10,3
"$$JOEY,2963,12:15:06,52.2442440,0.4595302,12310,4.5,10,3*6DE2","2E0PNP,M0ZDR,G6GZH",2963,12:15:06,52.244244,0.4595302,12310,4.5,10,3
"$$JOEY,2964,12:15:26,52.2434120,0.4626677,12405,4.5,10,3*9D49",G6GZH,2964,12:15:26,52.243412,0.4626677,12405,4.5,10,3
"$$JOEY,2965,12:15:46,52.2428210,0.4658108,12498,4.0,10,3*A736",G6GZH,2965,12:15:46,52.242821,0.4658108,12498,4.0,10,3
"$$JOEY,2966,12:16:06,52.2427100,0.4687610,12600,4.0,10,3*8110","G8FJG_2,G6GZH",2966,12:16:06,52.24271,0.468761,12600,4.0,10,3
"$$JOEY,2967,12:16:26,52.2428130,0.4716066,12691,3.5,10,3*6AFA","G8FJG_2,G6GZH",2967,12:16:26,52.242813,0.4716066,12691,3.5,10,3
"$$JOEY,2968,12:16:46,52.2427520,0.4743580,12783,3.5,9,3*DB67",G8FJG_2,2968,12:16:46,52.242752,0.474358,12783,3.5,9,3
"$$JOEY,2969,12:17:05,52.2427940,0.4770124,12873,3.0,10,3*AB24",G8FJG_2,2969,12:17:05,52.242794,0.4770124,12873,3.0,10,3
"$$JOEY,2970,12:17:25,52.2427600,0.4800345,12965,3.0,10,3*42F7","2E0PNP,G8FJG_2,G6GZH",2970,12:17:25,52.24276,0.4800345,12965,3.0,10,3
"$$JOEY,2971,12:17:45,52.2430080,0.4838044,13059,2.5,10,3*BAE4",G8FJG_2,2971,12:17:45,52.243008,0.4838044,13059,2.5,10,3
"$$JOEY,2972,12:18:05,52.2435570,0.4879344,13147,2.5,10,3*C38A","G8FJG_2,G6GZH",2972,12:18:05,52.243557,0.4879344,13147,2.5,10,3
"$$JOEY,2973,12:18:25,52.2444500,0.4916958,13241,2.0,10,3*6028","G0TDJ,G8FJG_2,G6GZH",2973,12:18:25,52.24445,0.4916958,13241,2.0,10,3
"$$JOEY,2974,12:18:45,52.2452350,0.4957512,13333,2.0,10,3*0E0E","G0TDJ,G8FJG_2,G6GZH",2974,12:18:45,52.245235,0.4957512,13333,2.0,10,3
"$$JOEY,2975,12:19:05,52.2458990,0.4995661,13430,1.5,10,3*006C","G0TDJ,G8FJG_2",2975,12:19:05,52.245899,0.4995661,13430,1.5,10,3
"$$JOEY,2976,12:19:25,52.2463760,0.5028341,13524,1.5,10,3*3606","G8FJG_2,G6GZH",2976,12:19:25,52.246376,0.5028341,13524,1.5,10,3
"$$JOEY,2977,12:19:45,52.2467540,0.5058146,13621,1.0,10,3*E1D3","G8FJG_2,G6GZH",2977,12:19:45,52.246754,0.5058146,13621,1.0,10,3
"$$JOEY,2978,12:20:05,52.2472500,0.5088426,13720,1.0,10,3*03E9","G0TDJ,G6GZH",2978,12:20:05,52.24725,0.5088426,13720,1.0,10,3
"$$JOEY,2979,12:20:25,52.2479290,0.5124692,13820,0.5,10,3*CFFF",G8FJG_2,2979,12:20:25,52.247929,0.5124692,13820,0.5,10,3
"$$JOEY,2981,12:21:05,52.2496910,0.5195962,14014,0.0,10,3*A692","2E0PNP,G8FJG_2",2981,12:21:05,52.249691,0.5195962,14014,0.0,10,3
"$$JOEY,2982,12:21:25,52.2503700,0.5234893,14108,0.0,10,3*57F1","G8FJG_2,G6GZH,PD1ODE",2982,12:21:25,52.25037,0.5234893,14108,0.0,10,3
"$$JOEY,2983,12:21:45,52.2509420,0.5277877,14197,-0.5,10,3*427C",G8FJG_2,2983,12:21:45,52.250942,0.5277877,14197,-0.5,10,3
"$$JOEY,2984,12:22:05,52.2513160,0.5322467,14293,-0.5,10,3*8F83",G8FJG_2,2984,12:22:05,52.251316,0.5322467,14293,-0.5,10,3
"$$JOEY,2985,12:22:25,52.2512660,0.5360046,14387,-1.0,10,3*433A","2E0PNP,G8FJG_2",2985,12:22:25,52.251266,0.5360046,14387,-1.0,10,3
"$$JOEY,2980,12:20:45,52.2486990,0.5159252,13918,0.5,10,3*E52A","2E0PNP,PD1ODE",2980,12:20:45,52.248699,0.5159252,13918,0.5,10,3
"$$JOEY,2986,12:22:45,52.2509880,0.5389982,14477,-1.0,10,3*5B89",G8FJG_2,2986,12:22:45,52.250988,0.5389982,14477,-1.0,10,3
"$$JOEY,2987,12:23:05,52.2508700,0.5415754,14570,-1.0,10,3*6713","2E0PNP,G8FJG_2,G6GZH",2987,12:23:05,52.25087,0.5415754,14570,-1.0,10,3
"$$JOEY,2988,12:23:25,52.2511410,0.5440027,14658,-1.5,10,3*0C32","G8FJG_2,G6GZH,PD1ODE",2988,12:23:25,52.251141,0.5440027,14658,-1.5,10,3
"$$JOEY,2989,12:23:45,52.2514500,0.5467994,14754,-1.5,10,3*E459","2E0PNP,G8FJG_2",2989,12:23:45,52.25145,0.5467994,14754,-1.5,10,3
"$$JOEY,2990,12:24:05,52.2516440,0.5496099,14845,-2.0,10,3*C46B","2E0PNP,G8FJG_2,G6GZH,PD1ODE",2990,12:24:05,52.251644,0.5496099,14845,-2.0,10,3
"$$JOEY,2991,12:24:25,52.2519720,0.5521377,14945,-2.0,10,3*8E33","G8FJG_2,G6GZH",2991,12:24:25,52.251972,0.5521377,14945,-2.0,10,3
"$$JOEY,2992,12:24:45,52.2525330,0.5548442,15043,-2.0,10,3*DFAE","G8FJG_2,PD1ODE",2992,12:24:45,52.252533,0.5548442,15043,-2.0,10,3
"$$JOEY,2993,12:25:05,52.2531010,0.5578755,15138,-2.5,10,3*988B","G0TDJ,G8FJG_2",2993,12:25:05,52.253101,0.5578755,15138,-2.5,10,3
"$$JOEY,2994,12:25:25,52.2534450,0.5615084,15240,-2.5,10,3*5247","G8FJG_2,2E0PNP,M0ZDR,G6GZH",2994,12:25:25,52.253445,0.5615084,15240,-2.5,10,3
"$$JOEY,2995,12:25:45,52.2532730,0.5652844,15336,-3.0,10,3*6232","2E0PNP,G8FJG_2",2995,12:25:45,52.253273,0.5652844,15336,-3.0,10,3
"$$JOEY,2996,12:26:05,52.2528920,0.5683781,15431,-3.0,10,3*3198","2E0PNP,G8FJG_2,G6GZH",2996,12:26:05,52.252892,0.5683781,15431,-3.0,10,3
"$$JOEY,2997,12:26:25,52.2524950,0.5708624,15527,-3.0,11,3*6F0F","2E0PNP,G8FJG_2,G6GZH",2997,12:26:25,52.252495,0.5708624,15527,-3.0,11,3
"$$JOEY,2998,12:26:45,52.2520680,0.5728211,15627,-3.5,11,3*79B9","2E0PNP,G8FJG_2",2998,12:26:45,52.252068,0.5728211,15627,-3.5,11,3
"$$JOEY,2999,12:27:05,52.2519230,0.5748807,15728,-3.5,11,3*4312","G8FJG_2,G6GZH",2999,12:27:05,52.251923,0.5748807,15728,-3.5,11,3
"$$JOEY,3001,12:27:45,52.2529750,0.5801809,15921,-4.0,11,3*6A42","G8FJG_2,M0ZDR",3001,12:27:45,52.252975,0.5801809,15921,-4.0,11,3
"$$JOEY,3000,12:27:25,52.2522930,0.5774112,15822,-3.5,11,3*19EF","G0TDJ,G8FJG_2",3000,12:27:25,52.252293,0.5774112,15822,-3.5,11,3
"$$JOEY,3002,12:28:05,52.2534070,0.5830508,16021,-4.0,11,3*E52F","G8FJG_2,M0ZDR",3002,12:28:05,52.253407,0.5830508,16021,-4.0,11,3
"$$JOEY,3003,12:28:25,52.2534450,0.5858728,16120,-4.0,10,3*48C3",G8FJG_2,3003,12:28:25,52.253445,0.5858728,16120,-4.0,10,3
"$$JOEY,3004,12:28:45,52.2533070,0.5878528,16219,-4.5,11,3*8843","G8FJG_2,G6GZH",3004,12:28:45,52.253307,0.5878528,16219,-4.5,11,3
"$$JOEY,3005,12:29:05,52.2532730,0.5890977,16319,-4.5,11,3*C885","G8FJG_2,M0ZDR,G6GZH",3005,12:29:05,52.253273,0.5890977,16319,-4.5,11,3
"$$JOEY,3007,12:29:45,52.2538410,0.5920556,16515,-5.0,11,3*4748","G8FJG_2,M0ZDR",3007,12:29:45,52.253841,0.5920556,16515,-5.0,11,3
"$$JOEY,3006,12:29:25,52.2533530,0.5904485,16418,-4.5,11,3*AEB1",G8FJG_2,3006,12:29:25,52.253353,0.5904485,16418,-4.5,11,3
"$$JOEY,3008,12:30:05,52.2542880,0.5941991,16618,-5.0,11,3*08A8",G8FJG_2,3008,12:30:05,52.254288,0.5941991,16618,-5.0,11,3
"$$JOEY,3009,12:30:25,52.2548330,0.5970573,16723,-5.0,10,3*8367","G0TDJ,G8FJG_2",3009,12:30:25,52.254833,0.5970573,16723,-5.0,10,3
"$$JOEY,3010,12:30:45,52.2554890,0.5990604,16821,-5.5,11,3*E33D","G0TDJ,2E0PNP,G8FJG_2",3010,12:30:45,52.255489,0.5990604,16821,-5.5,11,3
"$$JOEY,3011,12:31:05,52.2562290,0.6011496,16927,-5.5,11,3*E004","2E0PNP,G8FJG_2,G6GZH",3011,12:31:05,52.256229,0.6011496,16927,-5.5,11,3
"$$JOEY,3012,12:31:25,52.2566680,0.6038615,17024,-5.5,11,3*0A77","G0TDJ,G8FJG_2,M0ZDR",3012,12:31:25,52.256668,0.6038615,17024,-5.5,11,3
"$$JOEY,3013,12:31:45,52.2569810,0.6070328,17127,-5.5,11,3*278B","G0TDJ,G8FJG_2,G6GZH",3013,12:31:45,52.256981,0.6070328,17127,-5.5,11,3
"$$JOEY,3014,12:32:05,52.2573780,0.6095941,17230,-6.0,11,3*D142","G0TDJ,2E0PNP,G8FJG_2,G6GZH",3014,12:32:05,52.257378,0.6095941,17230,-6.0,11,3
"$$JOEY,3015,12:32:25,52.2578810,0.6120922,17329,-6.0,11,3*35E6","G0TDJ,2E0PNP,G8FJG_2",3015,12:32:25,52.257881,0.6120922,17329,-6.0,11,3
"$$JOEY,3016,12:32:45,52.2583730,0.6149356,17432,-6.0,11,3*D8B2","G0TDJ,2E0PNP,G8FJG_2",3016,12:32:45,52.258373,0.6149356,17432,-6.0,11,3
"$$JOEY,3017,12:33:05,52.2587930,0.6179933,17538,-6.0,11,3*A06F","G0TDJ,2E0PNP,G8FJG_2",3017,12:33:05,52.258793,0.6179933,17538,-6.0,11,3
"$$JOEY,3018,12:33:25,52.2589760,0.6211148,17646,-6.5,11,3*4851","G0TDJ,2E0PNP,M0ZDR,G6GZH",3018,12:33:25,52.258976,0.6211148,17646,-6.5,11,3
"$$JOEY,3019,12:33:45,52.2592390,0.6242108,17749,-6.5,11,3*6546","2E0PNP,G8FJG_2,G6GZH",3019,12:33:45,52.259239,0.6242108,17749,-6.5,11,3
"$$JOEY,3020,12:34:05,52.2597160,0.6267723,17858,-6.5,11,3*FF51","2E0PNP,G8FJG_2,G6GZH",3020,12:34:05,52.259716,0.6267723,17858,-6.5,11,3
"$$JOEY,3021,12:34:25,52.2599980,0.6292834,17964,-6.5,11,3*A771","G0TDJ,G8FJG_2,G6GZH",3021,12:34:25,52.259998,0.6292834,17964,-6.5,11,3
"$$JOEY,3022,12:34:45,52.2604180,0.6315034,18074,-7.0,11,3*9893","G0TDJ,2E0PNP,G8FJG_2,G6GZH",3022,12:34:45,52.260418,0.6315034,18074,-7.0,11,3
"$$JOEY,3023,12:35:05,52.2607730,0.6331698,18181,-7.0,11,3*A408","G0TDJ,2E0PNP,G8FJG_2",3023,12:35:05,52.260773,0.6331698,18181,-7.0,11,3
"$$JOEY,3024,12:35:25,52.2607690,0.6345493,18286,-7.0,11,3*0682","G0TDJ,G8FJG_2",3024,12:35:25,52.260769,0.6345493,18286,-7.0,11,3
"$$JOEY,3025,12:35:45,52.2608110,0.6355527,18394,-7.0,11,3*F291","G8FJG_2,G6GZH",3025,12:35:45,52.260811,0.6355527,18394,-7.0,11,3
"$$JOEY,3026,12:36:05,52.2611660,0.6371165,18499,-7.0,10,3*1728","G0TDJ,F1OIL,G8FJG_2,G6GZH",3026,12:36:05,52.261166,0.6371165,18499,-7.0,10,3
"$$JOEY,3027,12:36:25,52.2615390,0.6395381,18607,-7.5,11,3*1512","G0TDJ,F1OIL,G8FJG_2,G6GZH",3027,12:36:25,52.261539,0.6395381,18607,-7.5,11,3
"$$JOEY,3028,12:36:45,52.2618290,0.6411680,18712,-7.5,11,3*58C0","G0TDJ,2E0PNP,G8FJG_2,G6GZH",3028,12:36:45,52.261829,0.641168,18712,-7.5,11,3
"$$JOEY,3029,12:37:05,52.2624550,0.6420631,18819,-7.5,11,3*ACC4","G0TDJ,2E0PNP,G8FJG_2",3029,12:37:05,52.262455,0.6420631,18819,-7.5,11,3
"$$JOEY,3030,12:37:25,52.2629780,0.6436178,18922,-7.5,11,3*70E8","G0TDJ,F1OIL,G8FJG_2,G6GZH",3030,12:37:25,52.262978,0.6436178,18922,-7.5,11,3
"$$JOEY,3031,12:37:45,52.2629590,0.6453933,19028,-7.5,11,3*614C","G0TDJ,G8FJG_2,F1OIL,2E0PNP,M0ZDR,G6GZH",3031,12:37:45,52.262959,0.6453933,19028,-7.5,11,3
"$$JOEY,3032,12:38:05,52.2628360,0.6466042,19139,-8.0,11,3*D72F","G0TDJ,F1OIL,G8FJG_2,G6GZH",3032,12:38:05,52.262836,0.6466042,19139,-8.0,11,3
"$$JOEY,3033,12:38:25,52.2630730,0.6474371,19249,-8.0,11,3*EE5D","G0TDJ,F1OIL,M0ZDR,G6GZH,G8FJG_2",3033,12:38:25,52.263073,0.6474371,19249,-8.0,11,3
"$$JOEY,3034,12:38:45,52.2635920,0.6480611,19359,-8.0,11,3*44B3","G8FJG_2,G6GZH",3034,12:38:45,52.263592,0.6480611,19359,-8.0,11,3
"$$JOEY,3036,12:39:25,52.2644420,0.6509418,19576,-8.0,11,3*D4D8","F1OIL,G8FJG,G0WXI",3036,12:39:25,52.264442,0.6509418,19576,-8.0,11,3
"$$JOEY,3035,12:39:05,52.2641490,0.6493991,19466,-8.0,11,3*2CE7","G0TDJ,g0nzo,F1OIL",3035,12:39:05,52.264149,0.6493991,19466,-8.0,11,3
"$$JOEY,3037,12:39:45,52.2645380,0.6521716,19683,-8.0,11,3*8CE0","G0TDJ,g0nzo,G8FJG,G0WXI,F1OIL",3037,12:39:45,52.264538,0.6521716,19683,-8.0,11,3
"$$JOEY,3038,12:40:05,52.2648960,0.6530797,19791,-8.0,11,3*6C79","F1OIL,g0nzo,2E0PNP,G0WXI,G8FJG",3038,12:40:05,52.264896,0.6530797,19791,-8.0,11,3
"$$JOEY,3039,12:40:25,52.2655110,0.6544361,19902,-8.5,11,3*5CF4","g0nzo,G0TDJ,F1OIL,G8FJG,2E0PNP,G6GZH",3039,12:40:25,52.265511,0.6544361,19902,-8.5,11,3
"$$JOEY,3040,12:40:45,52.2658390,0.6562237,20007,-8.5,11,3*5394","F1OIL,G8FJG,g0nzo",3040,12:40:45,52.265839,0.6562237,20007,-8.5,11,3
"$$JOEY,3041,12:41:05,52.2658160,0.6575106,20116,-8.5,11,3*279E","F1OIL,G8FJG,G6GZH,g0nzo",3041,12:41:05,52.265816,0.6575106,20116,-8.5,11,3
"$$JOEY,3042,12:41:25,52.2659570,0.6585654,20227,-8.5,11,3*3D75","G8FJG,g0nzo",3042,12:41:25,52.265957,0.6585654,20227,-8.5,11,3
"$$JOEY,3043,12:41:45,52.2659420,0.6604502,20335,-8.5,11,3*DB9B","F1OIL,g0nzo,G4YHE,G8FJG",3043,12:41:45,52.265942,0.6604502,20335,-8.5,11,3
"$$JOEY,3044,12:42:05,52.2655070,0.6625349,20445,-8.5,11,3*1EC9","F1OIL,g0nzo,2E0PNP,G8FJG",3044,12:42:05,52.265507,0.6625349,20445,-8.5,11,3
"$$JOEY,3045,12:42:25,52.2648850,0.6642732,20556,-8.5,11,3*AF4D","F1OIL,g0nzo",3045,12:42:25,52.264885,0.6642732,20556,-8.5,11,3
"$$JOEY,3046,12:42:45,52.2645800,0.6657515,20668,-8.5,11,3*6CD2","G0TDJ,g0nzo,2E0PNP,F1OIL",3046,12:42:45,52.26458,0.6657515,20668,-8.5,11,3
"$$JOEY,3047,12:43:05,52.2643430,0.6668647,20786,-8.5,11,3*D2EC","F1OIL,g0nzo,2E0PNP,G8FJG",3047,12:43:05,52.264343,0.6668647,20786,-8.5,11,3
"$$JOEY,3049,12:43:45,52.2636640,0.6679722,21020,-8.5,11,3*4249","F1OIL,G8FJG,G4YHE,G0WXI,g0nzo",3049,12:43:45,52.263664,0.6679722,21020,-8.5,11,3
"$$JOEY,3048,12:43:25,52.2639310,0.6677153,20900,-8.5,11,3*ADBD","G0TDJ,G8FJG,G4YHE,F1OIL,g0nzo",3048,12:43:25,52.263931,0.6677153,20900,-8.5,11,3
"$$JOEY,3050,12:44:05,52.2639270,0.6679162,21143,-9.0,11,3*25C7","F1OIL,G8FJG,G4YHE,G0WXI,g0nzo",3050,12:44:05,52.263927,0.6679162,21143,-9.0,11,3
"$$JOEY,3051,12:44:25,52.2643280,0.6686972,21258,-9.0,11,3*2B9B","F1OIL,G4YHE,2E0PNP,G0WXI",3051,12:44:25,52.264328,0.6686972,21258,-9.0,11,3
"$$JOEY,3052,12:44:45,52.2649190,0.6699654,21375,-9.0,11,3*7548","F1OIL,g0nzo,G4YHE,G0WXI,G8FJG",3052,12:44:45,52.264919,0.6699654,21375,-9.0,11,3
"$$JOEY,3053,12:45:05,52.2653580,0.6713098,21489,-9.0,11,3*E661","F1OIL,G8FJG,G4YHE,G0WXI,g0nzo",3053,12:45:05,52.265358,0.6713098,21489,-9.0,11,3
"$$JOEY,3054,12:45:25,52.2654990,0.6723976,21601,-9.0,9,3*3EB4","F1OIL,G8FJG,G4YHE,G0WXI,g0nzo",3054,12:45:25,52.265499,0.6723976,21601,-9.0,9,3
"$$JOEY,3055,12:45:45,52.2654110,0.6735178,21715,-9.0,11,3*2136","g0nzo,M0ZDR,G4YHE,F1OIL,G8FJG,G0WXI",3055,12:45:45,52.265411,0.6735178,21715,-9.0,11,3
"$$JOEY,3056,12:46:05,52.2653690,0.6740016,21831,-9.0,11,3*9A13","F1OIL,g0nzo,G4YHE,G0WXI,G8FJG",3056,12:46:05,52.265369,0.6740016,21831,-9.0,11,3
"$$JOEY,3057,12:46:25,52.2655300,0.6745137,21942,-9.0,11,3*D7FC","F1OIL,g0nzo,G0WXI,G8FJG",3057,12:46:25,52.26553,0.6745137,21942,-9.0,11,3
"$$JOEY,3058,12:46:45,52.2652400,0.6748885,22062,-9.0,11,3*86D9","F1OIL,g0nzo,G0WXI,G8FJG",3058,12:46:45,52.26524,0.6748885,22062,-9.0,11,3
"$$JOEY,3059,12:47:05,52.2649840,0.6747943,22180,-9.0,11,3*5F82","F1OIL,g0nzo,G8FJG",3059,12:47:05,52.264984,0.6747943,22180,-9.0,11,3
"$$JOEY,3060,12:47:25,52.2649800,0.6742777,22299,-9.0,11,3*0F1C","g0nzo,G4YHE",3060,12:47:25,52.26498,0.6742777,22299,-9.0,11,3
"$$JOEY,3061,12:47:45,52.2650830,0.6743665,22418,-9.0,11,3*C1A3","F1OIL,g0nzo,G4YHE",3061,12:47:45,52.265083,0.6743665,22418,-9.0,11,3
"$$JOEY,3063,12:48:25,52.2662390,0.6735113,22659,-9.0,11,3*483A","F1OIL,g0nzo,G4YHE,G0WXI",3063,12:48:25,52.266239,0.6735113,22659,-9.0,11,3
"$$JOEY,3062,12:48:05,52.2652170,0.6741445,22538,-9.0,11,3*6386","F1OIL,G8FJG,G4YHE,g0nzo",3062,12:48:05,52.265217,0.6741445,22538,-9.0,11,3
"$$JOEY,3064,12:48:45,52.2671280,0.6733436,22780,-9.0,11,3*3D7E","F1OIL,g0nzo,G4YHE,G0WXI,G8FJG",3064,12:48:45,52.267128,0.6733436,22780,-9.0,11,3
"$$JOEY,3065,12:49:05,52.2677760,0.6742363,22897,-9.0,11,3*B638","F1OIL,g0nzo,G0WXI,G8FJG",3065,12:49:05,52.267776,0.6742363,22897,-9.0,11,3
"$$JOEY,3066,12:49:25,52.2681310,0.6760811,23013,-9.0,11,3*F51E","F1OIL,G8FJG,G0WXI,g0nzo",3066,12:49:25,52.268131,0.6760811,23013,-9.0,11,3
"$$JOEY,3067,12:49:45,52.2682340,0.6773721,23128,-9.0,11,3*F91D","F1OIL,g0nzo,G4YHE,G0WXI,G8FJG",3067,12:49:45,52.268234,0.6773721,23128,-9.0,11,3
"$$JOEY,3068,12:50:05,52.2688260,0.6781211,23247,-9.0,11,3*535B","G8FJG,G4YHE,g0nzo",3068,12:50:05,52.268826,0.6781211,23247,-9.0,11,3
"$$JOEY,3069,12:50:25,52.2698970,0.6790368,23365,-9.0,11,3*35CB","G8FJG,G4YHE,G0WXI,g0nzo",3069,12:50:25,52.269897,0.6790368,23365,-9.0,11,3
"$$JOEY,3070,12:50:45,52.2703630,0.6809271,23486,-9.0,11,3*2E57","g0nzo,G0WXI,G4YHE,F1OIL,G8FJG,2E0PNP,M0ZDR",3070,12:50:45,52.270363,0.6809271,23486,-9.0,11,3
"$$JOEY,3072,12:51:25,52.2698140,0.6848566,23725,-9.0,11,3*325D","F1OIL,G8FJG,G4YHE,G0WXI,g0nzo",3072,12:51:25,52.269814,0.6848566,23725,-9.0,11,3
"$$JOEY,3071,12:51:05,52.2699090,0.6831342,23604,-9.0,11,3*0F33","F1OIL,g0nzo,G4YHE,2E0PNP,G8FJG",3071,12:51:05,52.269909,0.6831342,23604,-9.0,11,3
"$$JOEY,3073,12:51:45,52.2698900,0.6859993,23849,-8.5,11,3*1A07","g0nzo,G4YHE,F1OIL,G8FJG,2E0PNP,G0WXI",3073,12:51:45,52.26989,0.6859993,23849,-8.5,11,3
"$$JOEY,3074,12:52:05,52.2703320,0.6871604,23973,-8.5,11,3*7F4E","g0nzo,G4YHE,F1OIL,G8FJG,2E0PNP,G0WXI",3074,12:52:05,52.270332,0.6871604,23973,-8.5,11,3
"$$JOEY,3075,12:52:25,52.2708470,0.6879606,24104,-8.5,11,3*2EC2","F1OIL,G8FJG,G4YHE,2E0PNP,G0WXI",3075,12:52:25,52.270847,0.6879606,24104,-8.5,11,3
"$$JOEY,3076,12:52:45,52.2710460,0.6890879,24233,-8.5,11,3*54A4","g0nzo,G4YHE,F1OIL,G8FJG,2E0PNP,G0WXI",3076,12:52:45,52.271046,0.6890879,24233,-8.5,11,3
"$$JOEY,3077,12:53:05,52.2708630,0.6904026,24366,-8.5,11,3*3CB8","G8FJG,G4YHE,2E0PNP,g0nzo",3077,12:53:05,52.270863,0.6904026,24366,-8.5,11,3
"$$JOEY,3078,12:53:25,52.2707180,0.6915187,24035,-8.5,11,3*75D4","G8FJG,G4YHE,2E0PNP,g0nzo",3078,12:53:25,52.270718,0.6915187,24035,-8.5,11,3
"$$JOEY,3079,12:53:45,52.2709270,0.6926765,23599,-8.5,11,3*01F4","F1OIL,g0nzo,G4YHE,2E0PNP,G8FJG",3079,12:53:45,52.270927,0.6926765,23599,-8.5,11,3
"$$JOEY,3081,12:54:25,52.2720790,0.6959275,22756,-8.5,11,3*C79E","g0nzo,G4YHE,2E0PNP,G0WXI,G8FJG",3081,12:54:25,52.272079,0.6959275,22756,-8.5,11,3
"$$JOEY,3080,12:54:05,52.2714390,0.6943952,23171,-8.5,11,3*AA52","g0nzo,G4YHE,G8FJG",3080,12:54:05,52.271439,0.6943952,23171,-8.5,11,3
"$$JOEY,3082,12:54:45,52.2726940,0.6955885,22349,-8.5,11,3*CCA6","g0nzo,G4YHE,2E0PNP,G8FJG",3082,12:54:45,52.272694,0.6955885,22349,-8.5,11,3
"$$JOEY,3083,12:55:05,52.2727930,0.6952538,21949,-8.5,11,3*7280","g0nzo,G4YHE,2E0PNP,G8FJG",3083,12:55:05,52.272793,0.6952538,21949,-8.5,11,3
"$$JOEY,3085,12:55:45,52.2729000,0.6968143,21235,-8.0,11,3*BA75","g0nzo,G4YHE,2E0PNP,G0WXI,G8FJG",3085,12:55:45,52.2729,0.6968143,21235,-8.0,11,3
"$$JOEY,3084,12:55:25,52.2727090,0.6958182,21588,-8.5,11,3*0D6B","G8FJG,G4YHE,2E0PNP,g0nzo",3084,12:55:25,52.272709,0.6958182,21588,-8.5,11,3
"$$JOEY,3086,12:56:05,52.2729870,0.6969971,20888,-8.0,11,3*FC91","G8FJG,G4YHE,2E0PNP,G0WXI,g0nzo",3086,12:56:05,52.272987,0.6969971,20888,-8.0,11,3
"$$JOEY,3087,12:56:25,52.2726630,0.6980815,20546,-8.0,11,3*64F8","G8FJG,G4YHE",3087,12:56:25,52.272663,0.6980815,20546,-8.0,11,3
"$$JOEY,3088,12:56:45,52.2723620,0.6999440,20199,-8.0,11,3*B97F",G4YHE,3088,12:56:45,52.272362,0.699944,20199,-8.0,11,3
"$$JOEY,3089,12:57:05,52.2725220,0.7016699,19869,-8.0,11,3*DB2B","G8FJG,G4YHE",3089,12:57:05,52.272522,0.7016699,19869,-8.0,11,3
"$$JOEY,3090,12:57:25,52.2728310,0.7027317,19551,-8.0,11,3*7355","G8FJG,G4YHE",3090,12:57:25,52.272831,0.7027317,19551,-8.0,11,3
"$$JOEY,3091,12:57:45,52.2735630,0.7039921,19237,-8.0,11,3*73F4","G8FJG,G4YHE,G0WXI",3091,12:57:45,52.273563,0.7039921,19237,-8.0,11,3
"$$JOEY,3092,12:58:05,52.2735630,0.7055768,18938,-8.0,11,3*B2F8","G8FJG,G4YHE,G0WXI",3092,12:58:05,52.273563,0.7055768,18938,-8.0,11,3
"$$JOEY,3093,12:58:25,52.2740480,0.7063803,18656,-8.0,11,3*7B35","G8FJG,G4YHE,G0WXI",3093,12:58:25,52.274048,0.7063803,18656,-8.0,11,3
"$$JOEY,3094,12:58:45,52.2743950,0.7080946,18380,-8.0,11,3*14BF","G8FJG,G4YHE",3094,12:58:45,52.274395,0.7080946,18380,-8.0,11,3
"$$JOEY,3095,12:59:05,52.2744560,0.7094645,18108,-8.0,11,3*0605","G8FJG,G4YHE,G6GZH",3095,12:59:05,52.274456,0.7094645,18108,-8.0,11,3
"$$JOEY,3096,12:59:25,52.2747570,0.7117233,17840,-8.5,11,3*2D11","G8FJG,G4YHE",3096,12:59:25,52.274757,0.7117233,17840,-8.5,11,3
"$$JOEY,3097,12:59:45,52.2750430,0.7143511,17574,-8.5,10,3*43A8","G8FJG,G4YHE",3097,12:59:45,52.275043,0.7143511,17574,-8.5,10,3
"$$JOEY,3098,13:00:05,52.2753140,0.7171840,17314,-8.5,10,3*62FD","G8FJG,G4YHE",3098,13:00:05,52.275314,0.717184,17314,-8.5,10,3
"$$JOEY,3099,13:00:25,52.2752910,0.7202726,17071,-8.5,11,3*F956","F1OIL,G8FJG,G4YHE,G6GZH",3099,13:00:25,52.275291,0.7202726,17071,-8.5,11,3
"$$JOEY,3100,13:00:45,52.2758900,0.7221146,16827,-8.5,11,3*6C34","F1OIL,G8FJG,G4YHE",3100,13:00:45,52.27589,0.7221146,16827,-8.5,11,3
"$$JOEY,3101,13:01:05,52.2762370,0.7248419,16570,-8.5,11,3*F908","G8FJG,G4YHE,G6GZH",3101,13:01:05,52.276237,0.7248419,16570,-8.5,11,3
"$$JOEY,3102,13:01:25,52.2768360,0.7271999,16337,-8.5,11,3*366B","F1OIL,G8FJG,G4YHE",3102,13:01:25,52.276836,0.7271999,16337,-8.5,11,3
"$$JOEY,3103,13:01:45,52.2770580,0.7292069,16087,-8.5,11,3*D497","F1OIL,G8FJG,G4YHE,G0WXI,G6GZH",3103,13:01:45,52.277058,0.7292069,16087,-8.5,11,3
"$$JOEY,3104,13:02:05,52.2770840,0.7327427,15859,-8.5,11,3*364D","F1OIL,G8FJG,G4YHE,G6GZH",3104,13:02:05,52.277084,0.7327427,15859,-8.5,11,3
"$$JOEY,3105,13:02:25,52.2776260,0.7356311,15638,-9.0,11,3*F82D","F1OIL,G4YHE",3105,13:02:25,52.277626,0.7356311,15638,-9.0,11,3
"$$JOEY,3106,13:02:45,52.2777710,0.7369083,15423,-9.0,11,3*C6FE","F1OIL,G4YHE",3106,13:02:45,52.277771,0.7369083,15423,-9.0,11,3
"$$JOEY,3107,13:03:05,52.2781720,0.7396706,15205,-9.0,11,3*CAE3",G4YHE,3107,13:03:05,52.278172,0.7396706,15205,-9.0,11,3
"$$JOEY,3108,13:03:25,52.2783700,0.7434290,14959,-9.0,11,3*2B8B",G4YHE,3108,13:03:25,52.27837,0.743429,14959,-9.0,11,3
"$$JOEY,3109,13:03:45,52.2786560,0.7464224,14719,-9.0,11,3*BF5E","G8FJG,G4YHE,G6GZH",3109,13:03:45,52.278656,0.7464224,14719,-9.0,11,3
"$$JOEY,3110,13:04:05,52.2788350,0.7493826,14497,-9.0,11,3*D28D","G8FJG,G4YHE,G0WXI",3110,13:04:05,52.278835,0.7493826,14497,-9.0,11,3
"$$JOEY,3111,13:04:25,52.2785530,0.7526279,14260,-9.5,11,3*FE19",G4YHE,3111,13:04:25,52.278553,0.7526279,14260,-9.5,11,3
"$$JOEY,3112,13:04:45,52.2791180,0.7563279,14027,-9.5,11,3*451A","G4YHE,G6GZH",3112,13:04:45,52.279118,0.7563279,14027,-9.5,11,3
"$$JOEY,3113,13:05:05,52.2796750,0.7599121,13805,-9.5,12,3*7444","G8FJG,G4YHE,G8FJG_2",3113,13:05:05,52.279675,0.7599121,13805,-9.5,12,3
"$$JOEY,3114,13:05:25,52.2798580,0.7630442,13594,-9.5,12,3*13F5","G8FJG,G4YHE,G8FJG_2,G6GZH",3114,13:05:25,52.279858,0.7630442,13594,-9.5,12,3
"$$JOEY,3116,13:06:05,52.2805520,0.7702754,13172,-10.0,11,3*FE62","G8FJG,G4YHE,G0WXI",3116,13:06:05,52.280552,0.7702754,13172,-10.0,11,3
"$$JOEY,3115,13:05:45,52.2800410,0.7664420,13379,-9.5,12,3*9B58","G8FJG,G4YHE,G6GZH",3115,13:05:45,52.280041,0.766442,13379,-9.5,12,3
"$$JOEY,3117,13:06:25,52.2807240,0.7734501,12970,-10.0,11,3*3C41","G8FJG,G4YHE,G0WXI,G6GZH",3117,13:06:25,52.280724,0.7734501,12970,-10.0,11,3
"$$JOEY,3118,13:06:45,52.2807010,0.7760991,12768,-10.0,12,3*9613","G8FJG,G4YHE,G6GZH",3118,13:06:45,52.280701,0.7760991,12768,-10.0,12,3
"$$JOEY,3119,13:07:05,52.2806090,0.7788224,12572,-10.0,11,3*527F","G4YHE,G6GZH",3119,13:07:05,52.280609,0.7788224,12572,-10.0,11,3
"$$JOEY,3120,13:07:25,52.2800140,0.7817593,12381,-10.5,12,3*E57A","G8FJG,G4YHE,G6GZH",3120,13:07:25,52.280014,0.7817593,12381,-10.5,12,3
"$$JOEY,3121,13:07:45,52.2790110,0.7849416,12192,-10.5,12,3*8D87","G8FJG,G4YHE",3121,13:07:45,52.279011,0.7849416,12192,-10.5,12,3
"$$JOEY,3122,13:08:05,52.2786560,0.7882104,12002,-10.5,13,3*02E8","G8FJG,G4YHE,G0WXI,G6GZH",3122,13:08:05,52.278656,0.7882104,12002,-10.5,13,3
"$$JOEY,3123,13:08:25,52.2781560,0.7913023,11818,-10.5,13,3*054C","G8FJG,G4YHE,G6GZH",3123,13:08:25,52.278156,0.7913023,11818,-10.5,13,3
"$$JOEY,3125,13:09:05,52.2757070,0.7958770,11459,-11.0,12,3*647C","G8FJG,G4YHE,G0WXI,G6GZH",3125,13:09:05,52.275707,0.795877,11459,-11.0,12,3
"$$JOEY,3124,13:08:45,52.2769850,0.7937729,11635,-11.0,13,3*C087","G8FJG,G4YHE,G6GZH",3124,13:08:45,52.276985,0.7937729,11635,-11.0,13,3
"$$JOEY,3126,13:09:25,52.2739980,0.7981410,11286,-11.0,13,3*7074","G8FJG,G4YHE,G0WXI,G6GZH",3126,13:09:25,52.273998,0.798141,11286,-11.0,13,3
"$$JOEY,3127,13:09:45,52.2723310,0.8004141,11110,-11.5,13,3*5604","G8FJG,G4YHE,G0WXI",3127,13:09:45,52.272331,0.8004141,11110,-11.5,13,3
"$$JOEY,3128,13:10:05,52.2707370,0.8026902,10940,-11.5,13,3*8D76","G8FJG,G4YHE,G0WXI,G6GZH",3128,13:10:05,52.270737,0.8026902,10940,-11.5,13,3
"$$JOEY,3129,13:10:25,52.2695310,0.8057896,10773,-11.5,12,3*C89F","G8FJG,amell,G0WXI,G4YHE,G6GZH",3129,13:10:25,52.269531,0.8057896,10773,-11.5,12,3
"$$JOEY,3130,13:10:45,52.2687150,0.8092179,10614,-11.5,13,3*36CF","G4YHE,G0WXI,G6GZH",3130,13:10:45,52.268715,0.8092179,10614,-11.5,13,3
"$$JOEY,3132,13:11:25,52.2676120,0.8145472,10294,-12.0,13,3*ED65","G8FJG,G4YHE,G0WXI,G6GZH",3132,13:11:25,52.267612,0.8145472,10294,-12.0,13,3
"$$JOEY,3131,13:11:05,52.2681850,0.8118613,10453,-12.0,13,3*970A","G8FJG,G4YHE,G6GZH",3131,13:11:05,52.268185,0.8118613,10453,-12.0,13,3
"$$JOEY,3133,13:11:45,52.2671320,0.8179312,10138,-12.0,13,3*A063","G8FJG,amell,G0WXI,G4YHE,G6GZH",3133,13:11:45,52.267132,0.8179312,10138,-12.0,13,3
"$$JOEY,3134,13:12:05,52.2669940,0.8212816,9986,-12.0,12,3*4855","G8FJG,G4YHE,G0WXI,G6GZH",3134,13:12:05,52.266994,0.8212816,9986,-12.0,12,3
"$$JOEY,3135,13:12:25,52.2674870,0.8250897,9835,-12.5,12,3*AA5B","amell,G0WXI,G4YHE,G6GZH",3135,13:12:25,52.267487,0.8250897,9835,-12.5,12,3
"$$JOEY,3136,13:12:45,52.2682690,0.8286968,9686,-12.5,12,3*774C","amell,G0WXI,G4YHE,G6GZH",3136,13:12:45,52.268269,0.8286968,9686,-12.5,12,3
"$$JOEY,3137,13:13:05,52.2687610,0.8320798,9538,-12.5,12,3*0983","G8FJG,amell,G0WXI,G4YHE,G6GZH",3137,13:13:05,52.268761,0.8320798,9538,-12.5,12,3
"$$JOEY,3138,13:13:25,52.2692720,0.8354659,9388,-13.0,12,3*EFCE","G8FJG,amell,G0WXI,G4YHE,G6GZH",3138,13:13:25,52.269272,0.8354659,9388,-13.0,12,3
"$$JOEY,3139,13:13:45,52.2697720,0.8389275,9239,-13.0,12,3*3B61","G8FJG,amell,G0WXI,G4YHE,G6GZH",3139,13:13:45,52.269772,0.8389275,9239,-13.0,12,3
"$$JOEY,3140,13:14:05,52.2700230,0.8422455,9093,-13.0,13,3*FC3D","G8FJG,amell,G0WXI,G4YHE,G6GZH",3140,13:14:05,52.270023,0.8422455,9093,-13.0,13,3
"$$JOEY,3141,13:14:25,52.2700080,0.8452786,8950,-13.0,13,3*5A9A","G8FJG,amell,G0WXI,G4YHE,G6GZH",3141,13:14:25,52.270008,0.8452786,8950,-13.0,13,3
"$$JOEY,3142,13:14:45,52.2698860,0.8481453,8803,-13.5,13,3*F358","G8FJG,amell,G0WXI,G4YHE,G6GZH",3142,13:14:45,52.269886,0.8481453,8803,-13.5,13,3
"$$JOEY,3143,13:15:05,52.2697140,0.8512704,8661,-13.5,13,3*6576","G8FJG,amell,G0WXI,G4YHE,G6GZH",3143,13:15:05,52.269714,0.8512704,8661,-13.5,13,3
"$$JOEY,3144,13:15:25,52.2693750,0.8545679,8518,-13.5,13,3*F4A2","G8FJG,amell,G0WXI,G4YHE,G6GZH",3144,13:15:25,52.269375,0.8545679,8518,-13.5,13,3
"$$JOEY,3145,13:15:45,52.2690050,0.8579123,8374,-13.5,13,3*0C0E","G8FJG,amell,G0WXI,G4YHE,G6GZH",3145,13:15:45,52.269005,0.8579123,8374,-13.5,13,3
"$$JOEY,3146,13:16:05,52.2688560,0.8611758,8231,-14.0,12,3*17D0","G8FJG,amell,G0WXI,G4YHE,G6GZH",3146,13:16:05,52.268856,0.8611758,8231,-14.0,12,3
"$$JOEY,3147,13:16:25,52.2687640,0.8645719,8092,-14.0,12,3*5EE5","G8FJG,amell,G0WXI,G4YHE,G6GZH",3147,13:16:25,52.268764,0.8645719,8092,-14.0,12,3
"$$JOEY,3148,13:16:45,52.2687570,0.8677515,7957,-14.0,12,3*09C0","G8FJG,amell,G0WXI,G4YHE,G6GZH",3148,13:16:45,52.268757,0.8677515,7957,-14.0,12,3
"$$JOEY,3149,13:17:05,52.2688900,0.8707444,7822,-14.0,11,3*26A4","G8FJG,amell,G0WXI,G4YHE,G6GZH",3149,13:17:05,52.26889,0.8707444,7822,-14.0,11,3
"$$JOEY,3150,13:17:25,52.2691420,0.8739772,7689,-14.0,11,3*30B8","G8FJG,amell,G0WXI,G4YHE,G6GZH",3150,13:17:25,52.269142,0.8739772,7689,-14.0,11,3
"$$JOEY,3151,13:17:45,52.2694510,0.8773718,7557,-14.0,10,3*6C5A","G8FJG,amell,G0WXI,G4YHE,G6GZH",3151,13:17:45,52.269451,0.8773718,7557,-14.0,10,3
"$$JOEY,3152,13:18:05,52.2697410,0.8803065,7427,-14.0,12,3*51E7","G8FJG,amell,G0WXI,G4YHE,G6GZH",3152,13:18:05,52.269741,0.8803065,7427,-14.0,12,3
"$$JOEY,3153,13:18:25,52.2700200,0.8830777,7294,-14.5,12,3*7C2F","G8FJG,amell,G0WXI,G4YHE,G6GZH",3153,13:18:25,52.27002,0.8830777,7294,-14.5,12,3
"$$JOEY,3154,13:18:45,52.2703900,0.8860413,7167,-14.5,12,3*CD8D","G8FJG,amell,G0WXI,G4YHE,G6GZH",3154,13:18:45,52.27039,0.8860413,7167,-14.5,12,3
"$$JOEY,3156,13:19:25,52.2709580,0.8918175,6907,-14.5,12,3*A4AA","G8FJG,G4YHE,G0WXI,G6GZH",3156,13:19:25,52.270958,0.8918175,6907,-14.5,12,3
"$$JOEY,3155,13:19:05,52.2707330,0.8890746,7037,-14.5,12,3*B178","G8FJG,amell,G0WXI,G4YHE,G6GZH",3155,13:19:05,52.270733,0.8890746,7037,-14.5,12,3
"$$JOEY,3157,13:19:45,52.2712250,0.8946138,6778,-14.5,12,3*BC95","G8FJG,amell,G0WXI,G4YHE,G6GZH",3157,13:19:45,52.271225,0.8946138,6778,-14.5,12,3
"$$JOEY,3158,13:20:05,52.2718120,0.8973385,6648,-14.5,12,3*08CF","G8FJG,amell,G0WXI,G4YHE,G6GZH",3158,13:20:05,52.271812,0.8973385,6648,-14.5,12,3
"$$JOEY,3159,13:20:25,52.2723120,0.9000971,6522,-14.5,12,3*3946","G8FJG,amell,G0WXI,G4YHE,G6GZH",3159,13:20:25,52.272312,0.9000971,6522,-14.5,12,3
"$$JOEY,3160,13:20:45,52.2727200,0.9028003,6396,-14.5,12,3*34DB","G8FJG,G4YHE,G6GZH",3160,13:20:45,52.27272,0.9028003,6396,-14.5,12,3
"$$JOEY,3162,13:21:25,52.2733760,0.9080065,6149,-14.5,12,3*A70D","G8FJG,G4YHE,G0WXI,G6GZH",3162,13:21:25,52.273376,0.9080065,6149,-14.5,12,3
"$$JOEY,3161,13:21:05,52.2730290,0.9054659,6272,-14.5,12,3*A823","G8FJG,G4YHE,G6GZH",3161,13:21:05,52.273029,0.9054659,6272,-14.5,12,3
"$$JOEY,3163,13:21:45,52.2737430,0.9106929,6025,-14.0,12,3*EACD","G8FJG,G4YHE,G0WXI,G6GZH",3163,13:21:45,52.273743,0.9106929,6025,-14.0,12,3
"$$JOEY,3164,13:22:05,52.2741780,0.9134608,5901,-14.0,10,3*C9C0","G8FJG,G4YHE,G0WXI,G6GZH",3164,13:22:05,52.274178,0.9134608,5901,-14.0,10,3
"$$JOEY,3165,13:22:25,52.2745550,0.9163142,5780,-14.0,11,3*9789","G8FJG,G4YHE,G0WXI,G6GZH",3165,13:22:25,52.274555,0.9163142,5780,-14.0,11,3
"$$JOEY,3166,13:22:45,52.2748340,0.9192159,5656,-14.0,11,3*CBE2","G8FJG,G4YHE,G0WXI,G6GZH",3166,13:22:45,52.274834,0.9192159,5656,-14.0,11,3
"$$JOEY,3167,13:23:05,52.2751160,0.9220616,5536,-14.0,11,3*12CE","G8FJG,G4YHE,G0WXI,G6GZH",3167,13:23:05,52.275116,0.9220616,5536,-14.0,11,3
"$$JOEY,3168,13:23:25,52.2754060,0.9248936,5415,-14.0,11,3*03B0","G8FJG,G4YHE,G0WXI,G6GZH",3168,13:23:25,52.275406,0.9248936,5415,-14.0,11,3
"$$JOEY,3169,13:23:45,52.2758480,0.9278480,5293,-14.0,11,3*997F","G8FJG,G4YHE,G0WXI,G6GZH",3169,13:23:45,52.275848,0.927848,5293,-14.0,11,3
"$$JOEY,3170,13:24:05,52.2765200,0.9308260,5174,-13.5,11,3*1484","G8FJG,G4YHE,G0WXI,G6GZH",3170,13:24:05,52.27652,0.930826,5174,-13.5,11,3
"$$JOEY,3172,13:24:45,52.2781110,0.9361988,4941,-13.5,11,3*6539","G8FJG,G4YHE,G0WXI,G6GZH",3172,13:24:45,52.278111,0.9361988,4941,-13.5,11,3
"$$JOEY,3171,13:24:25,52.2772370,0.9335890,5056,-13.5,11,3*D067","G8FJG,amell,G0WXI,G4YHE,G6GZH",3171,13:24:25,52.277237,0.933589,5056,-13.5,11,3
"$$JOEY,3173,13:25:05,52.2789570,0.9385915,4825,-13.5,10,3*34EE","G8FJG,G4YHE,G0WXI,G6GZH",3173,13:25:05,52.278957,0.9385915,4825,-13.5,10,3
"$$JOEY,3175,13:25:45,52.2806360,0.9433085,4594,-13.0,10,3*9DB7","G8FJG,G4YHE,G0WXI,G6GZH",3175,13:25:45,52.280636,0.9433085,4594,-13.0,10,3
"$$JOEY,3174,13:25:25,52.2797580,0.9408883,4710,-13.0,11,3*1064","G8FJG,G4YHE,G6GZH",3174,13:25:25,52.279758,0.9408883,4710,-13.0,11,3
"$$JOEY,3176,13:26:05,52.2814870,0.9459674,4485,-13.0,11,3*23F0","G8FJG,G4YHE,G0WXI,G6GZH",3176,13:26:05,52.281487,0.9459674,4485,-13.0,11,3
"$$JOEY,3177,13:26:25,52.2824130,0.9485533,4369,-12.5,11,3*B4A3","G8FJG,G4YHE,G0WXI,G6GZH",3177,13:26:25,52.282413,0.9485533,4369,-12.5,11,3
"$$JOEY,3178,13:26:45,52.2832790,0.9510099,4259,-12.5,11,3*FBAA","G8FJG,G4YHE,G0WXI,G6GZH",3178,13:26:45,52.283279,0.9510099,4259,-12.5,11,3
"$$JOEY,3179,13:27:05,52.2839780,0.9533660,4161,-12.5,11,3*ADB3","G8FJG,G4YHE,G0WXI,G6GZH",3179,13:27:05,52.283978,0.953366,4161,-12.5,11,3
"$$JOEY,3180,13:27:25,52.2844510,0.9557779,4046,-12.0,11,3*A68D","G8FJG,G4YHE,G0WXI,G6GZH",3180,13:27:25,52.284451,0.9557779,4046,-12.0,11,3
"$$JOEY,3181,13:27:45,52.2850570,0.9581110,3936,-12.0,11,3*5CAC","G8FJG,G4YHE,G0WXI,G6GZH",3181,13:27:45,52.285057,0.958111,3936,-12.0,11,3
"$$JOEY,3182,13:28:05,52.2856100,0.9605083,3833,-11.5,11,3*8831","G8FJG,G4YHE,G0WXI,G6GZH",3182,13:28:05,52.28561,0.9605083,3833,-11.5,11,3
"$$JOEY,3183,13:28:25,52.2862700,0.9630273,3730,-11.5,11,3*12A4","G8FJG,G4YHE,G0WXI,G6GZH",3183,13:28:25,52.28627,0.9630273,3730,-11.5,11,3
"$$JOEY,3184,13:28:45,52.2869220,0.9653133,3627,-11.0,11,3*E814","G8FJG,G4YHE,G0WXI,G6GZH",3184,13:28:45,52.286922,0.9653133,3627,-11.0,11,3
"$$JOEY,3185,13:29:05,52.2875630,0.9675932,3525,-11.0,11,3*3F8E","G8FJG,G4YHE,G0WXI,G6GZH",3185,13:29:05,52.287563,0.9675932,3525,-11.0,11,3
"$$JOEY,3186,13:29:25,52.2882460,0.9700460,3425,-10.5,11,3*3821","G8FJG,G4YHE,G0WXI,G6GZH",3186,13:29:25,52.288246,0.970046,3425,-10.5,11,3
"$$JOEY,3187,13:29:45,52.2888530,0.9724731,3328,-10.5,12,3*0DF1","G8FJG,G4YHE,G0WXI,G6GZH",3187,13:29:45,52.288853,0.9724731,3328,-10.5,12,3
"$$JOEY,3188,13:30:05,52.2895470,0.9747920,3232,-10.0,12,3*CFFE","G8FJG,G4YHE,G0WXI,G6GZH",3188,13:30:05,52.289547,0.974792,3232,-10.0,12,3
"$$JOEY,3189,13:30:25,52.2901730,0.9772475,3134,-10.0,12,3*40D7","G8FJG,G4YHE,G0WXI,G6GZH",3189,13:30:25,52.290173,0.9772475,3134,-10.0,12,3
"$$JOEY,3190,13:30:45,52.2908060,0.9795007,3036,-9.5,12,3*5E6A","G8FJG,G4YHE,G0WXI,G6GZH",3190,13:30:45,52.290806,0.9795007,3036,-9.5,12,3
"$$JOEY,3191,13:31:05,52.2914580,0.9814626,2939,-9.5,12,3*4794","G8FJG,G4YHE,G0WXI,G6GZH",3191,13:31:05,52.291458,0.9814626,2939,-9.5,12,3
"$$JOEY,3192,13:31:25,52.2922020,0.9833908,2839,-9.0,12,3*FFFD","G8FJG,G4YHE,G0WXI,G6GZH",3192,13:31:25,52.292202,0.9833908,2839,-9.0,12,3
"$$JOEY,3193,13:31:45,52.2928770,0.9853365,2737,-8.5,12,3*E477","G8FJG,G4YHE,G0WXI,G6GZH",3193,13:31:45,52.292877,0.9853365,2737,-8.5,12,3
"$$JOEY,3194,13:32:05,52.2933500,0.9875392,2630,-8.5,12,3*AD79","G8FJG,G4YHE,G0WXI,G6GZH",3194,13:32:05,52.29335,0.9875392,2630,-8.5,12,3
"$$JOEY,3195,13:32:25,52.2936630,0.9901587,2528,-8.0,12,3*8DC3","G8FJG,G4YHE,G0WXI,G6GZH",3195,13:32:25,52.293663,0.9901587,2528,-8.0,12,3
"$$JOEY,3196,13:32:45,52.2940250,0.9927498,2429,-8.0,12,3*443B","G8FJG,G4YHE,G0WXI,G6GZH",3196,13:32:45,52.294025,0.9927498,2429,-8.0,12,3
"$$JOEY,3197,13:33:05,52.2943950,0.9954475,2336,-7.5,12,3*06E4","G8FJG,G4YHE,G0WXI,G6GZH",3197,13:33:05,52.294395,0.9954475,2336,-7.5,12,3
"$$JOEY,3198,13:33:25,52.2948070,0.9983999,2250,-7.0,12,3*7394","G8FJG,G4YHE,G0WXI,G6GZH",3198,13:33:25,52.294807,0.9983999,2250,-7.0,12,3
"$$JOEY,3199,13:33:45,52.2951320,1.0010310,2161,-7.0,12,3*4A05","G8FJG,G0WXI,G6GZH",3199,13:33:45,52.295132,1.001031,2161,-7.0,12,3
"$$JOEY,3200,13:34:05,52.2952880,1.0036922,2077,-6.5,12,3*8669","G8FJG,G4YHE,G0WXI,G6GZH",3200,13:34:05,52.295288,1.0036922,2077,-6.5,12,3
"$$JOEY,3201,13:34:25,52.2954060,1.0066185,1990,-6.0,12,3*709F","G8FJG,G0WXI,G6GZH",3201,13:34:25,52.295406,1.0066185,1990,-6.0,12,3
"$$JOEY,3202,13:34:45,52.2955510,1.0095755,1899,-6.0,12,3*6227","G8FJG,G0WXI,G6GZH",3202,13:34:45,52.295551,1.0095755,1899,-6.0,12,3
"$$JOEY,3205,13:35:45,52.2960010,1.0178273,1604,-4.5,12,3*010E","G0WXI,G6GZH",3205,13:35:45,52.296001,1.0178273,1604,-4.5,12,3
"$$JOEY,3203,13:35:05,52.2956280,1.0124277,1796,-5.5,12,3*8E6F","G8FJG,G0WXI,G6GZH",3203,13:35:05,52.295628,1.0124277,1796,-5.5,12,3
"$$JOEY,3206,13:36:05,52.2961430,1.0207204,1515,-4.5,12,3*6337","G0WXI,G6GZH",3206,13:36:05,52.296143,1.0207204,1515,-4.5,12,3
"$$JOEY,3204,13:35:25,52.2957460,1.0151261,1693,-5.0,12,3*8322","G8FJG,G0WXI,G6GZH",3204,13:35:25,52.295746,1.0151261,1693,-5.0,12,3
"$$JOEY,3207,13:36:25,52.2963180,1.0235590,1438,-4.0,12,3*FF5D","G0WXI,G6GZH",3207,13:36:25,52.296318,1.023559,1438,-4.0,12,3
"$$JOEY,3208,13:36:45,52.2966190,1.0263615,1357,-3.5,12,3*8928","G0WXI,G6GZH",3208,13:36:45,52.296619,1.0263615,1357,-3.5,12,3
"$$JOEY,3209,13:37:05,52.2970770,1.0290523,1269,-3.5,12,3*CCA6","G0WXI,G6GZH",3209,13:37:05,52.297077,1.0290523,1269,-3.5,12,3
"$$JOEY,3210,13:37:25,52.2974470,1.0317962,1185,-3.0,12,3*2E4F","G0WXI,G6GZH",3210,13:37:25,52.297447,1.0317962,1185,-3.0,12,3
"$$JOEY,3212,13:38:05,52.2983670,1.0363208,1019,-2.0,12,3*3D10","G0WXI,G6GZH",3212,13:38:05,52.298367,1.0363208,1019,-2.0,12,3
"$$JOEY,3213,13:38:25,52.2989200,1.0383188,926,-2.0,12,3*B268","G0WXI,G6GZH",3213,13:38:25,52.29892,1.0383188,926,-2.0,12,3
"$$JOEY,3211,13:37:45,52.2978320,1.0342970,1106,-2.5,12,3*04E4",G6GZH,3211,13:37:45,52.297832,1.034297,1106,-2.5,12,3
"$$JOEY,3216,13:39:22,52.3005980,1.0435905,683,-1.0,12,3*B400","G0WXI,G6GZH",3216,13:39:22,52.300598,1.0435905,683,-1.0,12,3
"$$JOEY,3214,13:38:44,52.2994350,1.0401570,847,-1.5,12,3*3CCB",G6GZH,3214,13:38:44,52.299435,1.040157,847,-1.5,12,3
"$$JOEY,3215,13:39:03,52.3000140,1.0419289,762,-1.0,12,3*8D02",G6GZH,3215,13:39:03,52.300014,1.0419289,762,-1.0,12,3
"$$JOEY,3217,13:39:41,52.3012350,1.0451183,601,-0.5,11,3*3024",G6GZH,3217,13:39:41,52.301235,1.0451183,601,-0.5,11,3
"$$JOEY,3218,13:40:00,52.3017460,1.0469402,519,0.0,12,3*ECC9",G6GZH,3218,13:40:00,52.301746,1.0469402,519,0.0,12,3
