_sentence,_receivers,sentence_id,time,latitude,longitude,altitude,speed,satellites,gps_lock,temperature_internal,temperature_external,battery
"$$MTG002,54,00:00:00,00.0000,000.0000,00000,000,00,0,52,37,304*6686",VK3XCO-12,54,00:00:00,0.0,0.0,0,0,0,0,52,37,304
"$$MTG002,52,00:00:00,00.0000,000.0000,00000,000,00,0,52,37,304*6D27",VK3XCO-12,52,00:00:00,0.0,0.0,0,0,0,0,52,37,304
"$$MTG002,37,00:00:00,00.0000,000.0000,00000,000,00,0,46,31,313*9130",VK3XCO-12,37,00:00:00,0.0,0.0,0,0,0,0,46,31,313
"$$MTG002,22,00:00:00,00.0000,000.0000,00000,000,00,0,43,31,326*D5E5",VK3XCO-12,22,00:00:00,0.0,0.0,0,0,0,0,43,31,326
"$$MTG002,9,00:00:00,00.0000,000.0000,00000,000,00,0,44,32,306*5B1F",VK3XCO-12,9,00:00:00,0.0,0.0,0,0,0,0,44,32,306
"$$MTG002,61,00:13:06,-37.0001,145.8057,00351,000,06,0,48,37,309*69C4",VK3XCO-12,61,00:13:06,-37.0001,145.8057,351,0,6,0,48,37,309
"$$MTG002,59,00:13:06,-37.0001,145.8057,00351,000,06,1,48,37,309*3A61",VK3XCO-12,59,00:13:06,-37.0001,145.8057,351,0,6,1,48,37,309
"$$MTG002,60,00:13:06,-37.0001,145.8057,00351,000,06,0,48,37,309*E638",VK3XCO-12,60,00:13:06,-37.0001,145.8057,351,0,6,0,48,37,309
"$$MTG002,62,00:14:33,-37.0001,145.8057,00351,000,06,0,48,37,309*8C34",VK3XCO-12,62,00:14:33,-37.0001,145.8057,351,0,6,0,48,37,309
"$$MTG002,63,00:14:39,-37.0002,145.8061,00351,017,06,1,48,37,309*7CD6",VK3XCO-12,63,00:14:39,-37.0002,145.8061,351,17,6,1,48,37,309
"$$MTG002,64,00:14:39,-37.0002,145.8061,00351,017,06,1,48,37,309*E341",VK3XCO-12,64,00:14:39,-37.0002,145.8061,351,17,6,1,48,37,309
"$$MTG002,65,00:14:45,-37.0002,145.8061,00351,017,04,0,48,37,309*222A",VK3XCO-12,65,00:14:45,-37.0002,145.8061,351,17,4,0,48,37,309
"$$MTG002,66,00:14:45,-37.0002,145.8061,00351,017,04,0,48,37,309*A20F",VK3XCO-12,66,00:14:45,-37.0002,145.8061,351,17,4,0,48,37,309
"$$MTG002,67,00:14:58,-37.0002,145.8061,00351,017,04,0,48,37,309*AE8F",VK3XCO-12,67,00:14:58,-37.0002,145.8061,351,17,4,0,48,37,309
"$$MTG002,69,00:15:16,-37.0000,145.8060,00351,012,04,1,48,37,309*2152",VK3XCO-12,69,00:15:16,-37.0,145.806,351,12,4,1,48,37,309
"$$MTG002,68,00:15:16,-37.0000,145.8060,00351,012,04,1,48,37,309*AEAE",VK3XCO-12,68,00:15:16,-37.0,145.806,351,12,4,1,48,37,309
"$$MTG002,79,00:18:53,-37.0000,145.8057,00357,004,08,0,54,38,307*DF78",VK3XCO-12,79,00:18:53,-37.0,145.8057,357,4,8,0,54,38,307
"$$MTG002,83,00:20:08,-36.9998,145.8055,00340,006,09,0,54,38,307*F870",VK3XCO-12,83,00:20:08,-36.9998,145.8055,340,6,9,0,54,38,307
"$$MTG002,82,00:20:08,-36.9998,145.8055,00340,006,09,1,54,38,307*AFC5",VK3XCO-12,82,00:20:08,-36.9998,145.8055,340,6,9,1,54,38,307
"$$MTG002,81,00:20:08,-36.9998,145.8055,00357,006,08,0,54,38,307*EF25",VK3XCO-12,81,00:20:08,-36.9998,145.8055,357,6,8,0,54,38,307
"$$MTG002,80,00:20:08,-36.9998,145.8055,00357,006,08,1,54,38,307*B890",VK3XCO-12,80,00:20:08,-36.9998,145.8055,357,6,8,1,54,38,307
"$$MTG002,84,00:20:21,-36.9997,145.8054,00340,004,09,1,54,38,307*9F6E",VK3XCO-12,84,00:20:21,-36.9997,145.8054,340,4,9,1,54,38,307
"$$MTG002,94,00:24:04,-37.0005,145.8060,00675,009,08,0,52,38,307*FC2D",VK3XCO-12,94,00:24:04,-37.0005,145.806,675,9,8,0,52,38,307
"$$MTG002,92,00:24:04,-37.0005,145.8060,00340,009,09,0,52,38,307*EEF8",VK3XCO-12,92,00:24:04,-37.0005,145.806,340,9,9,0,52,38,307
"$$MTG002,93,00:24:04,-37.0005,145.8060,00675,009,08,1,52,38,307*BBF3",VK3XCO-12,93,00:24:04,-37.0005,145.806,675,9,8,1,52,38,307
"$$MTG002,95,00:25:16,-37.0030,145.8066,00675,020,08,1,52,38,307*ECC2",VK3XCO-12,95,00:25:16,-37.003,145.8066,675,20,8,1,52,38,307
"$$MTG002,105,00:27:50,-37.0088,145.8109,00675,017,08,0,48,37,310*776B",VK3XCO-12,105,00:27:50,-37.0088,145.8109,675,17,8,0,48,37,310
"$$MTG002,106,00:28:37,-37.0099,145.8127,00675,017,08,1,48,37,310*F020",VK3XCO-12,106,00:28:37,-37.0099,145.8127,675,17,8,1,48,37,310
"$$MTG002,107,00:28:37,-37.0099,145.8127,00675,017,08,0,48,37,310*A795",VK3XCO-12,107,00:28:37,-37.0099,145.8127,675,17,8,0,48,37,310
"$$MTG002,108,00:30:03,-37.0115,145.8162,00675,021,08,1,48,37,310*EB33",VK3XCO-12,108,00:30:03,-37.0115,145.8162,675,21,8,1,48,37,310
"$$MTG002,109,00:30:26,-37.0117,145.8175,00675,018,08,1,48,37,310*B21A",VK3XCO-12,109,00:30:26,-37.0117,145.8175,675,18,8,1,48,37,310
"$$MTG002,118,00:32:47,-37.0148,145.8287,01131,029,08,0,47,36,310*06F4",VK3XCO-12,118,00:32:47,-37.0148,145.8287,1131,29,8,0,47,36,310
"$$MTG002,119,00:32:47,-37.0148,145.8287,01131,029,08,0,47,36,310*8908",VK3XCO-12,119,00:32:47,-37.0148,145.8287,1131,29,8,0,47,36,310
"$$MTG002,121,00:33:47,-37.0159,145.8341,01131,035,08,0,47,36,310*03DE",VK3XCO-12,121,00:33:47,-37.0159,145.8341,1131,35,8,0,47,36,310
"$$MTG002,120,00:33:47,-37.0159,145.8341,01131,035,08,1,47,36,310*546B",VK3XCO-12,120,00:33:47,-37.0159,145.8341,1131,35,8,1,47,36,310
"$$MTG002,122,00:35:04,-37.0169,145.8427,01131,045,08,1,47,36,310*2F97",VK3XCO-12,122,00:35:04,-37.0169,145.8427,1131,45,8,1,47,36,310
"$$MTG002,131,00:38:00,-37.0202,145.8654,01442,043,08,0,47,35,310*0E01",VK3XCO-12,131,00:38:00,-37.0202,145.8654,1442,43,8,0,47,35,310
"$$MTG002,132,00:38:06,-37.0204,145.8662,01442,042,08,1,47,35,310*DA10",VK3XCO-12,132,00:38:06,-37.0204,145.8662,1442,42,8,1,47,35,310
"$$MTG002,134,00:38:29,-37.0212,145.8692,01442,045,08,0,47,35,310*B091",VK3XCO-12,134,00:38:29,-37.0212,145.8692,1442,45,8,0,47,35,310
"$$MTG002,144,00:42:31,-37.0344,145.9030,02006,056,08,0,48,34,306*17E0",VK3XCO-12,144,00:42:31,-37.0344,145.903,2006,56,8,0,48,34,306
"$$MTG002,145,00:43:36,-37.0376,145.9127,02059,056,07,1,48,34,306*FDB2",VK3XCO-12,145,00:43:36,-37.0376,145.9127,2059,56,7,1,48,34,306
"$$MTG002,147,00:44:20,-37.0392,145.9191,02059,049,07,0,48,34,306*3AB9",VK3XCO-12,147,00:44:20,-37.0392,145.9191,2059,49,7,0,48,34,306
"$$MTG002,146,00:44:20,-37.0392,145.9191,02059,049,07,1,48,34,306*6D0C",VK3XCO-12,146,00:44:20,-37.0392,145.9191,2059,49,7,1,48,34,306
"$$MTG002,148,00:44:32,-37.0396,145.9208,02059,054,07,1,48,34,306*F0BA",VK3XCO-12,148,00:44:32,-37.0396,145.9208,2059,54,7,1,48,34,306
"$$MTG002,153,00:46:53,-37.0446,145.9431,02344,061,08,1,45,33,310*0041",vk3tbc-15,153,00:46:53,-37.0446,145.9431,2344,61,8,1,45,33,310
"$$MTG002,156,00:47:07,-37.0452,145.9455,02344,060,08,0,44,32,309*9261",VK3XCO-12,156,00:47:07,-37.0452,145.9455,2344,60,8,0,44,32,309
"$$MTG002,158,00:48:51,-37.0493,145.9649,02344,069,08,0,44,32,309*184D","vk3tbc-15,VK3XCO-12",158,00:48:51,-37.0493,145.9649,2344,69,8,0,44,32,309
"$$MTG002,160,00:48:51,-37.0493,145.9649,02497,069,07,0,44,32,309*6034",VK3XCO-12,160,00:48:51,-37.0493,145.9649,2497,69,7,0,44,32,309
"$$MTG002,159,00:48:51,-37.0493,145.9649,02497,069,07,1,44,32,309*BC6D",VK3XCO-12,159,00:48:51,-37.0493,145.9649,2497,69,7,1,44,32,309
"$$MTG002,157,00:48:51,-37.0493,145.9649,02344,069,08,1,44,32,309*60F7","vk3tbc-15,VK3XCO-12",157,00:48:51,-37.0493,145.9649,2344,69,8,1,44,32,309
"$$MTG002,172,00:52:25,-37.0584,146.0063,02611,071,06,0,46,30,304*9EB3","vk3fadi,vk3tbc-15",172,00:52:25,-37.0584,146.0063,2611,71,6,0,46,30,304
"$$MTG002,170,00:52:25,-37.0584,146.0063,02611,071,06,0,46,30,304*916A","vk3tbc-15,VK3XCO-12",170,00:52:25,-37.0584,146.0063,2611,71,6,0,46,30,304
"$$MTG002,171,00:52:25,-37.0584,146.0063,02611,071,06,0,46,30,304*1E96","vk3fadi,vk3tbc-15",171,00:52:25,-37.0584,146.0063,2611,71,6,0,46,30,304
"$$MTG002,169,00:52:25,-37.0584,146.0063,02611,071,06,1,46,30,304*65DC",VK3XCO-12,169,00:52:25,-37.0584,146.0063,2611,71,6,1,46,30,304
"$$MTG002,173,00:53:40,-37.0614,146.0208,02611,065,06,1,46,30,304*9AE6","vk3fadi,vk3tbc-15",173,00:53:40,-37.0614,146.0208,2611,65,6,1,46,30,304
"$$MTG002,175,00:54:02,-37.0623,146.0250,02611,068,06,1,42,29,306*F2EC",vk3tbc-15,175,00:54:02,-37.0623,146.025,2611,68,6,1,42,29,306
"$$MTG002,178,00:56:29,-37.0686,146.0552,02611,073,06,1,42,29,306*041C",vk3tbc-15,178,00:56:29,-37.0686,146.0552,2611,73,6,1,42,29,306
"$$MTG002,181,00:56:39,-37.0690,146.0573,02611,069,06,0,44,28,303*2846",vk3tbc-15,181,00:56:39,-37.069,146.0573,2611,69,6,0,44,28,303
"$$MTG002,182,00:57:58,-37.0719,146.0743,02611,074,06,1,44,28,303*BD23",vk3fadi,182,00:57:58,-37.0719,146.0743,2611,74,6,1,44,28,303
"$$MTG002,183,00:57:58,-37.0719,146.0743,02611,074,06,0,44,28,303*EA96",vk3tbc-15,183,00:57:58,-37.0719,146.0743,2611,74,6,0,44,28,303
"$$MTG002,184,00:57:58,-37.0719,146.0743,03144,074,09,1,44,28,303*490A",VK3YSP,184,00:57:58,-37.0719,146.0743,3144,74,9,1,44,28,303
"$$MTG002,185,00:57:58,-37.0719,146.0743,03144,074,09,0,44,28,303*1EBF","vk3fadi,vk3tbc-15",185,00:57:58,-37.0719,146.0743,3144,74,9,0,44,28,303
"$$MTG002,187,01:00:31,-37.0773,146.1065,03144,068,09,1,40,27,307*0C94",vk3tbc-15,187,01:00:31,-37.0773,146.1065,3144,68,9,1,40,27,307
"$$MTG002,189,01:00:31,-37.0773,146.1065,03340,068,09,1,40,27,307*2EE7",vk3tbc-15,189,01:00:31,-37.0773,146.1065,3340,68,9,1,40,27,307
"$$MTG002,191,01:00:31,-37.0773,146.1065,03340,068,09,0,40,27,307*55AD",vk3tbc-15,191,01:00:31,-37.0773,146.1065,3340,68,9,0,40,27,307
"$$MTG002,188,01:00:31,-37.0773,146.1065,03144,068,09,0,40,27,307*742E",vk3tbc-15,188,01:00:31,-37.0773,146.1065,3144,68,9,0,40,27,307
"$$MTG002,190,01:00:31,-37.0773,146.1065,03340,068,09,0,40,27,307*DA51",vk3tbc-15,190,01:00:31,-37.0773,146.1065,3340,68,9,0,40,27,307
"$$MTG002,195,01:01:40,-37.0794,146.1209,03431,068,09,0,38,26,305*D8D0","vk3fadi,VK3YSP",195,01:01:40,-37.0794,146.1209,3431,68,9,0,38,26,305
"$$MTG002,199,01:03:30,-37.0824,146.1440,03431,066,09,0,38,26,305*A1BC","vk3tbc-15,VK3YSP",199,01:03:30,-37.0824,146.144,3431,66,9,0,38,26,305
"$$MTG002,202,01:03:40,-37.0827,146.1461,03532,069,09,1,43,25,305*76A8",vk3tbc-15,202,01:03:40,-37.0827,146.1461,3532,69,9,1,43,25,305
"$$MTG002,203,01:04:33,-37.0837,146.1575,03532,069,09,1,43,25,305*F552",vk3tbc-15,203,01:04:33,-37.0837,146.1575,3532,69,9,1,43,25,305
"$$MTG002,204,01:06:08,-37.0854,146.1776,03532,068,09,1,43,25,305*0125",vk3tbc-15,204,01:06:08,-37.0854,146.1776,3532,68,9,1,43,25,305
"$$MTG002,205,01:06:18,-37.0856,146.1797,03532,065,09,1,43,25,305*D5E6",vk3tbc-15,205,01:06:18,-37.0856,146.1797,3532,65,9,1,43,25,305
"$$MTG002,209,01:06:38,-37.0859,146.1839,03532,068,09,0,36,24,304*6370","vk3tbc-15,VK3YSP",209,01:06:38,-37.0859,146.1839,3532,68,9,0,36,24,304
"$$MTG002,210,01:06:38,-37.0859,146.1839,03532,068,09,0,36,24,304*4F8F",vk3tbc-15,210,01:06:38,-37.0859,146.1839,3532,68,9,0,36,24,304
"$$MTG002,211,01:06:38,-37.0859,146.1839,03532,068,09,0,36,24,304*C073",vk3tbc-15,211,01:06:38,-37.0859,146.1839,3532,68,9,0,36,24,304
"$$MTG002,208,01:06:38,-37.0859,146.1839,03532,068,09,1,36,24,304*34C5","vk3tbc-15,VK3YSP",208,01:06:38,-37.0859,146.1839,3532,68,9,1,36,24,304
"$$MTG002,212,01:08:22,-37.0871,146.2066,03532,072,09,1,36,24,304*76C4",vk3tbc-15,212,01:08:22,-37.0871,146.2066,3532,72,9,1,36,24,304
"$$MTG002,214,01:08:22,-37.0871,146.2066,03793,072,10,1,36,23,303*DE7C",vk3tbc-15,214,01:08:22,-37.0871,146.2066,3793,72,10,1,36,23,303
"$$MTG002,217,01:10:53,-37.0882,146.2398,04032,074,10,1,36,23,303*2024",vk3tbc-15,217,01:10:53,-37.0882,146.2398,4032,74,10,1,36,23,303
"$$MTG002,216,01:10:53,-37.0882,146.2398,03793,074,10,0,36,23,303*0CA0",vk3tbc-15,216,01:10:53,-37.0882,146.2398,3793,74,10,0,36,23,303
"$$MTG002,215,01:10:53,-37.0882,146.2398,03793,074,10,1,36,23,303*54CC",vk3tbc-15,215,01:10:53,-37.0882,146.2398,3793,74,10,1,36,23,303
"$$MTG002,227,01:11:52,-37.0885,146.2536,04032,078,10,0,37,21,301*E108",vk3tbc-15,227,01:11:52,-37.0885,146.2536,4032,78,10,0,37,21,301
"$$MTG002,232,01:11:52,-37.0885,146.2536,04032,078,10,0,36,20,299*0C03",vk3tbc-15,232,01:11:52,-37.0885,146.2536,4032,78,10,0,36,20,299
"$$MTG002,236,01:11:52,-37.0885,146.2536,04032,078,10,0,32,19,301*76E0",vk3tbc-15,236,01:11:52,-37.0885,146.2536,4032,78,10,0,32,19,301
"$$MTG002,242,01:11:52,-37.0885,146.2536,04032,078,10,0,45,18,297*BD88",VK3YSP,242,01:11:52,-37.0885,146.2536,4032,78,10,0,45,18,297
"$$MTG002,229,01:11:52,-37.0885,146.2536,04032,078,10,0,37,21,301*CE07",vk3tbc-15,229,01:11:52,-37.0885,146.2536,4032,78,10,0,37,21,301
"$$MTG002,237,01:11:52,-37.0885,146.2536,04032,078,10,0,32,19,301*F91C",vk3tbc-15,237,01:11:52,-37.0885,146.2536,4032,78,10,0,32,19,301
"$$MTG002,234,01:11:52,-37.0885,146.2536,04032,078,10,0,36,20,299*1C68","vk3tbc-15,VK3YSP",234,01:11:52,-37.0885,146.2536,4032,78,10,0,36,20,299
"$$MTG002,221,01:11:52,-37.0885,146.2536,04032,078,10,1,38,21,300*E0C9",vk3tbc-15,221,01:11:52,-37.0885,146.2536,4032,78,10,1,38,21,300
"$$MTG002,222,01:11:52,-37.0885,146.2536,04032,078,10,0,38,21,300*B8A5",vk3tbc-15,222,01:11:52,-37.0885,146.2536,4032,78,10,0,38,21,300
"$$MTG002,224,01:11:52,-37.0885,146.2536,04032,078,10,0,38,21,300*A8CE",vk3tbc-15,224,01:11:52,-37.0885,146.2536,4032,78,10,0,38,21,300
"$$MTG002,238,01:11:52,-37.0885,146.2536,04032,078,10,0,32,19,301*59EF",vk3tbc-15,238,01:11:52,-37.0885,146.2536,4032,78,10,0,32,19,301
"$$MTG002,225,01:11:52,-37.0885,146.2536,04032,078,10,0,38,21,300*2732","vk3tbc-15,VK3YSP",225,01:11:52,-37.0885,146.2536,4032,78,10,0,38,21,300
"$$MTG002,223,01:11:52,-37.0885,146.2536,04032,078,10,0,38,21,300*3759",vk3tbc-15,223,01:11:52,-37.0885,146.2536,4032,78,10,0,38,21,300
"$$MTG002,239,01:11:52,-37.0885,146.2536,04032,078,10,0,32,19,301*D613",vk3tbc-15,239,01:11:52,-37.0885,146.2536,4032,78,10,0,32,19,301
"$$MTG002,233,01:11:52,-37.0885,146.2536,04032,078,10,0,36,20,299*83FF","vk3tbc-15,VK3YSP",233,01:11:52,-37.0885,146.2536,4032,78,10,0,36,20,299
"$$MTG002,243,01:20:47,-37.0876,146.3805,04032,076,10,1,45,18,297*C187","vk3tbc-15,VK3YSP",243,01:20:47,-37.0876,146.3805,4032,76,10,1,45,18,297
"$$MTG002,244,01:20:47,-37.0876,146.3805,04032,076,10,0,45,18,297*8659","vk3tbc-15,VK3YSP",244,01:20:47,-37.0876,146.3805,4032,76,10,0,45,18,297
"$$MTG002,245,01:20:47,-37.0876,146.3805,04812,076,09,1,45,18,297*01DA","vk3tbc-15,VK3YSP",245,01:20:47,-37.0876,146.3805,4812,76,9,1,45,18,297
"$$MTG002,246,01:21:49,-37.0887,146.3949,04812,077,09,1,45,18,297*4BEE","vk3tbc-15,VK3YSP",246,01:21:49,-37.0887,146.3949,4812,77,9,1,45,18,297
"$$MTG002,255,01:24:36,-37.0920,146.4309,05020,068,10,0,35,17,297*244C","vk3fadi,vk3tbc-15,VK3YSP",255,01:24:36,-37.092,146.4309,5020,68,10,0,35,17,297
"$$MTG002,256,01:24:52,-37.0922,146.4342,05020,067,10,1,35,17,297*9EFE","vk3tbc-15,VK3YSP",256,01:24:52,-37.0922,146.4342,5020,67,10,1,35,17,297
"$$MTG002,259,01:25:58,-37.0933,146.4480,05020,065,10,0,35,17,297*FCE6","vk3tbc-15,VK3YSP",259,01:25:58,-37.0933,146.448,5020,65,10,0,35,17,297
"$$MTG002,258,01:25:58,-37.0933,146.4480,05020,065,10,0,35,17,297*731A","vk3tbc-15,VK3YSP",258,01:25:58,-37.0933,146.448,5020,65,10,0,35,17,297
"$$MTG002,257,01:25:58,-37.0933,146.4480,05020,065,10,1,35,17,297*0BA0","vk3tbc-15,VK3YSP",257,01:25:58,-37.0933,146.448,5020,65,10,1,35,17,297
"$$MTG002,262,01:28:32,-37.0957,146.4803,05020,073,10,1,29,16,298*41A8",vk3tbc-15,262,01:28:32,-37.0957,146.4803,5020,73,10,1,29,16,298
"$$MTG002,263,01:28:32,-37.0957,146.4803,05020,073,10,0,29,16,298*161D",vk3tbc-15,263,01:28:32,-37.0957,146.4803,5020,73,10,0,29,16,298
"$$MTG002,264,01:28:32,-37.0957,146.4803,05020,073,10,0,29,16,298*898A",vk3tbc-15,264,01:28:32,-37.0957,146.4803,5020,73,10,0,29,16,298
"$$MTG002,265,01:28:32,-37.0957,146.4803,05020,073,10,0,29,16,298*0676",vk3tbc-15,265,01:28:32,-37.0957,146.4803,5020,73,10,0,29,16,298
"$$MTG002,269,01:29:04,-37.0958,146.4874,05020,071,10,0,31,15,294*AE96","vk3tbc-15,VK3YSP",269,01:29:04,-37.0958,146.4874,5020,71,10,0,31,15,294
"$$MTG002,268,01:29:04,-37.0958,146.4874,05020,071,10,0,31,15,294*216A","vk3tbc-15,VK3YSP",268,01:29:04,-37.0958,146.4874,5020,71,10,0,31,15,294
"$$MTG002,272,01:29:04,-37.0958,146.4874,05020,071,10,0,31,15,294*8DB0","vk3tbc-15,VK3YSP",272,01:29:04,-37.0958,146.4874,5020,71,10,0,31,15,294
"$$MTG002,271,01:29:04,-37.0958,146.4874,05020,071,10,0,31,15,294*0D95","vk3tbc-15,VK3YSP",271,01:29:04,-37.0958,146.4874,5020,71,10,0,31,15,294
"$$MTG002,270,01:29:04,-37.0958,146.4874,05020,071,10,0,31,15,294*8269","vk3tbc-15,VK3YSP",270,01:29:04,-37.0958,146.4874,5020,71,10,0,31,15,294
"$$MTG002,275,01:30:52,-37.0964,146.5121,05472,074,11,1,28,14,298*7F61",vk3tbc-15,275,01:30:52,-37.0964,146.5121,5472,74,11,1,28,14,298
"$$MTG002,276,01:30:52,-37.0964,146.5121,05472,074,11,0,28,14,298*270D",vk3tbc-15,276,01:30:52,-37.0964,146.5121,5472,74,11,0,28,14,298
"$$MTG002,273,01:30:52,-37.0964,146.5121,05020,074,10,1,31,15,294*8DF4","vk3tbc-15,VK3YSP",273,01:30:52,-37.0964,146.5121,5020,74,10,1,31,15,294
"$$MTG002,279,01:33:12,-37.0973,146.5439,05472,070,11,0,28,14,298*BD20",vk3tbc-15,279,01:33:12,-37.0973,146.5439,5472,70,11,0,28,14,298
"$$MTG002,277,01:33:12,-37.0973,146.5439,05472,070,11,1,28,14,298*4A66",vk3tbc-15,277,01:33:12,-37.0973,146.5439,5472,70,11,1,28,14,298
"$$MTG002,278,01:33:12,-37.0973,146.5439,05472,070,11,0,28,14,298*32DC",vk3tbc-15,278,01:33:12,-37.0973,146.5439,5472,70,11,0,28,14,298
"$$MTG002,282,01:33:12,-37.0973,146.5439,05472,070,11,0,26,13,297*4CA1","vk3tbc-15,VK3YSP,VK3XCO-12",282,01:33:12,-37.0973,146.5439,5472,70,11,0,26,13,297
"$$MTG002,285,01:34:10,-37.0972,146.5564,05683,072,10,1,26,13,297*E5E1","vk3tbc-15,VK3YSP",285,01:34:10,-37.0972,146.5564,5683,72,10,1,26,13,297
"$$MTG002,286,01:34:10,-37.0972,146.5564,05683,072,10,0,26,13,297*BD8D","vk3tbc-15,VK3YSP,VK3XCO-12",286,01:34:10,-37.0972,146.5564,5683,72,10,0,26,13,297
"$$MTG002,283,01:34:10,-37.0972,146.5564,05472,072,11,1,26,13,297*981C","vk3tbc-15,VK3YSP,VK3XCO-12",283,01:34:10,-37.0972,146.5564,5472,72,11,1,26,13,297
"$$MTG002,284,01:34:10,-37.0972,146.5564,05472,072,11,0,26,13,297*DFC2","vk3tbc-15,VK3YSP,VK3XCO-12",284,01:34:10,-37.0972,146.5564,5472,72,11,0,26,13,297
"$$MTG002,288,01:35:43,-37.0978,146.5759,05683,067,10,1,26,13,296*6CCD",vk3tbc-15,288,01:35:43,-37.0978,146.5759,5683,67,10,1,26,13,296
"$$MTG002,296,01:38:02,-37.1013,146.6025,05683,061,10,0,25,13,296*4E3D","vk3tbc-15,VK3YSP,VK3XCO-12",296,01:38:02,-37.1013,146.6025,5683,61,10,0,25,13,296
"$$MTG002,298,01:38:02,-37.1013,146.6025,05683,061,10,0,25,13,296*6132","vk3tbc-15,VK3YSP,VK3XCO-12",298,01:38:02,-37.1013,146.6025,5683,61,10,0,25,13,296
"$$MTG002,297,01:38:02,-37.1013,146.6025,05683,061,10,0,25,13,296*C1C1","vk3tbc-15,VK3YSP",297,01:38:02,-37.1013,146.6025,5683,61,10,0,25,13,296
"$$MTG002,295,01:38:02,-37.1013,146.6025,05683,061,10,0,25,13,296*CE18","vk3tbc-15,VK3YSP,VK3XCO-12",295,01:38:02,-37.1013,146.6025,5683,61,10,0,25,13,296
"$$MTG002,299,01:39:49,-37.1048,146.6220,05683,063,10,1,25,13,296*54AB",VK3YSP,299,01:39:49,-37.1048,146.622,5683,63,10,1,25,13,296
"$$MTG002,303,01:41:10,-37.1065,146.6373,05683,062,10,1,24,11,296*B2DC",vk3tbc-15,303,01:41:10,-37.1065,146.6373,5683,62,10,1,24,11,296
"$$MTG002,309,01:42:32,-37.1076,146.6532,05683,066,10,0,26,10,291*5CCD","vk3fadi,vk3tbc-15,VK3YSP,VK3XCO-12",309,01:42:32,-37.1076,146.6532,5683,66,10,0,26,10,291
"$$MTG002,308,01:42:32,-37.1076,146.6532,05683,066,10,0,26,10,291*D331","vk3fadi,VK3YSP",308,01:42:32,-37.1076,146.6532,5683,66,10,0,26,10,291
"$$MTG002,311,01:44:09,-37.1089,146.6724,05683,061,10,0,26,10,291*8DE9","vk3tbc-15,VK3YSP,VK3XCO-12",311,01:44:09,-37.1089,146.6724,5683,61,10,0,26,10,291
"$$MTG002,312,01:44:09,-37.1089,146.6724,05683,061,10,0,26,10,291*0DCC","vk3tbc-15,VK3YSP,VK3XCO-12",312,01:44:09,-37.1089,146.6724,5683,61,10,0,26,10,291
"$$MTG002,310,01:44:09,-37.1089,146.6724,05683,061,10,1,26,10,291*DA5C","vk3fadi,VK3YSP,VK3XCO-12",310,01:44:09,-37.1089,146.6724,5683,61,10,1,26,10,291
"$$MTG002,322,01:48:11,-37.1134,146.7216,05683,069,10,0,25,09,290*58B4",VK3YSP,322,01:48:11,-37.1134,146.7216,5683,69,10,0,25,9,290
"$$MTG002,321,01:48:11,-37.1134,146.7216,05683,069,10,1,25,09,290*00D8","vk3tbc-15,VK3YSP,VK3XCO-12",321,01:48:11,-37.1134,146.7216,5683,69,10,1,25,9,290
"$$MTG002,324,01:49:02,-37.1146,146.7327,05683,068,10,0,25,09,290*96FC","vk3tbc-15,VK3YSP",324,01:49:02,-37.1146,146.7327,5683,68,10,0,25,9,290
"$$MTG002,323,01:49:02,-37.1146,146.7327,05683,068,10,1,25,09,290*D122","vk3tbc-15,VK3YSP,VK3XCO-12",323,01:49:02,-37.1146,146.7327,5683,68,10,1,25,9,290
"$$MTG002,325,01:49:27,-37.1151,146.7382,05683,069,10,1,25,09,290*29C7","vk3tbc-15,VK3YSP",325,01:49:27,-37.1151,146.7382,5683,69,10,1,25,9,290
"$$MTG002,331,01:52:16,-37.1187,146.7752,07022,068,09,1,21,08,293*302B",vk3tbc-15,331,01:52:16,-37.1187,146.7752,7022,68,9,1,21,8,293
"$$MTG002,335,01:52:23,-37.1189,146.7766,07074,068,10,0,22,06,288*89E9","vk3tbc-15,VK3YSP",335,01:52:23,-37.1189,146.7766,7074,68,10,0,22,6,288
"$$MTG002,336,01:53:58,-37.1203,146.7964,07074,064,10,1,22,06,288*60E3","vk3tbc-15,VK3YSP",336,01:53:58,-37.1203,146.7964,7074,64,10,1,22,6,288
"$$MTG002,337,01:53:58,-37.1203,146.7964,07074,064,10,0,22,06,288*3756","vk3tbc-15,VK3YSP",337,01:53:58,-37.1203,146.7964,7074,64,10,0,22,6,288
"$$MTG002,338,01:54:12,-37.1205,146.7993,07074,066,10,1,22,06,288*48A5","vk3tbc-15,VK3YSP",338,01:54:12,-37.1205,146.7993,7074,66,10,1,22,6,288
"$$MTG002,339,01:54:12,-37.1205,146.7993,07074,066,10,0,22,06,288*1F10","vk3tbc-15,VK3YSP",339,01:54:12,-37.1205,146.7993,7074,66,10,0,22,6,288
"$$MTG002,344,01:56:47,-37.1211,146.8306,07074,065,10,1,19,06,292*2567",vk3tbc-15,344,01:56:47,-37.1211,146.8306,7074,65,10,1,19,6,292
"$$MTG002,343,01:56:47,-37.1211,146.8306,07074,065,10,1,19,06,292*BAF0",vk3tbc-15,343,01:56:47,-37.1211,146.8306,7074,65,10,1,19,6,292
"$$MTG002,345,01:56:47,-37.1211,146.8306,07074,065,10,0,19,06,292*72D2",vk3tbc-15,345,01:56:47,-37.1211,146.8306,7074,65,10,0,19,6,292
"$$MTG002,348,01:56:47,-37.1211,146.8306,07074,065,10,0,17,04,291*3709",VK3YSP,348,01:56:47,-37.1211,146.8306,7074,65,10,0,17,4,291
"$$MTG002,350,01:59:14,-37.1209,146.8605,07074,065,10,0,17,04,291*D404",VK3YSP,350,01:59:14,-37.1209,146.8605,7074,65,10,0,17,4,291
"$$MTG002,349,01:59:14,-37.1209,146.8605,07074,065,10,1,17,04,291*20B2","vk3tbc-15,VK3YSP",349,01:59:14,-37.1209,146.8605,7074,65,10,1,17,4,291
"$$MTG002,353,01:59:27,-37.1208,146.8633,07810,070,07,1,17,04,291*74C6","vk3tbc-15,VK3YSP",353,01:59:27,-37.1208,146.8633,7810,70,7,1,17,4,291
"$$MTG002,351,01:59:27,-37.1208,146.8633,07074,070,10,1,17,04,291*9E6F",VK3YSP,351,01:59:27,-37.1208,146.8633,7074,70,10,1,17,4,291
"$$MTG002,356,01:59:27,-37.1208,146.8633,07810,070,07,0,16,03,291*1CC6",vk3tbc-15,356,01:59:27,-37.1208,146.8633,7810,70,7,0,16,3,291
"$$MTG002,352,01:59:27,-37.1208,146.8633,07074,070,10,0,17,04,291*C603","vk3tbc-15,VK3YSP",352,01:59:27,-37.1208,146.8633,7074,70,10,0,17,4,291
"$$MTG002,357,02:02:12,-37.1205,146.8991,07810,072,07,1,16,03,291*C117",vk3tbc-15,357,02:02:12,-37.1205,146.8991,7810,72,7,1,16,3,291
"$$MTG002,358,02:02:12,-37.1205,146.8991,07810,072,07,1,16,03,291*61E4",vk3tbc-15,358,02:02:12,-37.1205,146.8991,7810,72,7,1,16,3,291
"$$MTG002,360,02:02:44,-37.1204,146.9063,07810,072,07,1,16,03,291*D0AA",vk3tbc-15,360,02:02:44,-37.1204,146.9063,7810,72,7,1,16,3,291
"$$MTG002,363,02:02:51,-37.1204,146.9079,08024,073,09,1,19,02,285*5BB5","vk3tbc-15,VK3YSP",363,02:02:51,-37.1204,146.9079,8024,73,9,1,19,2,285
"$$MTG002,364,02:02:51,-37.1204,146.9079,08024,073,09,0,19,02,285*1C6B","vk3tbc-15,VK3YSP",364,02:02:51,-37.1204,146.9079,8024,73,9,0,19,2,285
"$$MTG002,365,02:03:23,-37.1204,146.9152,08024,073,09,1,19,02,285*DC38","vk3tbc-15,VK3YSP",365,02:03:23,-37.1204,146.9152,8024,73,9,1,19,2,285
"$$MTG002,366,02:03:51,-37.1203,146.9216,08024,071,09,1,19,02,285*134F","vk3tbc-15,VK3YSP",366,02:03:51,-37.1203,146.9216,8024,71,9,1,19,2,285
"$$MTG002,368,02:04:13,-37.1202,146.9268,08024,074,09,1,19,02,285*5DE2","vk3tbc-15,VK3YSP",368,02:04:13,-37.1202,146.9268,8024,74,9,1,19,2,285
"$$MTG002,367,02:04:13,-37.1202,146.9268,08024,074,09,1,19,02,285*FD11","vk3tbc-15,VK3YSP",367,02:04:13,-37.1202,146.9268,8024,74,9,1,19,2,285
"$$MTG002,372,02:05:18,-37.1195,146.9419,08230,077,10,1,15,01,288*878E",vk3tbc-15,372,02:05:18,-37.1195,146.9419,8230,77,10,1,15,1,288
"$$MTG002,374,02:05:18,-37.1195,146.9419,08230,077,10,0,15,01,288*4FAC",vk3tbc-15,374,02:05:18,-37.1195,146.9419,8230,77,10,0,15,1,288
"$$MTG002,373,02:05:18,-37.1195,146.9419,08230,077,10,0,15,01,288*D03B",vk3tbc-15,373,02:05:18,-37.1195,146.9419,8230,77,10,0,15,1,288
"$$MTG002,377,02:07:22,-37.1180,146.9707,08345,073,10,0,17,01,285*B1FF","vk3tbc-15,VK3YSP",377,02:07:22,-37.118,146.9707,8345,73,10,0,17,1,285
"$$MTG002,379,02:07:51,-37.1175,146.9774,08345,070,10,1,17,01,285*8BF5","vk3tbc-15,VK3YSP",379,02:07:51,-37.1175,146.9774,8345,70,10,1,17,1,285
"$$MTG002,378,02:07:51,-37.1175,146.9774,08345,070,10,1,17,01,285*0409","vk3tbc-15,VK3YSP",378,02:07:51,-37.1175,146.9774,8345,70,10,1,17,1,285
"$$MTG002,381,02:08:30,-37.1169,146.9865,08345,073,10,1,17,01,285*157D",vk3tbc-15,381,02:08:30,-37.1169,146.9865,8345,73,10,1,17,1,285
"$$MTG002,380,02:08:30,-37.1169,146.9865,08345,073,10,1,17,01,285*9A81","vk3tbc-15,VK3YSP",380,02:08:30,-37.1169,146.9865,8345,73,10,1,17,1,285
"$$MTG002,382,02:08:56,-37.1164,146.9926,08345,074,10,1,17,01,285*D283","vk3tbc-15,VK3YSP",382,02:08:56,-37.1164,146.9926,8345,74,10,1,17,1,285
"$$MTG002,383,02:08:56,-37.1164,146.9926,08345,074,10,1,17,01,285*5D7F","vk3tbc-15,VK3YSP",383,02:08:56,-37.1164,146.9926,8345,74,10,1,17,1,285
"$$MTG002,385,02:09:05,-37.1163,146.9947,08453,072,10,1,11,-02,288*7E28",vk3tbc-15,385,02:09:05,-37.1163,146.9947,8453,72,10,1,11,-2,288
"$$MTG002,386,02:10:53,-37.1144,147.0195,08453,073,10,1,11,-02,288*3870",vk3tbc-15,386,02:10:53,-37.1144,147.0195,8453,73,10,1,11,-2,288
"$$MTG002,387,02:12:15,-37.1127,147.0379,08642,073,10,1,11,-02,288*CA65",vk3tbc-15,387,02:12:15,-37.1127,147.0379,8642,73,10,1,11,-2,288
"$$MTG002,388,02:12:15,-37.1127,147.0379,08642,073,10,1,11,-02,288*8C8F",vk3tbc-15,388,02:12:15,-37.1127,147.0379,8642,73,10,1,11,-2,288
"$$MTG002,389,02:12:35,-37.1124,147.0424,08642,070,10,1,11,-02,288*B424",vk3tbc-15,389,02:12:35,-37.1124,147.0424,8642,70,10,1,11,-2,288
"$$MTG002,390,02:12:42,-37.1122,147.0440,08642,074,10,1,11,-02,288*F203",vk3tbc-15,390,02:12:42,-37.1122,147.044,8642,74,10,1,11,-2,288
"$$MTG002,391,02:12:42,-37.1122,147.0440,08642,074,10,1,14,-02,283*A8C3",vk3tbc-15,391,02:12:42,-37.1122,147.044,8642,74,10,1,14,-2,283
"$$MTG002,394,02:13:26,-37.1111,147.0540,08642,076,10,0,10,-02,287*5402","vk3tbc-15,VK3YSP",394,02:13:26,-37.1111,147.054,8642,76,10,0,10,-2,287
"$$MTG002,395,02:13:26,-37.1111,147.0540,08739,076,07,1,10,-02,287*C085","vk3tbc-15,VK3YSP,VK3XCO-12",395,02:13:26,-37.1111,147.054,8739,76,7,1,10,-2,287
"$$MTG002,393,02:13:26,-37.1111,147.0540,08642,076,10,1,10,-02,287*B221","vk3tbc-15,VK3YSP",393,02:13:26,-37.1111,147.054,8642,76,10,1,10,-2,287
"$$MTG002,396,02:14:14,-37.1096,147.0653,08739,075,07,1,10,-02,287*5255","vk3tbc-15,VK3YSP,VK3XCO-12",396,02:14:14,-37.1096,147.0653,8739,75,7,1,10,-2,287
"$$MTG002,397,02:14:39,-37.1088,147.0713,08739,077,07,1,10,-02,287*E065","vk3tbc-15,VK3YSP,VK3XCO-12",397,02:14:39,-37.1088,147.0713,8739,77,7,1,10,-2,287
"$$MTG002,399,02:14:50,-37.1083,147.0738,08739,076,07,0,09,-03,286*1546",vk3tbc-15,399,02:14:50,-37.1083,147.0738,8739,76,7,0,9,-3,286
"$$MTG002,401,02:15:02,-37.1079,147.0767,08739,079,07,0,09,-03,286*B334",vk3tbc-15,401,02:15:02,-37.1079,147.0767,8739,79,7,0,9,-3,286
"$$MTG002,402,02:15:02,-37.1079,147.0767,08739,079,07,0,09,-03,286*07BC",vk3tbc-15,402,02:15:02,-37.1079,147.0767,8739,79,7,0,9,-3,286
"$$MTG002,400,02:15:02,-37.1079,147.0767,08739,079,07,1,09,-03,286*2C26",vk3tbc-15,400,02:15:02,-37.1079,147.0767,8739,79,7,1,9,-3,286
"$$MTG002,406,02:17:35,-37.1026,147.1121,08739,072,07,1,12,-04,281*C869","vk3tbc-15,VK3YSP,VK3XCO-12",406,02:17:35,-37.1026,147.1121,8739,72,7,1,12,-4,281
"$$MTG002,410,02:18:56,-37.0997,147.1302,09250,076,11,0,12,-04,281*1A27","vk3tbc-15,VK3YSP,VK3XCO-12",410,02:18:56,-37.0997,147.1302,9250,76,11,0,12,-4,281
"$$MTG002,407,02:18:56,-37.0997,147.1302,08739,076,07,1,12,-04,281*CCDE","vk3tbc-15,VK3YSP",407,02:18:56,-37.0997,147.1302,8739,76,7,1,12,-4,281
"$$MTG002,408,02:18:56,-37.0997,147.1302,08739,076,07,0,12,-04,281*8941","vk3tbc-15,VK3XCO-12",408,02:18:56,-37.0997,147.1302,8739,76,7,0,12,-4,281
"$$MTG002,409,02:18:56,-37.0997,147.1302,09250,076,11,1,12,-04,281*03BC","vk3tbc-15,VK3YSP,VK3XCO-12",409,02:18:56,-37.0997,147.1302,9250,76,11,1,12,-4,281
"$$MTG002,412,02:18:56,-37.0997,147.1302,09250,076,11,0,08,-05,285*58C0",vk3tbc-15,412,02:18:56,-37.0997,147.1302,9250,76,11,0,8,-5,285
"$$MTG002,415,02:21:29,-37.0940,147.1650,09470,076,11,0,08,-05,285*132E",vk3tbc-15,415,02:21:29,-37.094,147.165,9470,76,11,0,8,-5,285
"$$MTG002,413,02:21:29,-37.0940,147.1650,09470,076,11,1,08,-05,285*696A",vk3tbc-15,413,02:21:29,-37.094,147.165,9470,76,11,1,8,-5,285
"$$MTG002,414,02:21:29,-37.0940,147.1650,09470,076,11,1,08,-05,285*8C3C",vk3tbc-15,414,02:21:29,-37.094,147.165,9470,76,11,1,8,-5,285
"$$MTG002,422,02:21:40,-37.0936,147.1676,09470,077,11,0,09,-06,279*A647",vk3tbc-15,422,02:21:40,-37.0936,147.1676,9470,77,11,0,9,-6,279
"$$MTG002,420,02:21:40,-37.0936,147.1676,09470,077,11,0,09,-06,279*8EA8","vk3tbc-15,VK3YSP,VK3XCO-12",420,02:21:40,-37.0936,147.1676,9470,77,11,0,9,-6,279
"$$MTG002,421,02:21:40,-37.0936,147.1676,09470,077,11,0,09,-06,279*12CF","vk3tbc-15,VK3YSP,VK3XCO-12",421,02:21:40,-37.0936,147.1676,9470,77,11,0,9,-6,279
"$$MTG002,423,02:23:51,-37.0886,147.1984,09470,081,11,1,09,-06,279*3DC4","vk3tbc-15,VK3YSP",423,02:23:51,-37.0886,147.1984,9470,81,11,1,9,-6,279
"$$MTG002,424,02:23:51,-37.0886,147.1984,09470,081,11,0,09,-06,279*DBE7","vk3tbc-15,VK3YSP",424,02:23:51,-37.0886,147.1984,9470,81,11,0,9,-6,279
"$$MTG002,430,02:25:02,-37.0851,147.2160,09470,083,11,0,06,-07,282*4B6C",vk3tbc-15,430,02:25:02,-37.0851,147.216,9470,83,11,0,6,-7,282
"$$MTG002,426,02:25:02,-37.0851,147.2160,09470,083,11,1,06,-07,282*141D",vk3tbc-15,426,02:25:02,-37.0851,147.216,9470,83,11,1,6,-7,282
"$$MTG002,436,02:27:32,-37.0781,147.2537,09890,087,11,0,03,-09,282*7816","vk3tbc-15,VK3YSP,VK3XCO-12",436,02:27:32,-37.0781,147.2537,9890,87,11,0,3,-9,282
"$$MTG002,434,02:27:32,-37.0781,147.2537,09890,087,11,1,03,-09,282*538C","vk3tbc-15,VK3YSP",434,02:27:32,-37.0781,147.2537,9890,87,11,1,3,-9,282
"$$MTG002,433,02:27:32,-37.0781,147.2537,09470,087,11,0,03,-09,282*0BCB","vk3tbc-15,VK3YSP",433,02:27:32,-37.0781,147.2537,9470,87,11,0,3,-9,282
"$$MTG002,435,02:27:32,-37.0781,147.2537,09890,087,11,0,03,-09,282*CC9E","vk3tbc-15,VK3YSP",435,02:27:32,-37.0781,147.2537,9890,87,11,0,3,-9,282
"$$MTG002,437,02:29:15,-37.0742,147.2804,10056,087,09,1,03,-09,282*9FCE","vk3tbc-15,VK3YSP",437,02:29:15,-37.0742,147.2804,10056,87,9,1,3,-9,282
"$$MTG002,451,02:32:48,-37.0656,147.3366,10377,086,11,0,02,-11,281*03B0",VK3YSP,451,02:32:48,-37.0656,147.3366,10377,86,11,0,2,-11,281
"$$MTG002,450,02:32:48,-37.0656,147.3366,10377,086,11,0,02,-11,281*9FD7","VK3YSP,VK3XCO-12",450,02:32:48,-37.0656,147.3366,10377,86,11,0,2,-11,281
"$$MTG002,461,02:37:01,-37.0550,147.4064,10760,093,09,0,-00,-14,279*C01B",vk3tbc-15,461,02:37:01,-37.055,147.4064,10760,93,9,0,0,-14,279
"$$MTG002,462,02:37:16,-37.0545,147.4108,10760,091,09,1,-00,-14,279*E14D",vk3tbc-15,462,02:37:16,-37.0545,147.4108,10760,91,9,1,0,-14,279
"$$MTG002,463,02:37:16,-37.0545,147.4108,10760,091,09,0,-00,-14,279*811B",VK3YSP,463,02:37:16,-37.0545,147.4108,10760,91,9,0,0,-14,279
"$$MTG002,464,02:37:16,-37.0545,147.4108,10760,091,09,0,-00,-14,279*7A90","VK3YSP,VK3XCO-12",464,02:37:16,-37.0545,147.4108,10760,91,9,0,0,-14,279
"$$MTG002,465,02:38:51,-37.0510,147.4382,10953,091,11,1,-00,-14,279*898C",VK3XCO-12,465,02:38:51,-37.051,147.4382,10953,91,11,1,0,-14,279
"$$MTG002,476,02:41:48,-37.0427,147.4907,11191,101,09,0,-02,-14,277*7DB3",VK3YSP,476,02:41:48,-37.0427,147.4907,11191,101,9,0,-2,-14,277
"$$MTG002,475,02:41:48,-37.0427,147.4907,11191,101,09,0,-02,-14,277*12EC",VK3YSP,475,02:41:48,-37.0427,147.4907,11191,101,9,0,-2,-14,277
"$$MTG002,477,02:41:48,-37.0427,147.4907,11191,101,09,0,-02,-14,277*5886",VK3YSP,477,02:41:48,-37.0427,147.4907,11191,101,9,0,-2,-14,277
"$$MTG002,488,02:48:19,-37.0250,147.6147,11636,105,11,0,-03,-14,276*D5EE","vk3tbc-15,VK3XCO-12",488,02:48:19,-37.025,147.6147,11636,105,11,0,-3,-14,276
"$$MTG002,511,02:56:45,-36.9772,147.7915,11636,112,11,0,-02,-13,274*CF89",vk3tbc-15,511,02:56:45,-36.9772,147.7915,11636,112,11,0,-2,-13,274
"$$MTG002,510,02:56:45,-36.9772,147.7915,11636,112,11,1,-02,-13,274*AFDF",vk3tbc-15,510,02:56:45,-36.9772,147.7915,11636,112,11,1,-2,-13,274
"$$MTG002,523,03:01:58,-36.9459,147.8936,12725,113,11,0,-02,-13,272*750B",vk3tbc-15,523,03:01:58,-36.9459,147.8936,12725,113,11,0,-2,-13,272
"$$MTG002,534,03:05:39,-36.9221,147.9682,13059,120,11,0,02,-12,268*DE1D",vk3tbc-15,534,03:05:39,-36.9221,147.9682,13059,120,11,0,2,-12,268
"$$MTG002,538,03:07:17,-36.9097,147.9999,13487,112,11,0,02,-12,268*D663",vk3tbc-15,538,03:07:17,-36.9097,147.9999,13487,112,11,0,2,-12,268
"$$MTG002,536,03:07:17,-36.9097,147.9999,13059,112,11,1,02,-12,268*0CAC",vk3tbc-15,536,03:07:17,-36.9097,147.9999,13059,112,11,1,2,-12,268
"$$MTG002,539,03:07:17,-36.9097,147.9999,13487,112,11,0,02,-12,268*4A04",vk3tbc-15,539,03:07:17,-36.9097,147.9999,13487,112,11,0,2,-12,268
"$$MTG002,553,03:11:56,-36.8706,148.0914,13925,116,10,1,04,-11,268*BF9C",vk3tbc-15,553,03:11:56,-36.8706,148.0914,13925,116,10,1,4,-11,268
"$$MTG002,565,03:15:11,-36.8401,148.1468,14130,113,11,1,01,-10,273*97A9",vk3tbc-15,565,03:15:11,-36.8401,148.1468,14130,113,11,1,1,-10,273
"$$MTG002,567,03:15:11,-36.8401,148.1468,14212,113,11,1,01,-10,273*7026",vk3tbc-15,567,03:15:11,-36.8401,148.1468,14212,113,11,1,1,-10,273
"$$MTG002,580,03:21:30,-36.7808,148.2614,14384,108,09,1,01,-10,273*98BC",vk3tbc-15,580,03:21:30,-36.7808,148.2614,14384,108,9,1,1,-10,273
"$$MTG002,587,03:24:10,-36.7574,148.3039,15137,104,10,0,01,-10,273*661B",vk3tbc-15,587,03:24:10,-36.7574,148.3039,15137,104,10,0,1,-10,273
"$$MTG002,586,03:24:10,-36.7574,148.3039,15137,104,10,1,01,-10,273*F909",vk3tbc-15,586,03:24:10,-36.7574,148.3039,15137,104,10,1,1,-10,273
"$$MTG002,593,03:24:28,-36.7547,148.3084,15137,101,10,0,-00,-11,273*FBCA",vk3tbc-15,593,03:24:28,-36.7547,148.3084,15137,101,10,0,0,-11,273
"$$MTG002,590,03:24:28,-36.7547,148.3084,15137,101,10,0,-00,-11,273*9495",vk3tbc-15,590,03:24:28,-36.7547,148.3084,15137,101,10,0,0,-11,273
"$$MTG002,591,03:24:28,-36.7547,148.3084,15137,101,10,0,-00,-11,273*B1A0",vk3tbc-15,591,03:24:28,-36.7547,148.3084,15137,101,10,0,0,-11,273
"$$MTG002,614,03:35:26,-36.6738,148.4503,16203,079,12,1,03,-10,267*C680",vk3tbc-15,614,03:35:26,-36.6738,148.4503,16203,79,12,1,3,-10,267
"$$MTG002,628,03:39:33,-36.6492,148.4942,16591,079,12,0,01,-09,271*BF2A",vk3tbc-15,628,03:39:33,-36.6492,148.4942,16591,79,12,0,1,-9,271
"$$MTG002,629,03:41:15,-36.6344,148.5088,16591,070,12,1,01,-09,271*8D9C",vk3tbc-15,629,03:41:15,-36.6344,148.5088,16591,70,12,1,1,-9,271
"$$MTG002,638,03:44:12,-36.6149,148.5257,16953,063,12,0,05,-09,266*37F0",vk3tbc-15,638,03:44:12,-36.6149,148.5257,16953,63,12,0,5,-9,266
"$$MTG002,641,03:45:20,-36.6094,148.5291,17076,032,12,1,05,-09,266*540A",vk3tbc-15,641,03:45:20,-36.6094,148.5291,17076,32,12,1,5,-9,266
"$$MTG002,640,03:45:20,-36.6094,148.5291,16953,032,12,0,05,-09,266*E8D6",vk3tbc-15,640,03:45:20,-36.6094,148.5291,16953,32,12,0,5,-9,266
"$$MTG002,662,03:53:12,-36.5823,148.5638,17481,037,12,1,02,-07,273*9B7E",vk3tbc-15,662,03:53:12,-36.5823,148.5638,17481,37,12,1,2,-7,273
"$$MTG002,679,04:00:30,-36.5725,148.5808,18497,009,09,0,05,-06,271*F709",vk3tbc-15,679,04:00:30,-36.5725,148.5808,18497,9,9,0,5,-6,271
"$$MTG002,685,04:03:00,-36.5651,148.5893,18759,030,08,0,05,-04,272*F41C",vk3tbc-15,685,04:03:00,-36.5651,148.5893,18759,30,8,0,5,-4,272
"$$MTG002,687,04:03:35,-36.5627,148.5900,18759,022,08,0,05,-04,272*958C",vk3tbc-15,687,04:03:35,-36.5627,148.59,18759,22,8,0,5,-4,272
"$$MTG002,706,04:12:12,-36.5502,148.5804,19582,004,09,0,11,-06,268*8306",vk3tbc-15,706,04:12:12,-36.5502,148.5804,19582,4,9,0,11,-6,268
"$$MTG002,0023,00:00:00,+00.0000,+000.0000,00000,000,00,0,+42,+33,322*3151","VK3XCO,vk3fadi",23,00:00:00,0.0,0.0,0,0,0,0,42,33,322
"$$MTG002,0036,00:00:00,+00.0000,+000.0000,00000,000,00,0,+43,+32,315*9C88",VK3XCO,36,00:00:00,0.0,0.0,0,0,0,0,43,32,315
"$$MTG002,0001,00:00:00,+00.0000,+000.0000,00000,000,00,0,+30,+26,329*9035",vk3fadi,1,00:00:00,0.0,0.0,0,0,0,0,30,26,329
"$$MTG002,0019,00:00:00,+00.0000,+000.0000,00000,000,00,0,+45,+36,306*98B1",vk3fadi,19,00:00:00,0.0,0.0,0,0,0,0,45,36,306
"$$MTG002,0055,00:00:00,+00.0000,+000.0000,00000,000,00,0,+49,+38,307*94B9",VK3XCO,55,00:00:00,0.0,0.0,0,0,0,0,49,38,307
"$$MTG002,0058,00:13:06,-37.0001,+145.8057,00000,000,00,1,+49,+38,309*27F3",VK3XCO,58,00:13:06,-37.0001,145.8057,0,0,0,1,49,38,309
"$$MTG002,0070,00:15:16,-37.0000,+145.8060,00351,012,04,0,+51,+38,308*C806",VK3XCO,70,00:15:16,-37.0,145.806,351,12,4,0,51,38,308
"$$MTG002,0078,00:18:53,-37.0000,+145.8057,00357,004,08,1,+51,+38,309*CAD4","VK3XCO,vk3fadi",78,00:18:53,-37.0,145.8057,357,4,8,1,51,38,309
"$$MTG002,0085,00:20:21,-36.9997,+145.8054,00340,004,09,0,+52,+38,309*6FB4",VK3XCO,85,00:20:21,-36.9997,145.8054,340,4,9,0,52,38,309
"$$MTG002,0091,00:24:04,-37.0005,+145.8060,00340,009,09,1,+49,+38,311*2B38","VK3XCO,vk3fadi",91,00:24:04,-37.0005,145.806,340,9,9,1,49,38,311
"$$MTG002,0097,00:25:27,-37.0035,+145.8068,00675,020,08,0,+49,+38,310*A912",VK3XCO,97,00:25:27,-37.0035,145.8068,675,20,8,0,49,38,310
"$$MTG002,0104,00:27:50,-37.0088,+145.8109,00675,017,08,0,+49,+37,310*9934","VK3XCO,vk3fadi",104,00:27:50,-37.0088,145.8109,675,17,8,0,49,37,310
"$$MTG002,0110,00:30:26,-37.0117,+145.8175,00675,018,08,0,+48,+37,310*8A4D","VK3XCO,vk3fadi",110,00:30:26,-37.0117,145.8175,675,18,8,0,48,37,310
"$$MTG002,0117,00:32:47,-37.0148,+145.8287,01131,029,08,0,+48,+36,310*0332",VK3XCO,117,00:32:47,-37.0148,145.8287,1131,29,8,0,48,36,310
"$$MTG002,0130,00:38:00,-37.0202,+145.8654,01442,043,08,1,+47,+35,310*BD03",vk3fadi,130,00:38:00,-37.0202,145.8654,1442,43,8,1,47,35,310
"$$MTG002,0136,00:38:29,-37.0212,+145.8692,01442,045,08,0,+47,+35,309*3006",vk3fadi,136,00:38:29,-37.0212,145.8692,1442,45,8,0,47,35,309
"$$MTG002,0143,00:42:31,-37.0344,+145.9030,02006,056,08,0,+44,+34,311*122D",VK3YSP,143,00:42:31,-37.0344,145.903,2006,56,8,0,44,34,311
"$$MTG002,0149,00:44:32,-37.0396,+145.9208,02059,054,07,0,+45,+33,308*DCC8",vk3fadi,149,00:44:32,-37.0396,145.9208,2059,54,7,0,45,33,308
"$$MTG002,0155,00:47:07,-37.0452,+145.9455,02344,060,08,1,+45,+32,308*307A","VK3XCO,vk3fadi,VK3TBC-2,VK3YSP",155,00:47:07,-37.0452,145.9455,2344,60,8,1,45,32,308
"$$MTG002,0161,00:49:27,-37.0508,+145.9719,02497,063,07,1,+44,+32,308*4374",vk3fadi,161,00:49:27,-37.0508,145.9719,2497,63,7,1,44,32,308
"$$MTG002,0168,00:52:00,-37.0574,+146.0017,02611,081,06,1,+43,+30,307*8377",VK3HDX,168,00:52:00,-37.0574,146.0017,2611,81,6,1,43,30,307
"$$MTG002,0174,00:53:40,-37.0614,+146.0208,02611,065,06,0,+42,+30,306*4B38","VK3TBC-2,vk3fadi,VK3HDX,VK3YSP",174,00:53:40,-37.0614,146.0208,2611,65,6,0,42,30,306
"$$MTG002,0180,00:56:39,-37.0690,+146.0573,02611,069,06,1,+41,+28,306*1C82","VK3TBC-2,vk3fadi,VK3HDX,VK3YSP",180,00:56:39,-37.069,146.0573,2611,69,6,1,41,28,306
"$$MTG002,0186,00:57:58,-37.0719,+146.0743,03144,074,09,0,+40,+28,306*54B3","VK3TBC-2,vk3fadi,VK3HDX,VK3YSP",186,00:57:58,-37.0719,146.0743,3144,74,9,0,40,28,306
"$$MTG002,0193,01:01:40,-37.0794,+146.1209,03340,068,09,1,+58,+27,306*B5BF","vk3fadi,VK3HDX,VK3YSP",193,01:01:40,-37.0794,146.1209,3340,68,9,1,58,27,306
"$$MTG002,0200,01:03:40,-37.0827,+146.1461,03431,069,09,1,+38,+25,304*2129","VK3TBC-2,vk3fadi,VK3HDX,VK3YSP",200,01:03:40,-37.0827,146.1461,3431,69,9,1,38,25,304
"$$MTG002,0207,01:06:18,-37.0856,+146.1797,03532,065,09,0,+38,+24,303*1EE6","VK3TBC-2,vk3fadi,VK3HDX,VK3YSP",207,01:06:18,-37.0856,146.1797,3532,65,9,0,38,24,303
"$$MTG002,0213,01:08:22,-37.0871,+146.2066,03532,072,09,0,+36,+24,304*A0B2","VK3TBC-2,vk3fadi,VK3HDX,VK3YSP",213,01:08:22,-37.0871,146.2066,3532,72,9,0,36,24,304
"$$MTG002,0220,01:10:53,-37.0882,+146.2398,04032,074,10,0,+42,+22,303*5B49","VK3TBC-2,vk3fadi,VK3HDX,VK3YSP",220,01:10:53,-37.0882,146.2398,4032,74,10,0,42,22,303
"$$MTG002,0226,01:11:52,-37.0885,+146.2536,04032,078,10,0,+35,+21,304*62C0","VK3TBC-2,vk3fadi,VK3YSP",226,01:11:52,-37.0885,146.2536,4032,78,10,0,35,21,304
"$$MTG002,0231,01:11:52,-37.0885,+146.2536,04032,078,10,0,+34,+20,301*3986","VK3TBC-2,vk3fadi,VK3HDX,VK3YSP",231,01:11:52,-37.0885,146.2536,4032,78,10,0,34,20,301
"$$MTG002,0235,01:11:52,-37.0885,+146.2536,04032,078,10,0,+32,+19,303*32ED","VK3TBC-2,vk3fadi,VK3HDX,VK3YSP",235,01:11:52,-37.0885,146.2536,4032,78,10,0,32,19,303
"$$MTG002,0241,01:11:52,-37.0885,+146.2536,04032,078,10,0,+32,+18,299*4CBB","VK3TBC-2,vk3fadi,VK3HDX,VK3XCO,VK3YSP",241,01:11:52,-37.0885,146.2536,4032,78,10,0,32,18,299
"$$MTG002,0247,01:21:49,-37.0887,+146.3949,04812,077,09,0,+32,+18,300*EB03","VK3TBC-2,vk3fadi,VK3HDX,VK3YSP",247,01:21:49,-37.0887,146.3949,4812,77,9,0,32,18,300
"$$MTG002,0254,01:24:36,-37.0920,+146.4309,05020,068,10,1,+31,+17,299*4B1A","VK3TBC-2,vk3fadi,VK3HDX,VK3YSP",254,01:24:36,-37.092,146.4309,5020,68,10,1,31,17,299
"$$MTG002,0260,01:25:58,-37.0933,+146.4480,05020,065,10,0,+29,+16,300*A4CA","VK3TBC-2,vk3fadi,VK3XCO,VK3YSP",260,01:25:58,-37.0933,146.448,5020,65,10,0,29,16,300
"$$MTG002,0267,01:29:04,-37.0958,+146.4874,05020,071,10,1,+28,+15,297*0434","VK3TBC-2,vk3fadi,VK3HDX,VK3YSP",267,01:29:04,-37.0958,146.4874,5020,71,10,1,28,15,297
"$$MTG002,0274,01:30:52,-37.0964,+146.5121,05020,074,10,0,+30,+15,297*85B3","VK3TBC-2,vk3fadi,VK3HDX,VK3YSP",274,01:30:52,-37.0964,146.5121,5020,74,10,0,30,15,297
"$$MTG002,0281,01:33:12,-37.0973,+146.5439,05472,070,11,0,+28,+14,297*2A67","VK3TBC-2,vk3fadi,VK3HDX,VK3XCO,VK3YSP",281,01:33:12,-37.0973,146.5439,5472,70,11,0,28,14,297
"$$MTG002,0287,01:35:33,-37.0976,+146.5739,05683,065,10,1,+26,+14,297*F0C0","VK3TBC-2,vk3fadi,VK3HDX,VK3XCO,VK3YSP",287,01:35:33,-37.0976,146.5739,5683,65,10,1,26,14,297
"$$MTG002,0294,01:38:02,-37.1013,+146.6025,05683,061,10,0,+26,+13,296*6C78","VK3TBC-2,vk3fadi,VK3HDX,VK3YSP",294,01:38:02,-37.1013,146.6025,5683,61,10,0,26,13,296
"$$MTG002,0300,01:40:38,-37.1060,+146.6312,05683,060,10,1,+25,+12,296*22F8","VK3TBC-2,VK3XCO,VK3HDX,VK3YSP,vk3fadi",300,01:40:38,-37.106,146.6312,5683,60,10,1,25,12,296
"$$MTG002,0307,01:42:32,-37.1076,+146.6532,05683,066,10,0,+22,+10,296*7DE1","VK3TBC-2,VK3XCO,VK3HDX,VK3YSP,vk3fadi",307,01:42:32,-37.1076,146.6532,5683,66,10,0,22,10,296
"$$MTG002,0313,01:44:09,-37.1089,+146.6724,05683,061,10,0,+23,+09,295*1EAC","VK3TBC-2,vk3fadi,VK3XCO,VK3YSP",313,01:44:09,-37.1089,146.6724,5683,61,10,0,23,9,295
"$$MTG002,0320,01:48:06,-37.1133,+146.7205,05683,070,10,1,+22,+09,294*33C6","VK3TBC-2,VK3XCO,VK3HDX,vk3fadi",320,01:48:06,-37.1133,146.7205,5683,70,10,1,22,9,294
"$$MTG002,0326,01:49:27,-37.1151,+146.7382,05683,069,10,0,+22,+08,294*82BE","VK3TBC-2,VK3XCO,VK3HDX,VK3YSP",326,01:49:27,-37.1151,146.7382,5683,69,10,0,22,8,294
"$$MTG002,0334,01:52:23,-37.1189,+146.7766,07074,068,10,1,+19,+07,293*F89E","VK3TBC-2,VK3XCO,VK3YSP,vk3fadi",334,01:52:23,-37.1189,146.7766,7074,68,10,1,19,7,293
"$$MTG002,0340,01:54:12,-37.1205,+146.7993,07074,066,10,0,+19,+06,292*BCE2","VK3TBC-2,vk3fadi,VK3HDX,VK3YSP",340,01:54:12,-37.1205,146.7993,7074,66,10,0,19,6,292
"$$MTG002,0347,01:56:47,-37.1211,+146.8306,07074,065,10,0,+17,+05,292*AF44","VK3TBC-2,VK3XCO,VK3HDX,VK3YSP,vk3fadi",347,01:56:47,-37.1211,146.8306,7074,65,10,0,17,5,292
"$$MTG002,0354,01:59:27,-37.1208,+146.8633,07810,070,07,0,+17,+03,291*FE03","VK3TBC-2,vk3fadi,VK3HDX,VK3YSP",354,01:59:27,-37.1208,146.8633,7810,70,7,0,17,3,291
"$$MTG002,0362,02:02:44,-37.1204,+146.9063,08024,072,09,1,+16,+03,288*87F5","VK3TBC-2,vk3fadi,VK3HDX,VK3YSP",362,02:02:44,-37.1204,146.9063,8024,72,9,1,16,3,288
"$$MTG002,0369,02:04:13,-37.1202,+146.9268,08024,074,09,0,+17,+02,287*F319","VK3TBC-2,vk3fadi,VK3YSP",369,02:04:13,-37.1202,146.9268,8024,74,9,0,17,2,287
"$$MTG002,0376,02:07:22,-37.1180,+146.9707,08345,073,10,1,+14,+01,290*1696","VK3TBC-2,vk3fadi,VK3YSP",376,02:07:22,-37.118,146.9707,8345,73,10,1,14,1,290
"$$MTG002,0384,02:08:56,-37.1164,+146.9926,08453,074,10,1,+10,-01,290*303D","VK3TBC-2,vk3fadi,VK3HDX,VK3YSP",384,02:08:56,-37.1164,146.9926,8453,74,10,1,10,-1,290
"$$MTG002,0392,02:12:42,-37.1122,+147.0440,08642,074,10,0,+11,-02,286*3F82","VK3TBC-2,vk3fadi,VK3HDX,VK3YSP",392,02:12:42,-37.1122,147.044,8642,74,10,0,11,-2,286
"$$MTG002,0398,02:14:50,-37.1083,+147.0738,08739,076,07,1,+10,-04,285*A682","VK3XCO,vk3fadi,VK3HDX,VK3TBC-2,VK3YSP",398,02:14:50,-37.1083,147.0738,8739,76,7,1,10,-4,285
"$$MTG002,0405,02:15:02,-37.1079,+147.0767,08739,079,07,0,+10,-04,286*27DA","VK3XCO,VK3TBC-2,VK3HDX,VK3YSP,vk3fadi",405,02:15:02,-37.1079,147.0767,8739,79,7,0,10,-4,286
"$$MTG002,0411,02:18:56,-37.0997,+147.1302,09250,076,11,0,+09,-04,286*80E8","VK3TBC-2,vk3fadi,VK3HDX,VK3XCO,VK3YSP",411,02:18:56,-37.0997,147.1302,9250,76,11,0,9,-4,286
"$$MTG002,0419,02:21:40,-37.0936,+147.1676,09470,077,11,0,+06,-06,284*30EB","VK3XCO,VK3TBC-2,VK3HDX,VK3YSP",419,02:21:40,-37.0936,147.1676,9470,77,11,0,6,-6,284
"$$MTG002,0425,02:23:51,-37.0886,+147.1984,09470,081,11,0,+06,-07,284*2158","VK3XCO,VK3TBC-2,VK3HDX,VK3YSP",425,02:23:51,-37.0886,147.1984,9470,81,11,0,6,-7,284
"$$MTG002,0432,02:27:32,-37.0781,+147.2537,09470,087,11,1,+04,-08,283*EA28","VK3TBC-2,VK3XCO,VK3HDX,VK3YSP",432,02:27:32,-37.0781,147.2537,9470,87,11,1,4,-8,283
"$$MTG002,0438,02:29:15,-37.0742,+147.2804,10056,087,09,0,+04,-10,282*A55C","VK3TBC-2,VK3XCO,VK3HDX,VK3YSP",438,02:29:15,-37.0742,147.2804,10056,87,9,0,4,-10,282
"$$MTG002,0447,02:32:48,-37.0656,+147.3366,10316,086,11,1,+03,-10,281*7E36","VK3TBC-2,VK3XCO,VK3HDX,VK3YSP",447,02:32:48,-37.0656,147.3366,10316,86,11,1,3,-10,281
"$$MTG002,0453,02:32:48,-37.0656,+147.3366,10377,086,11,0,+02,-12,280*2FCF","VK3TBC-2,VK3XCO,VK3HDX,VK3YSP",453,02:32:48,-37.0656,147.3366,10377,86,11,0,2,-12,280
"$$MTG002,0460,02:37:01,-37.0550,+147.4064,10760,093,09,1,+01,-13,277*94FC","VK3TBC-2,VK3XCO,VK3HDX,VK3YSP",460,02:37:01,-37.055,147.4064,10760,93,9,1,1,-13,277
"$$MTG002,0467,02:38:51,-37.0510,+147.4382,10953,091,11,0,-00,-14,277*3748","VK3XCO,VK3HDX,VK3YSP",467,02:38:51,-37.051,147.4382,10953,91,11,0,0,-14,277
"$$MTG002,0473,02:41:48,-37.0427,+147.4907,11191,101,09,1,-01,-14,277*2A4F","VK3XCO,VK3TBC-2,VK3HDX,VK3YSP",473,02:41:48,-37.0427,147.4907,11191,101,9,1,-1,-14,277
"$$MTG002,0478,02:41:48,-37.0427,+147.4907,11191,101,09,0,-02,-14,276*BE7A","VK3TBC-2,VK3XCO,VK3HDX,VK3YSP",478,02:41:48,-37.0427,147.4907,11191,101,9,0,-2,-14,276
"$$MTG002,0484,02:46:30,-37.0305,+147.5795,11636,101,11,1,-02,-14,276*1CC0","VK3TBC-2,VK3XCO,VK3HDX,VK3YSP",484,02:46:30,-37.0305,147.5795,11636,101,11,1,-2,-14,276
"$$MTG002,0489,02:48:19,-37.0250,+147.6147,11636,105,11,0,-02,-14,276*351F","VK3TBC-2,VK3XCO,VK3HDX,VK3YSP",489,02:48:19,-37.025,147.6147,11636,105,11,0,-2,-14,276
"$$MTG002,0496,02:51:21,-37.0103,+147.6769,11636,126,11,1,-04,-14,276*8D06","VK3TBC-2,VK3HDX,VK3YSP",496,02:51:21,-37.0103,147.6769,11636,126,11,1,-4,-14,276
"$$MTG002,0502,02:53:52,-36.9968,+147.7343,11636,122,11,1,-03,-14,275*5213","VK3TBC-2,VK3HDX,VK3YSP",502,02:53:52,-36.9968,147.7343,11636,122,11,1,-3,-14,275
"$$MTG002,0509,02:56:30,-36.9791,+147.7868,11636,111,11,1,-01,-13,272*4E9E","VK3TBC-2,VK3HDX,VK3YSP",509,02:56:30,-36.9791,147.7868,11636,111,11,1,-1,-13,272
"$$MTG002,0515,02:57:56,-36.9683,+147.8140,12714,112,09,0,-01,-13,274*546D","VK3TBC-2,VK3HDX,VK3YSP",515,02:57:56,-36.9683,147.814,12714,112,9,0,-1,-13,274
"$$MTG002,0521,03:01:04,-36.9509,+147.8756,12725,113,11,0,-01,-13,273*F5D1","VK3TBC-2,VK3YSP",521,03:01:04,-36.9509,147.8756,12725,113,11,0,-1,-13,273
"$$MTG002,0526,03:02:46,-36.9410,+147.9097,13059,117,11,1,-01,-13,273*48D0","VK3TBC-2,VK3HDX,VK3YSP",526,03:02:46,-36.941,147.9097,13059,117,11,1,-1,-13,273
"$$MTG002,0533,03:05:39,-36.9221,+147.9682,13059,120,11,0,-00,-12,271*1A4B","VK3TBC-2,VK3HDX,VK3YSP",533,03:05:39,-36.9221,147.9682,13059,120,11,0,0,-12,271
"$$MTG002,0540,03:07:17,-36.9097,+147.9999,13487,112,11,0,+02,-11,270*3FCD","VK3TBC-2,VK3YSP",540,03:07:17,-36.9097,147.9999,13487,112,11,0,2,-11,270
"$$MTG002,0549,03:10:38,-36.8819,+148.0667,13612,116,11,1,+01,-11,272*AB09","VK3TBC-2,VK3HDX",549,03:10:38,-36.8819,148.0667,13612,116,11,1,1,-11,272
"$$MTG002,0556,03:11:56,-36.8706,+148.0914,13925,116,10,0,+03,-10,269*3FB9","VK3TBC-2,VK3HDX",556,03:11:56,-36.8706,148.0914,13925,116,10,0,3,-10,269
"$$MTG002,0564,03:15:04,-36.8411,+148.1447,14130,108,11,1,+02,-10,270*E243","VK3TBC-2,VK3HDX,VK3YSP",564,03:15:04,-36.8411,148.1447,14130,108,11,1,2,-10,270
"$$MTG002,0570,03:16:57,-36.8239,+148.1800,14212,123,11,0,+01,-11,273*B2D6","VK3TBC-2,VK3YSP",570,03:16:57,-36.8239,148.18,14212,123,11,0,1,-11,273
"$$MTG002,0576,03:19:42,-36.7977,+148.2305,14384,116,09,1,+02,-10,272*8AB9","VK3TBC-2,VK3HDX,VK3YSP",576,03:19:42,-36.7977,148.2305,14384,116,9,1,2,-10,272
"$$MTG002,0582,03:21:41,-36.7793,+148.2645,14384,101,09,1,+01,-10,272*1B1B","VK3TBC-2,VK3HDX,VK3YSP",582,03:21:41,-36.7793,148.2645,14384,101,9,1,1,-10,272
"$$MTG002,0589,03:24:28,-36.7547,+148.3084,15137,101,10,1,-00,-10,275*3F21","VK3TBC-2,VK3HDX,VK3YSP",589,03:24:28,-36.7547,148.3084,15137,101,10,1,0,-10,275
"$$MTG002,0594,03:24:28,-36.7547,+148.3084,15137,101,10,0,+00,-10,271*2C57","VK3TBC-2,VK3HDX,VK3YSP",594,03:24:28,-36.7547,148.3084,15137,101,10,0,0,-10,271
"$$MTG002,0600,03:29:29,-36.7118,+148.3726,15137,081,10,1,+01,-11,272*ABF9","VK3HDX,VK3YSP",600,03:29:29,-36.7118,148.3726,15137,81,10,1,1,-11,272
"$$MTG002,0606,03:31:18,-36.7006,+148.3966,15777,088,11,0,+01,-11,271*8CA4",VK3TBC-2,606,03:31:18,-36.7006,148.3966,15777,88,11,0,1,-11,271
"$$MTG002,0612,03:35:26,-36.6738,+148.4503,16047,079,12,1,-00,-10,274*0E2E","VK3TBC-2,VK3HDX,VK3YSP",612,03:35:26,-36.6738,148.4503,16047,79,12,1,0,-10,274
"$$MTG002,0618,03:35:26,-36.6738,+148.4503,16203,079,12,0,+01,-10,271*E181","VK3TBC-2,VK3HDX,VK3YSP",618,03:35:26,-36.6738,148.4503,16203,79,12,0,1,-10,271
"$$MTG002,0625,03:39:19,-36.6512,+148.4917,16591,078,12,1,+01,-09,270*FA5E","VK3TBC-2,VK3HDX,VK3YSP",625,03:39:19,-36.6512,148.4917,16591,78,12,1,1,-9,270
"$$MTG002,0630,03:41:15,-36.6344,+148.5088,16591,070,12,0,+01,-10,271*AF57","VK3TBC-2,VK3YSP",630,03:41:15,-36.6344,148.5088,16591,70,12,0,1,-10,271
"$$MTG002,0636,03:41:28,-36.6326,+148.5104,16591,063,12,0,+02,-09,270*891F",VK3TBC-2,636,03:41:28,-36.6326,148.5104,16591,63,12,0,2,-9,270
"$$MTG002,0642,03:45:31,-36.6086,+148.5296,17076,030,12,1,+02,-08,272*BE97","VK3TBC-2,VK3HDX",642,03:45:31,-36.6086,148.5296,17076,30,12,1,2,-8,272
"$$MTG002,0649,03:48:24,-36.5975,+148.5405,17076,033,12,1,+01,-08,274*70A4","VK3TBC-2,VK3HDX,VK3YSP",649,03:48:24,-36.5975,148.5405,17076,33,12,1,1,-8,274
"$$MTG002,0655,03:49:30,-36.5939,+148.5451,17481,033,12,0,+06,-08,266*CD1A","VK3HDX,VK3YSP",655,03:49:30,-36.5939,148.5451,17481,33,12,0,6,-8,266
"$$MTG002,0661,03:53:01,-36.5826,+148.5626,17481,039,12,1,+02,-07,273*B9BB","VK3TBC-2,VK3HDX,VK3YSP",661,03:53:01,-36.5826,148.5626,17481,39,12,1,2,-7,273
"$$MTG002,0667,03:55:00,-36.5762,+148.5719,17481,021,12,0,+03,-07,272*4BE8","VK3TBC-2,VK3HDX,VK3YSP",667,03:55:00,-36.5762,148.5719,17481,21,12,0,3,-7,272
"$$MTG002,0672,03:58:32,-36.5744,+148.5762,17481,009,12,1,+04,-06,271*4005","VK3TBC-2,VK3HDX,VK3YSP",672,03:58:32,-36.5744,148.5762,17481,9,12,1,4,-6,271
"$$MTG002,0677,04:00:30,-36.5725,+148.5808,18497,009,09,1,+05,-05,272*6A3D","VK3TBC-2,VK3HDX,VK3YSP",677,04:00:30,-36.5725,148.5808,18497,9,9,1,5,-5,272
"$$MTG002,0683,04:03:00,-36.5651,+148.5893,18759,030,08,1,+05,-05,272*EDDE","VK3TBC-2,VK3YSP",683,04:03:00,-36.5651,148.5893,18759,30,8,1,5,-5,272
"$$MTG002,0688,04:04:52,-36.5576,+148.5884,18759,031,08,1,+05,-05,273*9A4C","VK3TBC-2,VK3HDX,VK3YSP",688,04:04:52,-36.5576,148.5884,18759,31,8,1,5,-5,273
"$$MTG002,0694,04:07:16,-36.5519,+148.5813,18759,016,08,0,+05,-03,275*C60F","VK3TBC-2,VK3YSP",694,04:07:16,-36.5519,148.5813,18759,16,8,0,5,-3,275
"$$MTG002,0699,04:09:06,-36.5517,+148.5797,19280,002,09,0,+06,-03,275*5E12","VK3TBC-2,VK3YSP",699,04:09:06,-36.5517,148.5797,19280,2,9,0,6,-3,275
"$$MTG002,0705,04:12:12,-36.5502,+148.5804,19582,004,09,1,+07,-03,272*21F5","VK3TBC-2,VK3YSP",705,04:12:12,-36.5502,148.5804,19582,4,9,1,7,-3,272
"$$MTG002,0709,04:12:12,-36.5502,+148.5804,19582,004,09,0,+04,-12,275*EF83",VK3TBC-2,709,04:12:12,-36.5502,148.5804,19582,4,9,0,4,-12,275
"$$MTG002,0718,04:17:09,-36.5394,+148.5896,17258,047,09,0,-04,-20,271*B25D",VK3TBC-2,718,04:17:09,-36.5394,148.5896,17258,47,9,0,-4,-20,271
