_sentence,_receivers,sentence_id,time,latitude,longitude,altitude,speed,heading,satellites,temperature_internal,battery,current
"$$PI_SKY_PLUS,28,00:00:00,0.00000,0.00000,00000,0,0,0,25.0,6.1,109*7B27","M0UPU,M0RPI",28,00:00:00,0.0,0.0,0,0,0,0,25.0,6.1,109.0
"$$PI_SKY_PLUS,29,00:00:00,0.00000,0.00000,00000,0,0,0,25.1,6.1,109*D477","M0UPU,M0RPI",29,00:00:00,0.0,0.0,0,0,0,0,25.1,6.1,109.0
"$$PI_SKY_PLUS,30,00:00:00,0.00000,0.00000,00000,0,0,0,25.2,6.1,109*C5DA","M0UPU,M0RPI",30,00:00:00,0.0,0.0,0,0,0,0,25.2,6.1,109.0
"$$PI_SKY_PLUS,31,00:00:00,0.00000,0.00000,00000,0,0,0,25.3,6.0,164*BBD0","M0UPU,M0RPI",31,00:00:00,0.0,0.0,0,0,0,0,25.3,6.0,164.0
"$$PI_SKY_PLUS,32,00:00:00,0.00000,0.00000,00000,0,0,0,25.6,6.1,96*6898","M0UPU,M0RPI",32,00:00:00,0.0,0.0,0,0,0,0,25.6,6.1,96.0
"$$PI_SKY_PLUS,33,00:00:00,0.00000,0.00000,00000,0,0,0,25.6,6.0,164*44FA","M0UPU,M0RPI",33,00:00:00,0.0,0.0,0,0,0,0,25.6,6.0,164.0
"$$PI_SKY_PLUS,34,00:00:00,0.00000,0.00000,00000,0,0,0,25.8,6.1,109*2BAF",M0RPI,34,00:00:00,0.0,0.0,0,0,0,0,25.8,6.1,109.0
"$$PI_SKY_PLUS,35,00:00:00,0.00000,0.00000,00000,0,0,0,25.9,6.0,178*A718",M0RPI,35,00:00:00,0.0,0.0,0,0,0,0,25.9,6.0,178.0
"$$PI_SKY_PLUS,36,00:00:00,0.00000,0.00000,00000,0,0,0,25.9,5.9,246*F6BE",M0RPI,36,00:00:00,0.0,0.0,0,0,0,0,25.9,5.9,246.0
"$$PI_SKY_PLUS,37,00:00:00,0.00000,0.00000,00000,0,0,0,26.1,6.0,150*9991",M0RPI,37,00:00:00,0.0,0.0,0,0,0,0,26.1,6.0,150.0
"$$PI_SKY_PLUS,38,00:00:00,0.00000,0.00000,00000,0,0,0,26.2,6.0,109*14AB",M0RPI,38,00:00:00,0.0,0.0,0,0,0,0,26.2,6.0,109.0
"$$PI_SKY_PLUS,39,00:00:00,0.00000,0.00000,00000,0,0,0,26.2,6.0,109*50D8",M0RPI,39,00:00:00,0.0,0.0,0,0,0,0,26.2,6.0,109.0
"$$PI_SKY_PLUS,40,00:00:00,0.00000,0.00000,00000,0,0,0,26.4,6.0,109*3D18",M0RPI,40,00:00:00,0.0,0.0,0,0,0,0,26.4,6.0,109.0
"$$PI_SKY_PLUS,41,00:00:00,0.00000,0.00000,00000,0,0,0,26.4,6.0,109*796B",M0RPI,41,00:00:00,0.0,0.0,0,0,0,0,26.4,6.0,109.0
"$$PI_SKY_PLUS,42,00:00:00,0.00000,0.00000,00000,0,0,0,26.5,6.0,109*5EDD",M0RPI,42,00:00:00,0.0,0.0,0,0,0,0,26.5,6.0,109.0
"$$PI_SKY_PLUS,43,00:00:00,0.00000,0.00000,00000,0,0,0,26.6,6.0,109*37EA",M0RPI,43,00:00:00,0.0,0.0,0,0,0,0,26.6,6.0,109.0
"$$PI_SKY_PLUS,44,00:00:00,0.00000,0.00000,00000,0,0,0,26.7,6.0,109*11B1",M0RPI,44,00:00:00,0.0,0.0,0,0,0,0,26.7,6.0,109.0
"$$PI_SKY_PLUS,45,00:00:00,0.00000,0.00000,00000,0,0,0,26.8,6.0,109*CD96",M0RPI,45,00:00:00,0.0,0.0,0,0,0,0,26.8,6.0,109.0
"$$PI_SKY_PLUS,46,00:00:00,0.00000,0.00000,00000,0,0,0,26.9,6.0,137*5EBD",M0RPI,46,00:00:00,0.0,0.0,0,0,0,0,26.9,6.0,137.0
"$$PI_SKY_PLUS,47,00:00:00,0.00000,0.00000,00000,0,0,0,27.0,6.0,109*B4C6",M0RPI,47,00:00:00,0.0,0.0,0,0,0,0,27.0,6.0,109.0
"$$PI_SKY_PLUS,48,00:00:00,0.00000,0.00000,00000,0,0,0,27.1,5.9,232*5CD1",M0RPI,48,00:00:00,0.0,0.0,0,0,0,0,27.1,5.9,232.0
"$$PI_SKY_PLUS,49,00:00:00,0.00000,0.00000,00000,0,0,0,27.2,6.0,109*F870",M0RPI,49,00:00:00,0.0,0.0,0,0,0,0,27.2,6.0,109.0
"$$PI_SKY_PLUS,50,00:00:00,0.00000,0.00000,00000,0,0,0,27.2,6.0,109*C499",M0RPI,50,00:00:00,0.0,0.0,0,0,0,0,27.2,6.0,109.0
"$$PI_SKY_PLUS,51,00:00:00,0.00000,0.00000,00000,0,0,0,27.3,5.9,191*20A7",M0RPI,51,00:00:00,0.0,0.0,0,0,0,0,27.3,5.9,191.0
"$$PI_SKY_PLUS,52,00:00:00,0.00000,0.00000,00000,0,0,0,27.4,6.0,109*16F7",M0RPI,52,00:00:00,0.0,0.0,0,0,0,0,27.4,6.0,109.0
"$$PI_SKY_PLUS,53,00:00:00,0.00000,0.00000,00000,0,0,0,27.5,6.0,109*B9A7",M0RPI,53,00:00:00,0.0,0.0,0,0,0,0,27.5,6.0,109.0
"$$PI_SKY_PLUS,54,00:00:00,0.00000,0.00000,00000,0,0,0,27.6,6.0,109*599B",M0RPI,54,00:00:00,0.0,0.0,0,0,0,0,27.6,6.0,109.0
"$$PI_SKY_PLUS,55,00:00:00,0.00000,0.00000,00000,0,0,0,27.7,6.0,109*F6CB",M0RPI,55,00:00:00,0.0,0.0,0,0,0,0,27.7,6.0,109.0
"$$PI_SKY_PLUS,56,00:00:00,0.00000,0.00000,00000,0,0,0,27.8,6.0,109*A20A",M0RPI,56,00:00:00,0.0,0.0,0,0,0,0,27.8,6.0,109.0
"$$PI_SKY_PLUS,57,00:00:00,0.00000,0.00000,00000,0,0,0,27.8,6.0,109*E679",M0RPI,57,00:00:00,0.0,0.0,0,0,0,0,27.8,6.0,109.0
"$$PI_SKY_PLUS,58,00:00:00,0.00000,0.00000,00000,0,0,0,27.9,6.0,109*C3F8",M0RPI,58,00:00:00,0.0,0.0,0,0,0,0,27.9,6.0,109.0
"$$PI_SKY_PLUS,59,00:00:00,0.00000,0.00000,00000,0,0,0,28.1,6.0,109*2547",M0RPI,59,00:00:00,0.0,0.0,0,0,0,0,28.1,6.0,109.0
"$$PI_SKY_PLUS,60,00:00:00,0.00000,0.00000,00000,0,0,0,28.2,5.9,246*D6EF",M0RPI,60,00:00:00,0.0,0.0,0,0,0,0,28.2,5.9,246.0
"$$PI_SKY_PLUS,61,00:00:00,0.00000,0.00000,00000,0,0,0,28.2,6.0,109*8619",M0RPI,61,00:00:00,0.0,0.0,0,0,0,0,28.2,6.0,109.0
"$$PI_SKY_PLUS,62,00:00:00,0.00000,0.00000,00000,0,0,0,28.3,5.9,273*B0DC",M0RPI,62,00:00:00,0.0,0.0,0,0,0,0,28.3,5.9,273.0
"$$PI_SKY_PLUS,63,00:00:00,0.00000,0.00000,00000,0,0,0,28.4,6.0,96*4E59",M0RPI,63,00:00:00,0.0,0.0,0,0,0,0,28.4,6.0,96.0
"$$PI_SKY_PLUS,64,00:00:00,0.00000,0.00000,00000,0,0,0,28.4,6.0,123*5E27",M0RPI,64,00:00:00,0.0,0.0,0,0,0,0,28.4,6.0,123.0
"$$PI_SKY_PLUS,65,00:00:00,0.00000,0.00000,00000,0,0,0,28.7,6.0,109*F038",M0RPI,65,00:00:00,0.0,0.0,0,0,0,0,28.7,6.0,109.0
"$$PI_SKY_PLUS,66,00:00:00,0.00000,0.00000,00000,0,0,0,28.7,6.1,109*96FC",M0RPI,66,00:00:00,0.0,0.0,0,0,0,0,28.7,6.1,109.0
"$$PI_SKY_PLUS,67,00:00:00,0.00000,0.00000,00000,0,0,0,28.8,6.0,109*E08A",M0RPI,67,00:00:00,0.0,0.0,0,0,0,0,28.8,6.0,109.0
"$$PI_SKY_PLUS,68,00:00:00,0.00000,0.00000,00000,0,0,0,28.9,6.1,109*6F5A",M0RPI,68,00:00:00,0.0,0.0,0,0,0,0,28.9,6.1,109.0
"$$PI_SKY_PLUS,69,00:00:00,0.00000,0.00000,00000,0,0,0,28.9,6.0,109*8178",M0RPI,69,00:00:00,0.0,0.0,0,0,0,0,28.9,6.0,109.0
"$$PI_SKY_PLUS,70,00:00:00,0.00000,0.00000,00000,0,0,0,29.0,6.0,109*A704",M0RPI,70,00:00:00,0.0,0.0,0,0,0,0,29.0,6.0,109.0
"$$PI_SKY_PLUS,71,00:00:00,0.00000,0.00000,00000,0,0,0,29.1,6.1,96*7F89",M0RPI,71,00:00:00,0.0,0.0,0,0,0,0,29.1,6.1,96.0
"$$PI_SKY_PLUS,72,00:00:00,0.00000,0.00000,00000,0,0,0,29.1,6.0,109*C4C1",M0RPI,72,00:00:00,0.0,0.0,0,0,0,0,29.1,6.0,109.0
"$$PI_SKY_PLUS,73,00:00:00,0.00000,0.00000,00000,0,0,0,29.2,6.0,137*196B",M0RPI,73,00:00:00,0.0,0.0,0,0,0,0,29.2,6.0,137.0
"$$PI_SKY_PLUS,74,00:00:00,0.00000,0.00000,00000,0,0,0,29.2,6.1,109*CADF",M0RPI,74,00:00:00,0.0,0.0,0,0,0,0,29.2,6.1,109.0
"$$PI_SKY_PLUS,75,00:00:00,0.00000,0.00000,00000,0,0,0,29.2,6.0,205*BC21",M0RPI,75,00:00:00,0.0,0.0,0,0,0,0,29.2,6.0,205.0
"$$PI_SKY_PLUS,76,00:00:00,0.00000,0.00000,00000,0,0,0,29.3,6.1,109*A91A",M0RPI,76,00:00:00,0.0,0.0,0,0,0,0,29.3,6.1,109.0
"$$PI_SKY_PLUS,77,00:00:00,0.00000,0.00000,00000,0,0,0,29.4,5.9,246*E216",M0RPI,77,00:00:00,0.0,0.0,0,0,0,0,29.4,5.9,246.0
"$$PI_SKY_PLUS,78,00:00:00,0.00000,0.00000,00000,0,0,0,29.4,6.0,164*433A",M0RPI,78,00:00:00,0.0,0.0,0,0,0,0,29.4,6.0,164.0
"$$PI_SKY_PLUS,79,00:00:00,0.00000,0.00000,00000,0,0,0,29.6,6.1,109*1074",M0RPI,79,00:00:00,0.0,0.0,0,0,0,0,29.6,6.1,109.0
"$$PI_SKY_PLUS,80,00:00:00,0.00000,0.00000,00000,0,0,0,29.6,6.0,109*670E",M0RPI,80,00:00:00,0.0,0.0,0,0,0,0,29.6,6.0,109.0
"$$PI_SKY_PLUS,81,00:00:00,0.00000,0.00000,00000,0,0,0,29.6,6.1,109*892C",M0RPI,81,00:00:00,0.0,0.0,0,0,0,0,29.6,6.1,109.0
"$$PI_SKY_PLUS,82,00:00:00,0.00000,0.00000,00000,0,0,0,29.8,6.0,109*9C9F",M0RPI,82,00:00:00,0.0,0.0,0,0,0,0,29.8,6.0,109.0
"$$PI_SKY_PLUS,83,00:00:00,0.00000,0.00000,00000,0,0,0,29.8,6.0,109*D8EC",M0RPI,83,00:00:00,0.0,0.0,0,0,0,0,29.8,6.0,109.0
"$$PI_SKY_PLUS,84,00:00:00,0.00000,0.00000,00000,0,0,0,29.8,6.1,109*BFC5",M0RPI,84,00:00:00,0.0,0.0,0,0,0,0,29.8,6.1,109.0
"$$PI_SKY_PLUS,85,00:00:00,0.00000,0.00000,00000,0,0,0,29.9,6.1,96*E629",M0RPI,85,00:00:00,0.0,0.0,0,0,0,0,29.9,6.1,96.0
"$$PI_SKY_PLUS,86,00:00:00,0.00000,0.00000,00000,0,0,0,29.9,6.1,96*D0B3",M0RPI,86,00:00:00,0.0,0.0,0,0,0,0,29.9,6.1,96.0
"$$PI_SKY_PLUS,87,00:00:00,0.00000,0.00000,00000,0,0,0,30.0,6.1,109*231D",M0RPI,87,00:00:00,0.0,0.0,0,0,0,0,30.0,6.1,109.0
"$$PI_SKY_PLUS,88,00:00:00,0.00000,0.00000,00000,0,0,0,30.1,6.1,109*069C",M0RPI,88,00:00:00,0.0,0.0,0,0,0,0,30.1,6.1,109.0
"$$PI_SKY_PLUS,89,00:00:00,0.00000,0.00000,00000,0,0,0,30.1,6.1,137*F672",M0RPI,89,00:00:00,0.0,0.0,0,0,0,0,30.1,6.1,137.0
"$$PI_SKY_PLUS,90,00:00:00,0.00000,0.00000,00000,0,0,0,30.2,6.1,109*5342",M0RPI,90,00:00:00,0.0,0.0,0,0,0,0,30.2,6.1,109.0
"$$PI_SKY_PLUS,91,11:24:40,51.95025,-2.54464,00150,0,0,6,30.2,5.9,287*E0E0",M0RPI,91,11:24:40,51.95025,-2.54464,150,0,0,6,30.2,5.9,287.0
"$$PI_SKY_PLUS,92,11:24:52,51.95028,-2.54456,00146,0,0,11,30.2,6.1,109*E315",M0RPI,92,11:24:52,51.95028,-2.54456,146,0,0,11,30.2,6.1,109.0
"$$PI_SKY_PLUS,93,11:25:04,51.95028,-2.54455,00146,0,0,11,30.2,6.1,109*59EE",M0RPI,93,11:25:04,51.95028,-2.54455,146,0,0,11,30.2,6.1,109.0
"$$PI_SKY_PLUS,94,11:25:16,51.95028,-2.54453,00147,0,0,11,30.1,6.0,137*350C",M0RPI,94,11:25:16,51.95028,-2.54453,147,0,0,11,30.1,6.0,137.0
"$$PI_SKY_PLUS,95,11:25:28,51.95028,-2.54452,00146,0,0,11,30.1,6.1,109*874B",M0RPI,95,11:25:28,51.95028,-2.54452,146,0,0,11,30.1,6.1,109.0
"$$PI_SKY_PLUS,96,11:25:41,51.95028,-2.54452,00146,0,0,12,30.1,6.0,109*C3B9",M0RPI,96,11:25:41,51.95028,-2.54452,146,0,0,12,30.1,6.0,109.0
"$$PI_SKY_PLUS,97,11:25:53,51.95028,-2.54451,00146,0,0,12,30.1,6.1,109*DABB",M0RPI,97,11:25:53,51.95028,-2.54451,146,0,0,12,30.1,6.1,109.0
"$$PI_SKY_PLUS,98,11:26:05,51.95028,-2.54450,00146,0,0,12,30.0,6.0,164*6F9B",M0RPI,98,11:26:05,51.95028,-2.5445,146,0,0,12,30.0,6.0,164.0
"$$PI_SKY_PLUS,99,11:26:17,51.95028,-2.54450,00146,0,0,12,30.0,6.1,109*3238",M0RPI,99,11:26:17,51.95028,-2.5445,146,0,0,12,30.0,6.1,109.0
"$$PI_SKY_PLUS,100,11:26:29,51.95029,-2.54450,00146,0,0,12,29.9,6.1,109*C036",M0RPI,100,11:26:29,51.95029,-2.5445,146,0,0,12,29.9,6.1,109.0
"$$PI_SKY_PLUS,101,11:26:41,51.95029,-2.54451,00147,0,0,12,29.9,6.1,109*9F6A",M0RPI,101,11:26:41,51.95029,-2.54451,147,0,0,12,29.9,6.1,109.0
"$$PI_SKY_PLUS,102,11:26:54,51.95029,-2.54451,00147,0,0,12,29.8,6.1,109*DCF4",M0RPI,102,11:26:54,51.95029,-2.54451,147,0,0,12,29.8,6.1,109.0
"$$PI_SKY_PLUS,103,11:27:06,51.95029,-2.54452,00148,0,0,12,29.8,6.1,109*C016",M0RPI,103,11:27:06,51.95029,-2.54452,148,0,0,12,29.8,6.1,109.0
"$$PI_SKY_PLUS,104,11:27:18,51.95029,-2.54452,00148,0,0,12,29.7,6.1,109*0CBB",M0RPI,104,11:27:18,51.95029,-2.54452,148,0,0,12,29.7,6.1,109.0
"$$PI_SKY_PLUS,105,11:27:30,51.95029,-2.54452,00148,0,0,12,29.6,5.9,287*106A",M0RPI,105,11:27:30,51.95029,-2.54452,148,0,0,12,29.6,5.9,287.0
"$$PI_SKY_PLUS,106,11:27:42,51.95029,-2.54452,00148,0,0,12,29.6,6.1,109*9D91",M0RPI,106,11:27:42,51.95029,-2.54452,148,0,0,12,29.6,6.1,109.0
"$$PI_SKY_PLUS,107,11:27:55,51.95028,-2.54451,00146,0,0,12,29.5,6.1,123*4A23",M0RPI,107,11:27:55,51.95028,-2.54451,146,0,0,12,29.5,6.1,123.0
"$$PI_SKY_PLUS,108,11:28:07,51.95027,-2.54452,00144,0,0,12,29.4,6.0,191*B1B8",M0RPI,108,11:28:07,51.95027,-2.54452,144,0,0,12,29.4,6.0,191.0
"$$PI_SKY_PLUS,109,11:28:19,51.95026,-2.54452,00142,0,0,12,29.4,6.1,109*F886",M0RPI,109,11:28:19,51.95026,-2.54452,142,0,0,12,29.4,6.1,109.0
"$$PI_SKY_PLUS,110,11:28:31,51.95027,-2.54454,00143,0,0,12,29.3,6.0,219*901D",M0RPI,110,11:28:31,51.95027,-2.54454,143,0,0,12,29.3,6.0,219.0
"$$PI_SKY_PLUS,111,11:28:34,51.95027,-2.54454,00143,0,0,12,29.3,6.1,109*7886",M0RPI,111,11:28:34,51.95027,-2.54454,143,0,0,12,29.3,6.1,109.0
"$$PI_SKY_PLUS,112,11:28:47,51.95027,-2.54454,00142,0,0,12,29.2,6.0,109*5E42",M0RPI,112,11:28:47,51.95027,-2.54454,142,0,0,12,29.2,6.0,109.0
"$$PI_SKY_PLUS,113,11:28:59,51.95027,-2.54454,00142,0,0,12,29.2,6.1,109*D9DB",M0RPI,113,11:28:59,51.95027,-2.54454,142,0,0,12,29.2,6.1,109.0
"$$PI_SKY_PLUS,114,11:29:11,51.95027,-2.54454,00142,0,0,12,29.1,6.0,109*1301",M0RPI,114,11:29:11,51.95027,-2.54454,142,0,0,12,29.1,6.0,109.0
"$$PI_SKY_PLUS,115,11:29:23,51.95027,-2.54454,00142,0,0,12,29.0,6.1,109*9F59",M0RPI,115,11:29:23,51.95027,-2.54454,142,0,0,12,29.0,6.1,109.0
"$$PI_SKY_PLUS,116,11:29:35,51.95028,-2.54453,00141,0,0,12,28.9,6.1,109*C1D2",M0RPI,116,11:29:35,51.95028,-2.54453,141,0,0,12,28.9,6.1,109.0
"$$PI_SKY_PLUS,117,11:29:47,51.95027,-2.54452,00141,0,0,12,28.9,6.1,109*1ED6",M0RPI,117,11:29:47,51.95027,-2.54452,141,0,0,12,28.9,6.1,109.0
"$$PI_SKY_PLUS,118,11:30:00,51.95028,-2.54453,00140,0,0,12,28.9,6.1,109*E325",M0RPI,118,11:30:00,51.95028,-2.54453,140,0,0,12,28.9,6.1,109.0
"$$PI_SKY_PLUS,119,11:30:12,51.95027,-2.54453,00139,0,0,12,28.8,6.1,96*63F3",M0RPI,119,11:30:12,51.95027,-2.54453,139,0,0,12,28.8,6.1,96.0
"$$PI_SKY_PLUS,120,11:30:24,51.95027,-2.54451,00139,0,0,12,28.8,6.1,109*4052",M0RPI,120,11:30:24,51.95027,-2.54451,139,0,0,12,28.8,6.1,109.0
"$$PI_SKY_PLUS,121,11:30:36,51.95028,-2.54450,00138,0,0,12,28.7,6.0,205*220C",M0RPI,121,11:30:36,51.95028,-2.5445,138,0,0,12,28.7,6.0,205.0
"$$PI_SKY_PLUS,122,11:30:49,51.95028,-2.54450,00139,0,0,12,28.6,6.1,109*3D25",M0RPI,122,11:30:49,51.95028,-2.5445,139,0,0,12,28.6,6.1,109.0
"$$PI_SKY_PLUS,123,11:31:01,51.95029,-2.54450,00138,0,0,12,28.6,5.9,273*4E4E",M0RPI,123,11:31:01,51.95029,-2.5445,138,0,0,12,28.6,5.9,273.0
"$$PI_SKY_PLUS,124,11:31:13,51.95029,-2.54449,00138,0,0,12,28.5,5.9,232*D0E5",M0RPI,124,11:31:13,51.95029,-2.54449,138,0,0,12,28.5,5.9,232.0
"$$PI_SKY_PLUS,125,11:31:25,51.95029,-2.54449,00137,0,0,12,28.4,6.1,109*3732",M0RPI,125,11:31:25,51.95029,-2.54449,137,0,0,12,28.4,6.1,109.0
"$$PI_SKY_PLUS,126,11:31:37,51.95029,-2.54449,00138,0,0,12,28.4,5.9,246*EB06",M0RPI,126,11:31:37,51.95029,-2.54449,138,0,0,12,28.4,5.9,246.0
"$$PI_SKY_PLUS,127,11:31:50,51.95028,-2.54448,00138,0,0,12,28.4,6.0,164*EA16",M0RPI,127,11:31:50,51.95028,-2.54448,138,0,0,12,28.4,6.0,164.0
"$$PI_SKY_PLUS,128,11:32:02,51.95029,-2.54448,00138,0,0,12,28.2,6.1,109*B255",M0RPI,128,11:32:02,51.95029,-2.54448,138,0,0,12,28.2,6.1,109.0
"$$PI_SKY_PLUS,129,11:32:14,51.95029,-2.54449,00138,0,0,12,28.2,6.1,109*4B25",M0RPI,129,11:32:14,51.95029,-2.54449,138,0,0,12,28.2,6.1,109.0
"$$PI_SKY_PLUS,130,11:32:26,51.95029,-2.54449,00139,0,0,12,28.2,6.1,109*D570",M0RPI,130,11:32:26,51.95029,-2.54449,139,0,0,12,28.2,6.1,109.0
"$$PI_SKY_PLUS,131,11:32:38,51.95029,-2.54449,00139,0,0,12,28.1,6.0,109*7FAD",M0RPI,131,11:32:38,51.95029,-2.54449,139,0,0,12,28.1,6.0,109.0
"$$PI_SKY_PLUS,132,11:32:51,51.95028,-2.54448,00138,0,0,12,28.1,6.1,109*5F2D",M0RPI,132,11:32:51,51.95028,-2.54448,138,0,0,12,28.1,6.1,109.0
"$$PI_SKY_PLUS,133,11:33:03,51.95028,-2.54449,00138,0,0,12,28.0,6.1,109*44D6",M0RPI,133,11:33:03,51.95028,-2.54449,138,0,0,12,28.0,6.1,109.0
"$$PI_SKY_PLUS,145,11:35:29,51.95027,-2.54452,00140,0,0,12,27.4,6.0,109*F730",M0RPI,145,11:35:29,51.95027,-2.54452,140,0,0,12,27.4,6.0,109.0
"$$PI_SKY_PLUS,146,11:35:42,51.95027,-2.54449,00140,0,0,12,27.4,6.1,109*3608",M0RPI,146,11:35:42,51.95027,-2.54449,140,0,0,12,27.4,6.1,109.0
"$$PI_SKY_PLUS,147,11:35:44,51.95027,-2.54449,00140,0,0,12,27.4,6.0,109*D8B6",M0RPI,147,11:35:44,51.95027,-2.54449,140,0,0,12,27.4,6.0,109.0
"$$PI_SKY_PLUS,148,11:35:57,51.95027,-2.54449,00140,0,0,12,27.3,6.1,109*411B",M0RPI,148,11:35:57,51.95027,-2.54449,140,0,0,12,27.3,6.1,109.0
"$$PI_SKY_PLUS,149,11:36:09,51.95027,-2.54450,00140,0,0,12,27.3,6.1,109*5AB5",M0RPI,149,11:36:09,51.95027,-2.5445,140,0,0,12,27.3,6.1,109.0
"$$PI_SKY_PLUS,150,11:36:21,51.95027,-2.54450,00140,0,0,12,27.2,6.1,109*2B75",M0RPI,150,11:36:21,51.95027,-2.5445,140,0,0,12,27.2,6.1,109.0
"$$PI_SKY_PLUS,151,11:36:33,51.95028,-2.54452,00140,0,0,12,27.2,6.1,109*09AE",M0RPI,151,11:36:33,51.95028,-2.54452,140,0,0,12,27.2,6.1,109.0
"$$PI_SKY_PLUS,152,11:36:46,51.95027,-2.54451,00139,0,0,12,27.2,6.1,109*D38B",M0RPI,152,11:36:46,51.95027,-2.54451,139,0,0,12,27.2,6.1,109.0
"$$PI_SKY_PLUS,153,11:36:58,51.95027,-2.54451,00139,0,0,12,27.1,5.9,287*389F",M0RPI,153,11:36:58,51.95027,-2.54451,139,0,0,12,27.1,5.9,287.0
"$$PI_SKY_PLUS,154,11:37:10,51.95027,-2.54451,00140,0,0,12,27.1,6.1,109*9561",M0RPI,154,11:37:10,51.95027,-2.54451,140,0,0,12,27.1,6.1,109.0
"$$PI_SKY_PLUS,155,11:37:22,51.95028,-2.54453,00140,0,0,12,27.1,6.0,191*67A8",M0RPI,155,11:37:22,51.95028,-2.54453,140,0,0,12,27.1,6.0,191.0
"$$PI_SKY_PLUS,156,11:37:34,51.95029,-2.54453,00140,0,0,12,27.0,5.9,301*C535",M0RPI,156,11:37:34,51.95029,-2.54453,140,0,0,12,27.0,5.9,301.0
"$$PI_SKY_PLUS,157,11:37:47,51.95028,-2.54452,00139,0,0,12,26.9,6.1,109*4746",M0RPI,157,11:37:47,51.95028,-2.54452,139,0,0,12,26.9,6.1,109.0
"$$PI_SKY_PLUS,158,11:37:59,51.95028,-2.54450,00138,0,0,12,26.9,6.0,109*E568",M0RPI,158,11:37:59,51.95028,-2.5445,138,0,0,12,26.9,6.0,109.0
"$$PI_SKY_PLUS,159,11:38:11,51.95028,-2.54450,00138,0,0,12,26.9,6.1,109*022C",M0RPI,159,11:38:11,51.95028,-2.5445,138,0,0,12,26.9,6.1,109.0
"$$PI_SKY_PLUS,160,11:38:23,51.95028,-2.54450,00138,0,0,12,26.9,6.1,109*03E5",M0RPI,160,11:38:23,51.95028,-2.5445,138,0,0,12,26.9,6.1,109.0
"$$PI_SKY_PLUS,161,11:38:35,51.95028,-2.54450,00138,0,0,12,26.8,6.1,109*04D0",M0RPI,161,11:38:35,51.95028,-2.5445,138,0,0,12,26.8,6.1,109.0
"$$PI_SKY_PLUS,162,11:38:47,51.95028,-2.54450,00137,0,0,12,26.8,6.1,109*A445",M0RPI,162,11:38:47,51.95028,-2.5445,137,0,0,12,26.8,6.1,109.0
"$$PI_SKY_PLUS,163,11:39:00,51.95029,-2.54450,00137,0,0,12,26.8,6.1,109*748F",M0RPI,163,11:39:00,51.95029,-2.5445,137,0,0,12,26.8,6.1,109.0
"$$PI_SKY_PLUS,164,11:39:12,51.95029,-2.54450,00137,0,0,12,26.8,6.1,109*8147",M0RPI,164,11:39:12,51.95029,-2.5445,137,0,0,12,26.8,6.1,109.0
"$$PI_SKY_PLUS,165,11:39:24,51.95029,-2.54449,00137,0,0,12,26.7,6.1,109*2E14",M0RPI,165,11:39:24,51.95029,-2.54449,137,0,0,12,26.7,6.1,109.0
"$$PI_SKY_PLUS,166,11:39:36,51.95029,-2.54450,00137,0,0,12,26.7,6.1,109*10C0",M0RPI,166,11:39:36,51.95029,-2.5445,137,0,0,12,26.7,6.1,109.0
"$$PI_SKY_PLUS,167,11:39:49,51.95028,-2.54450,00137,0,0,12,26.7,6.0,137*1CD3",M0RPI,167,11:39:49,51.95028,-2.5445,137,0,0,12,26.7,6.0,137.0
"$$PI_SKY_PLUS,168,11:40:01,51.95028,-2.54450,00137,0,0,12,26.6,6.1,109*22FF",M0RPI,168,11:40:01,51.95028,-2.5445,137,0,0,12,26.6,6.1,109.0
"$$PI_SKY_PLUS,169,11:40:13,51.95028,-2.54450,00138,0,0,12,26.6,6.1,109*68F0",M0RPI,169,11:40:13,51.95028,-2.5445,138,0,0,12,26.6,6.1,109.0
"$$PI_SKY_PLUS,170,11:40:25,51.95028,-2.54451,00139,0,0,12,26.6,6.0,205*B1A1",M0RPI,170,11:40:25,51.95028,-2.54451,139,0,0,12,26.6,6.0,205.0
"$$PI_SKY_PLUS,171,11:40:37,51.95028,-2.54451,00140,0,0,12,26.6,6.1,109*047C",M0RPI,171,11:40:37,51.95028,-2.54451,140,0,0,12,26.6,6.1,109.0
"$$PI_SKY_PLUS,172,11:40:50,51.95028,-2.54451,00140,0,0,12,26.5,6.0,191*C2AF",M0RPI,172,11:40:50,51.95028,-2.54451,140,0,0,12,26.5,6.0,191.0
"$$PI_SKY_PLUS,173,11:41:02,51.95028,-2.54451,00141,0,0,12,26.5,6.1,109*6326",M0RPI,173,11:41:02,51.95028,-2.54451,141,0,0,12,26.5,6.1,109.0
"$$PI_SKY_PLUS,174,11:41:14,51.95028,-2.54453,00141,0,0,12,26.4,6.1,109*37EE",M0RPI,174,11:41:14,51.95028,-2.54453,141,0,0,12,26.4,6.1,109.0
"$$PI_SKY_PLUS,175,11:41:26,51.95028,-2.54453,00141,0,0,12,26.4,6.0,109*5095",M0RPI,175,11:41:26,51.95028,-2.54453,141,0,0,12,26.4,6.0,109.0
"$$PI_SKY_PLUS,176,11:41:38,51.95028,-2.54453,00141,0,0,12,26.4,6.1,109*FFE3",M0RPI,176,11:41:38,51.95028,-2.54453,141,0,0,12,26.4,6.1,109.0
"$$PI_SKY_PLUS,177,11:41:51,51.95028,-2.54453,00140,0,0,12,26.4,6.1,109*61FA",M0RPI,177,11:41:51,51.95028,-2.54453,140,0,0,12,26.4,6.1,109.0
"$$PI_SKY_PLUS,178,11:42:03,51.95028,-2.54452,00140,0,0,12,26.4,6.1,109*8E4C",M0RPI,178,11:42:03,51.95028,-2.54452,140,0,0,12,26.4,6.1,109.0
"$$PI_SKY_PLUS,179,11:42:15,51.95028,-2.54452,00139,0,0,12,26.3,6.1,109*D858",M0RPI,179,11:42:15,51.95028,-2.54452,139,0,0,12,26.3,6.1,109.0
"$$PI_SKY_PLUS,180,11:42:18,51.95028,-2.54452,00140,0,0,12,26.3,6.1,109*5B3A",M0RPI,180,11:42:18,51.95028,-2.54452,140,0,0,12,26.3,6.1,109.0
"$$PI_SKY_PLUS,181,11:42:30,51.95028,-2.54452,00140,0,0,12,26.3,6.0,109*ED01",M0RPI,181,11:42:30,51.95028,-2.54452,140,0,0,12,26.3,6.0,109.0
"$$PI_SKY_PLUS,182,11:42:42,51.95028,-2.54452,00140,0,0,12,26.2,6.1,109*CA10",M0RPI,182,11:42:42,51.95028,-2.54452,140,0,0,12,26.2,6.1,109.0
"$$PI_SKY_PLUS,183,11:42:55,51.95028,-2.54452,00140,0,0,12,26.2,6.0,205*C0A8",M0RPI,183,11:42:55,51.95028,-2.54452,140,0,0,12,26.2,6.0,205.0
"$$PI_SKY_PLUS,184,11:43:07,51.95028,-2.54453,00141,0,0,12,26.2,6.1,109*AE3A",M0RPI,184,11:43:07,51.95028,-2.54453,141,0,0,12,26.2,6.1,109.0
"$$PI_SKY_PLUS,185,11:43:19,51.95028,-2.54453,00141,0,0,12,26.2,6.0,191*1233",M0RPI,185,11:43:19,51.95028,-2.54453,141,0,0,12,26.2,6.0,191.0
"$$PI_SKY_PLUS,186,11:43:31,51.95028,-2.54454,00141,0,0,12,26.2,6.0,109*7714",M0RPI,186,11:43:31,51.95028,-2.54454,141,0,0,12,26.2,6.0,109.0
"$$PI_SKY_PLUS,187,11:43:43,51.95028,-2.54454,00141,0,0,12,26.2,6.1,109*93C9",M0RPI,187,11:43:43,51.95028,-2.54454,141,0,0,12,26.2,6.1,109.0
"$$PI_SKY_PLUS,188,11:43:56,51.95028,-2.54454,00140,0,0,12,26.2,5.9,273*A7C2",M0RPI,188,11:43:56,51.95028,-2.54454,140,0,0,12,26.2,5.9,273.0
"$$PI_SKY_PLUS,189,11:44:08,51.95027,-2.54454,00140,0,0,12,26.1,6.1,109*AFC1",M0RPI,189,11:44:08,51.95027,-2.54454,140,0,0,12,26.1,6.1,109.0
"$$PI_SKY_PLUS,190,11:44:20,51.95027,-2.54454,00140,0,0,12,26.1,6.0,109*9F73",M0RPI,190,11:44:20,51.95027,-2.54454,140,0,0,12,26.1,6.0,109.0
"$$PI_SKY_PLUS,191,11:44:32,51.95027,-2.54454,00140,0,0,12,26.1,6.1,109*B9DB",M0RPI,191,11:44:32,51.95027,-2.54454,140,0,0,12,26.1,6.1,109.0
"$$PI_SKY_PLUS,192,11:44:44,51.95027,-2.54454,00140,0,0,12,26.1,6.1,109*BF57",M0RPI,192,11:44:44,51.95027,-2.54454,140,0,0,12,26.1,6.1,109.0
"$$PI_SKY_PLUS,193,11:44:57,51.95027,-2.54455,00140,0,0,12,26.1,6.1,109*F2EB",M0RPI,193,11:44:57,51.95027,-2.54455,140,0,0,12,26.1,6.1,109.0
"$$PI_SKY_PLUS,194,11:45:09,51.95027,-2.54455,00140,0,0,12,26.1,6.1,109*CF55",M0RPI,194,11:45:09,51.95027,-2.54455,140,0,0,12,26.1,6.1,109.0
"$$PI_SKY_PLUS,195,11:45:21,51.95028,-2.54455,00141,0,0,12,26.0,6.0,109*C355",M0RPI,195,11:45:21,51.95028,-2.54455,141,0,0,12,26.0,6.0,109.0
"$$PI_SKY_PLUS,197,11:45:45,51.95028,-2.54455,00141,0,0,12,26.0,6.1,109*E371",M0RPI,197,11:45:45,51.95028,-2.54455,141,0,0,12,26.0,6.1,109.0
"$$PI_SKY_PLUS,198,11:45:58,51.95028,-2.54455,00142,0,0,12,26.0,6.0,109*BC1A",M0RPI,198,11:45:58,51.95028,-2.54455,142,0,0,12,26.0,6.0,109.0
"$$PI_SKY_PLUS,199,11:46:10,51.95027,-2.54455,00141,0,0,12,25.9,6.0,232*A09C",M0RPI,199,11:46:10,51.95027,-2.54455,141,0,0,12,25.9,6.0,232.0
"$$PI_SKY_PLUS,200,11:46:22,51.95027,-2.54455,00141,0,0,12,25.9,6.1,109*07C6",M0RPI,200,11:46:22,51.95027,-2.54455,141,0,0,12,25.9,6.1,109.0
"$$PI_SKY_PLUS,201,11:46:34,51.95027,-2.54456,00141,0,0,12,25.9,6.0,109*7E2B",M0RPI,201,11:46:34,51.95027,-2.54456,141,0,0,12,25.9,6.0,109.0
"$$PI_SKY_PLUS,202,11:46:46,51.95027,-2.54456,00141,0,0,12,25.9,6.0,205*8094",M0RPI,202,11:46:46,51.95027,-2.54456,141,0,0,12,25.9,6.0,205.0
"$$PI_SKY_PLUS,203,11:46:59,51.95027,-2.54455,00141,0,0,12,25.9,6.1,109*7458",M0RPI,203,11:46:59,51.95027,-2.54455,141,0,0,12,25.9,6.1,109.0
"$$PI_SKY_PLUS,204,11:47:11,51.95027,-2.54455,00140,0,0,12,25.9,5.9,260*5411",M0RPI,204,11:47:11,51.95027,-2.54455,140,0,0,12,25.9,5.9,260.0
"$$PI_SKY_PLUS,205,11:47:23,51.95026,-2.54455,00140,0,0,12,25.8,6.0,109*4978",M0RPI,205,11:47:23,51.95026,-2.54455,140,0,0,12,25.8,6.0,109.0
"$$PI_SKY_PLUS,206,11:47:35,51.95026,-2.54456,00140,0,0,12,25.9,6.1,109*F359",M0RPI,206,11:47:35,51.95026,-2.54456,140,0,0,12,25.9,6.1,109.0
"$$PI_SKY_PLUS,207,11:47:47,51.95027,-2.54455,00140,0,0,12,25.8,6.0,109*EA4C",M0RPI,207,11:47:47,51.95027,-2.54455,140,0,0,12,25.8,6.0,109.0
"$$PI_SKY_PLUS,208,11:48:00,51.95027,-2.54455,00140,0,0,12,25.8,6.1,109*1AF0",M0RPI,208,11:48:00,51.95027,-2.54455,140,0,0,12,25.8,6.1,109.0
"$$PI_SKY_PLUS,209,11:48:12,51.95027,-2.54455,00140,0,0,12,25.8,6.1,109*9609",M0RPI,209,11:48:12,51.95027,-2.54455,140,0,0,12,25.8,6.1,109.0
"$$PI_SKY_PLUS,210,11:48:24,51.95027,-2.54455,00140,0,0,12,25.8,6.0,109*1714",M0RPI,210,11:48:24,51.95027,-2.54455,140,0,0,12,25.8,6.0,109.0
"$$PI_SKY_PLUS,211,11:48:36,51.95027,-2.54455,00140,0,0,12,25.8,6.1,109*31BC",M0RPI,211,11:48:36,51.95027,-2.54455,140,0,0,12,25.8,6.1,109.0
"$$PI_SKY_PLUS,212,11:48:48,51.95027,-2.54454,00139,0,0,12,25.8,6.0,109*4270",M0RPI,212,11:48:48,51.95027,-2.54454,139,0,0,12,25.8,6.0,109.0
"$$PI_SKY_PLUS,213,11:49:01,51.95027,-2.54455,00139,0,0,12,25.8,6.1,109*1D9A",M0RPI,213,11:49:01,51.95027,-2.54455,139,0,0,12,25.8,6.1,109.0
"$$PI_SKY_PLUS,214,11:49:04,51.95027,-2.54455,00139,0,0,12,25.7,6.0,109*7E05",M0RPI,214,11:49:04,51.95027,-2.54455,139,0,0,12,25.7,6.0,109.0
"$$PI_SKY_PLUS,215,11:49:16,51.95026,-2.54455,00139,0,0,12,25.7,6.0,219*B1DC",M0RPI,215,11:49:16,51.95026,-2.54455,139,0,0,12,25.7,6.0,219.0
"$$PI_SKY_PLUS,216,11:49:28,51.95027,-2.54455,00140,0,0,12,25.7,6.0,164*C6AA",M0RPI,216,11:49:28,51.95027,-2.54455,140,0,0,12,25.7,6.0,164.0
"$$PI_SKY_PLUS,217,11:49:40,51.95026,-2.54456,00140,0,0,12,25.7,5.9,260*26A7",M0RPI,217,11:49:40,51.95026,-2.54456,140,0,0,12,25.7,5.9,260.0
"$$PI_SKY_PLUS,218,11:49:53,51.95025,-2.54455,00139,0,0,12,25.7,6.1,109*5340",M0RPI,218,11:49:53,51.95025,-2.54455,139,0,0,12,25.7,6.1,109.0
"$$PI_SKY_PLUS,219,11:50:05,51.95025,-2.54456,00139,0,0,12,25.7,6.1,109*7330",M0RPI,219,11:50:05,51.95025,-2.54456,139,0,0,12,25.7,6.1,109.0
"$$PI_SKY_PLUS,220,11:50:17,51.95025,-2.54455,00139,0,0,12,25.6,5.9,232*8064",M0RPI,220,11:50:17,51.95025,-2.54455,139,0,0,12,25.6,5.9,232.0
"$$PI_SKY_PLUS,221,11:50:29,51.95026,-2.54456,00139,0,0,12,25.6,6.1,109*CFD1",M0RPI,221,11:50:29,51.95026,-2.54456,139,0,0,12,25.6,6.1,109.0
"$$PI_SKY_PLUS,222,11:50:41,51.95026,-2.54456,00140,0,0,12,25.6,6.0,109*D90A",M0RPI,222,11:50:41,51.95026,-2.54456,140,0,0,12,25.6,6.0,109.0
"$$PI_SKY_PLUS,223,11:50:54,51.95026,-2.54455,00139,0,0,12,25.6,6.0,109*6D5B",M0RPI,223,11:50:54,51.95026,-2.54455,139,0,0,12,25.6,6.0,109.0
"$$PI_SKY_PLUS,224,11:51:06,51.95025,-2.54455,00138,0,0,12,25.6,6.1,109*F5B0",M0RPI,224,11:51:06,51.95025,-2.54455,138,0,0,12,25.6,6.1,109.0
"$$PI_SKY_PLUS,225,11:51:18,51.95025,-2.54456,00138,0,0,12,25.6,6.0,109*4D83",M0RPI,225,11:51:18,51.95025,-2.54456,138,0,0,12,25.6,6.0,109.0
"$$PI_SKY_PLUS,226,11:51:30,51.95026,-2.54455,00139,0,0,12,25.6,6.1,109*42C8",M0RPI,226,11:51:30,51.95026,-2.54455,139,0,0,12,25.6,6.1,109.0
"$$PI_SKY_PLUS,227,11:51:42,51.95026,-2.54454,00140,0,0,12,25.5,6.0,150*FB42",M0RPI,227,11:51:42,51.95026,-2.54454,140,0,0,12,25.5,6.0,150.0
"$$PI_SKY_PLUS,228,11:51:55,51.95026,-2.54454,00140,0,0,12,25.5,6.1,109*DD77",M0RPI,228,11:51:55,51.95026,-2.54454,140,0,0,12,25.5,6.1,109.0
"$$PI_SKY_PLUS,229,11:52:07,51.95026,-2.54453,00140,0,0,12,25.5,6.1,109*9718",M0RPI,229,11:52:07,51.95026,-2.54453,140,0,0,12,25.5,6.1,109.0
"$$PI_SKY_PLUS,230,11:52:19,51.95026,-2.54453,00139,0,0,12,25.5,6.0,109*9DA1",M0RPI,230,11:52:19,51.95026,-2.54453,139,0,0,12,25.5,6.0,109.0
"$$PI_SKY_PLUS,232,11:52:43,51.95027,-2.54454,00139,0,0,12,25.4,6.0,205*D724",M0RPI,232,11:52:43,51.95027,-2.54454,139,0,0,12,25.4,6.0,205.0
"$$PI_SKY_PLUS,233,11:52:56,51.95027,-2.54453,00139,0,0,12,25.4,6.0,109*A598",M0RPI,233,11:52:56,51.95027,-2.54453,139,0,0,12,25.4,6.0,109.0
"$$PI_SKY_PLUS,234,11:53:08,51.95027,-2.54454,00139,0,0,12,25.4,6.0,178*7BA2",M0RPI,234,11:53:08,51.95027,-2.54454,139,0,0,12,25.4,6.0,178.0
"$$PI_SKY_PLUS,235,11:53:20,51.95027,-2.54454,00139,0,0,12,25.4,6.1,109*442F",M0RPI,235,11:53:20,51.95027,-2.54454,139,0,0,12,25.4,6.1,109.0
"$$PI_SKY_PLUS,236,11:53:32,51.95028,-2.54454,00140,0,0,12,25.4,5.9,260*D70E",M0RPI,236,11:53:32,51.95028,-2.54454,140,0,0,12,25.4,5.9,260.0
"$$PI_SKY_PLUS,237,11:53:44,51.95027,-2.54451,00139,0,0,12,25.4,6.0,109*24F5",M0RPI,237,11:53:44,51.95027,-2.54451,139,0,0,12,25.4,6.0,109.0
"$$PI_SKY_PLUS,238,11:53:56,51.95027,-2.54450,00139,0,0,12,25.4,6.1,109*CDB6",M0RPI,238,11:53:56,51.95027,-2.5445,139,0,0,12,25.4,6.1,109.0
"$$PI_SKY_PLUS,239,11:54:09,51.95027,-2.54451,00140,0,0,12,25.4,6.0,109*B780",M0RPI,239,11:54:09,51.95027,-2.54451,140,0,0,12,25.4,6.0,109.0
"$$PI_SKY_PLUS,240,11:54:21,51.95027,-2.54453,00141,0,0,12,25.3,6.1,109*171D",M0RPI,240,11:54:21,51.95027,-2.54453,141,0,0,12,25.3,6.1,109.0
"$$PI_SKY_PLUS,241,11:54:33,51.95028,-2.54452,00141,0,0,12,25.3,6.0,178*298B",M0RPI,241,11:54:33,51.95028,-2.54452,141,0,0,12,25.3,6.0,178.0
"$$PI_SKY_PLUS,242,11:54:45,51.95026,-2.54451,00138,0,0,12,25.3,6.0,109*3F1D",M0RPI,242,11:54:45,51.95026,-2.54451,138,0,0,12,25.3,6.0,109.0
"$$PI_SKY_PLUS,243,11:54:57,51.95026,-2.54452,00140,0,0,12,25.2,6.1,109*1363",M0RPI,243,11:54:57,51.95026,-2.54452,140,0,0,12,25.2,6.1,109.0
"$$PI_SKY_PLUS,244,11:55:10,51.95027,-2.54449,00139,0,0,12,25.2,6.0,109*AB6E",M0RPI,244,11:55:10,51.95027,-2.54449,139,0,0,12,25.2,6.0,109.0
"$$PI_SKY_PLUS,245,11:55:22,51.95026,-2.54449,00139,0,0,12,25.2,6.0,123*882D",M0RPI,245,11:55:22,51.95026,-2.54449,139,0,0,12,25.2,6.0,123.0
"$$PI_SKY_PLUS,246,11:55:34,51.95027,-2.54451,00139,0,0,12,25.2,5.9,246*399C",M0RPI,246,11:55:34,51.95027,-2.54451,139,0,0,12,25.2,5.9,246.0
"$$PI_SKY_PLUS,247,11:55:46,51.95028,-2.54452,00140,0,0,12,25.1,6.0,109*FE3C",M0RPI,247,11:55:46,51.95028,-2.54452,140,0,0,12,25.1,6.0,109.0
"$$PI_SKY_PLUS,248,11:55:49,51.95028,-2.54453,00140,0,0,12,25.1,6.0,109*60C5",M0RPI,248,11:55:49,51.95028,-2.54453,140,0,0,12,25.1,6.0,109.0
"$$PI_SKY_PLUS,249,11:56:01,51.95028,-2.54452,00142,0,0,12,25.1,6.0,205*A7AF",M0RPI,249,11:56:01,51.95028,-2.54452,142,0,0,12,25.1,6.0,205.0
"$$PI_SKY_PLUS,250,11:56:14,51.95028,-2.54452,00141,0,0,12,25.1,5.9,273*46E0",M0RPI,250,11:56:14,51.95028,-2.54452,141,0,0,12,25.1,5.9,273.0
"$$PI_SKY_PLUS,251,11:56:26,51.95029,-2.54452,00140,0,0,12,25.0,6.1,109*277C",M0RPI,251,11:56:26,51.95029,-2.54452,140,0,0,12,25.0,6.1,109.0
"$$PI_SKY_PLUS,252,11:56:38,51.95029,-2.54452,00139,0,0,12,24.9,6.0,109*9936",M0RPI,252,11:56:38,51.95029,-2.54452,139,0,0,12,24.9,6.0,109.0
"$$PI_SKY_PLUS,253,11:56:50,51.95028,-2.54451,00139,0,0,12,24.9,6.1,109*BA40",M0RPI,253,11:56:50,51.95028,-2.54451,139,0,0,12,24.9,6.1,109.0
"$$PI_SKY_PLUS,254,11:57:03,51.95027,-2.54451,00140,0,0,12,24.9,6.0,109*D7FA",M0RPI,254,11:57:03,51.95027,-2.54451,140,0,0,12,24.9,6.0,109.0
"$$PI_SKY_PLUS,255,11:57:15,51.95027,-2.54452,00140,0,0,12,24.8,6.1,109*4534",M0RPI,255,11:57:15,51.95027,-2.54452,140,0,0,12,24.8,6.1,109.0
"$$PI_SKY_PLUS,256,11:57:27,51.95027,-2.54452,00140,0,0,12,24.8,6.1,109*A0F1",M0RPI,256,11:57:27,51.95027,-2.54452,140,0,0,12,24.8,6.1,109.0
"$$PI_SKY_PLUS,257,11:57:39,51.95027,-2.54453,00142,0,0,12,24.8,6.0,109*89C3",M0RPI,257,11:57:39,51.95027,-2.54453,142,0,0,12,24.8,6.0,109.0
"$$PI_SKY_PLUS,258,11:57:51,51.95027,-2.54452,00141,0,0,12,24.8,6.1,109*1D8E",M0RPI,258,11:57:51,51.95027,-2.54452,141,0,0,12,24.8,6.1,109.0
"$$PI_SKY_PLUS,259,11:58:04,51.95028,-2.54452,00142,0,0,12,24.8,6.1,109*67A5",M0RPI,259,11:58:04,51.95028,-2.54452,142,0,0,12,24.8,6.1,109.0
"$$PI_SKY_PLUS,260,11:58:16,51.95028,-2.54452,00143,0,0,12,24.8,6.0,109*5818",M0RPI,260,11:58:16,51.95028,-2.54452,143,0,0,12,24.8,6.0,109.0
"$$PI_SKY_PLUS,261,11:58:28,51.95028,-2.54451,00141,0,0,12,24.7,6.0,205*B0EC",M0RPI,261,11:58:28,51.95028,-2.54451,141,0,0,12,24.7,6.0,205.0
"$$PI_SKY_PLUS,262,11:58:40,51.95027,-2.54450,00141,0,0,12,24.7,6.0,109*0E9B",M0RPI,262,11:58:40,51.95027,-2.5445,141,0,0,12,24.7,6.0,109.0
"$$PI_SKY_PLUS,263,11:58:52,51.95026,-2.54449,00139,0,0,12,24.7,6.0,191*D42E",M0RPI,263,11:58:52,51.95026,-2.54449,139,0,0,12,24.7,6.0,191.0
"$$PI_SKY_PLUS,264,11:59:05,51.95026,-2.54449,00139,0,0,12,24.6,6.0,178*A568",M0RPI,264,11:59:05,51.95026,-2.54449,139,0,0,12,24.6,6.0,178.0
"$$PI_SKY_PLUS,265,11:59:17,51.95026,-2.54451,00141,0,0,12,24.6,6.0,109*F1DC",M0RPI,265,11:59:17,51.95026,-2.54451,141,0,0,12,24.6,6.0,109.0
"$$PI_SKY_PLUS,266,11:59:29,51.95026,-2.54451,00141,0,0,12,24.6,6.1,109*1F79",M0RPI,266,11:59:29,51.95026,-2.54451,141,0,0,12,24.6,6.1,109.0
"$$PI_SKY_PLUS,267,11:59:41,51.95028,-2.54455,00142,0,0,12,24.6,6.0,109*BCE8",M0RPI,267,11:59:41,51.95028,-2.54455,142,0,0,12,24.6,6.0,109.0
"$$PI_SKY_PLUS,268,11:59:53,51.95027,-2.54455,00143,0,0,12,24.6,6.0,109*BB84",M0RPI,268,11:59:53,51.95027,-2.54455,143,0,0,12,24.6,6.0,109.0
"$$PI_SKY_PLUS,269,12:00:06,51.95026,-2.54453,00141,0,0,12,24.6,6.0,205*A459",M0RPI,269,12:00:06,51.95026,-2.54453,141,0,0,12,24.6,6.0,205.0
"$$PI_SKY_PLUS,270,12:00:18,51.95027,-2.54451,00141,0,0,12,24.6,6.0,109*9449",M0RPI,270,12:00:18,51.95027,-2.54451,141,0,0,12,24.6,6.0,109.0
"$$PI_SKY_PLUS,271,12:00:30,51.95028,-2.54452,00139,0,0,12,24.6,5.9,287*ACF1",M0RPI,271,12:00:30,51.95028,-2.54452,139,0,0,12,24.6,5.9,287.0
"$$PI_SKY_PLUS,272,12:00:42,51.95028,-2.54453,00140,0,0,12,24.6,6.1,109*3FC5",M0RPI,272,12:00:42,51.95028,-2.54453,140,0,0,12,24.6,6.1,109.0
"$$PI_SKY_PLUS,273,12:00:54,51.95028,-2.54454,00141,0,0,12,24.6,6.1,109*6C17",M0RPI,273,12:00:54,51.95028,-2.54454,141,0,0,12,24.6,6.1,109.0
"$$PI_SKY_PLUS,274,12:01:07,51.95029,-2.54454,00141,0,0,12,24.6,6.0,109*A7AB",M0RPI,274,12:01:07,51.95029,-2.54454,141,0,0,12,24.6,6.0,109.0
"$$PI_SKY_PLUS,275,12:01:19,51.95029,-2.54454,00142,0,0,12,24.6,6.1,109*4E09",M0RPI,275,12:01:19,51.95029,-2.54454,142,0,0,12,24.6,6.1,109.0
"$$PI_SKY_PLUS,276,12:01:31,51.95029,-2.54454,00142,0,0,12,24.6,6.0,109*D0DD",M0RPI,276,12:01:31,51.95029,-2.54454,142,0,0,12,24.6,6.0,109.0
"$$PI_SKY_PLUS,277,12:01:43,51.95029,-2.54455,00142,0,0,12,24.6,6.0,109*8B37",M0RPI,277,12:01:43,51.95029,-2.54455,142,0,0,12,24.6,6.0,109.0
"$$PI_SKY_PLUS,278,12:01:55,51.95029,-2.54456,00142,0,0,12,24.6,6.1,109*2857",M0RPI,278,12:01:55,51.95029,-2.54456,142,0,0,12,24.6,6.1,109.0
"$$PI_SKY_PLUS,279,12:02:08,51.95029,-2.54456,00141,0,0,12,24.6,6.0,109*0115",M0RPI,279,12:02:08,51.95029,-2.54456,141,0,0,12,24.6,6.0,109.0
"$$PI_SKY_PLUS,280,12:02:10,51.95029,-2.54456,00141,0,0,12,24.6,6.0,109*95EB",M0RPI,280,12:02:10,51.95029,-2.54456,141,0,0,12,24.6,6.0,109.0
"$$PI_SKY_PLUS,281,12:02:23,51.95029,-2.54457,00141,0,0,12,24.6,6.1,109*33D5",M0RPI,281,12:02:23,51.95029,-2.54457,141,0,0,12,24.6,6.1,109.0
"$$PI_SKY_PLUS,282,12:02:35,51.95029,-2.54456,00141,0,0,12,24.6,6.1,109*E24A",M0RPI,282,12:02:35,51.95029,-2.54456,141,0,0,12,24.6,6.1,109.0
"$$PI_SKY_PLUS,283,12:02:47,51.95029,-2.54456,00141,0,0,12,24.6,6.0,109*0697",M0RPI,283,12:02:47,51.95029,-2.54456,141,0,0,12,24.6,6.0,109.0
"$$PI_SKY_PLUS,284,12:03:00,51.95028,-2.54456,00141,0,0,12,24.6,6.0,191*94FC",M0RPI,284,12:03:00,51.95028,-2.54456,141,0,0,12,24.6,6.0,191.0
"$$PI_SKY_PLUS,285,12:03:12,51.95028,-2.54456,00141,0,0,12,24.6,6.0,109*2395",M0RPI,285,12:03:12,51.95028,-2.54456,141,0,0,12,24.6,6.0,109.0
"$$PI_SKY_PLUS,286,12:03:24,51.95028,-2.54456,00141,0,0,12,24.6,6.0,109*A6BF",M0RPI,286,12:03:24,51.95028,-2.54456,141,0,0,12,24.6,6.0,109.0
"$$PI_SKY_PLUS,287,12:03:36,51.95028,-2.54455,00141,0,0,12,24.6,6.0,205*8D30",M0RPI,287,12:03:36,51.95028,-2.54455,141,0,0,12,24.6,6.0,205.0
"$$PI_SKY_PLUS,288,12:03:48,51.95028,-2.54455,00141,0,0,12,24.6,6.1,109*8A8D",M0RPI,288,12:03:48,51.95028,-2.54455,141,0,0,12,24.6,6.1,109.0
"$$PI_SKY_PLUS,289,12:04:01,51.95027,-2.54455,00140,0,0,12,24.6,6.0,109*CF1D",M0RPI,289,12:04:01,51.95027,-2.54455,140,0,0,12,24.6,6.0,109.0
"$$PI_SKY_PLUS,290,12:04:13,51.95027,-2.54454,00140,0,0,12,24.6,6.1,109*7A5A",M0RPI,290,12:04:13,51.95027,-2.54454,140,0,0,12,24.6,6.1,109.0
"$$PI_SKY_PLUS,291,12:04:25,51.95027,-2.54453,00140,0,0,12,24.6,6.1,109*BDAD",M0RPI,291,12:04:25,51.95027,-2.54453,140,0,0,12,24.6,6.1,109.0
"$$PI_SKY_PLUS,292,12:04:37,51.95026,-2.54453,00141,0,0,12,24.6,6.0,109*4F5D",M0RPI,292,12:04:37,51.95026,-2.54453,141,0,0,12,24.6,6.0,109.0
"$$PI_SKY_PLUS,293,12:04:49,51.95026,-2.54453,00141,0,0,12,24.6,6.1,109*0AB1",M0RPI,293,12:04:49,51.95026,-2.54453,141,0,0,12,24.6,6.1,109.0
"$$PI_SKY_PLUS,294,12:05:02,51.95026,-2.54453,00141,0,0,12,24.5,6.0,109*AC2F",M0RPI,294,12:05:02,51.95026,-2.54453,141,0,0,12,24.5,6.0,109.0
"$$PI_SKY_PLUS,295,12:05:14,51.95025,-2.54452,00141,0,0,12,24.5,6.0,109*2E9C",M0RPI,295,12:05:14,51.95025,-2.54452,141,0,0,12,24.5,6.0,109.0
"$$PI_SKY_PLUS,296,12:05:26,51.95025,-2.54453,00141,0,0,12,24.6,6.1,109*592A",M0RPI,296,12:05:26,51.95025,-2.54453,141,0,0,12,24.6,6.1,109.0
"$$PI_SKY_PLUS,297,12:05:38,51.95025,-2.54453,00141,0,0,12,24.5,6.0,109*F3F7",M0RPI,297,12:05:38,51.95025,-2.54453,141,0,0,12,24.5,6.0,109.0
"$$PI_SKY_PLUS,298,12:05:50,51.95026,-2.54453,00141,0,0,12,24.5,6.0,232*701D",M0RPI,298,12:05:50,51.95026,-2.54453,141,0,0,12,24.5,6.0,232.0
"$$PI_SKY_PLUS,299,12:06:03,51.95025,-2.54453,00140,0,0,12,24.5,6.1,109*3D6F",M0RPI,299,12:06:03,51.95025,-2.54453,140,0,0,12,24.5,6.1,109.0
"$$PI_SKY_PLUS,300,12:06:15,51.95025,-2.54453,00140,0,0,12,24.5,6.0,109*85EF",M0RPI,300,12:06:15,51.95025,-2.54453,140,0,0,12,24.5,6.0,109.0
"$$PI_SKY_PLUS,301,12:06:27,51.95025,-2.54453,00139,0,0,12,24.5,6.0,246*2717",M0RPI,301,12:06:27,51.95025,-2.54453,139,0,0,12,24.5,6.0,246.0
"$$PI_SKY_PLUS,302,12:06:39,51.95025,-2.54453,00139,0,0,12,24.5,6.1,109*EC1A",M0RPI,302,12:06:39,51.95025,-2.54453,139,0,0,12,24.5,6.1,109.0
"$$PI_SKY_PLUS,303,12:06:51,51.95026,-2.54453,00139,0,0,12,24.5,5.9,273*B337",M0RPI,303,12:06:51,51.95026,-2.54453,139,0,0,12,24.5,5.9,273.0
"$$PI_SKY_PLUS,304,12:07:04,51.95025,-2.54452,00137,0,0,12,24.5,6.0,109*4FC5",M0RPI,304,12:07:04,51.95025,-2.54452,137,0,0,12,24.5,6.0,109.0
"$$PI_SKY_PLUS,305,12:07:16,51.95026,-2.54452,00137,0,0,12,24.5,6.1,109*12AE",M0RPI,305,12:07:16,51.95026,-2.54452,137,0,0,12,24.5,6.1,109.0
"$$PI_SKY_PLUS,306,12:07:28,51.95026,-2.54452,00137,0,0,12,24.5,6.0,109*FC0B",M0RPI,306,12:07:28,51.95026,-2.54452,137,0,0,12,24.5,6.0,109.0
"$$PI_SKY_PLUS,307,12:07:40,51.95026,-2.54452,00137,0,0,12,24.5,6.1,109*C996",M0RPI,307,12:07:40,51.95026,-2.54452,137,0,0,12,24.5,6.1,109.0
"$$PI_SKY_PLUS,308,12:07:43,51.95026,-2.54452,00137,0,0,12,24.5,6.0,109*4969",M0RPI,308,12:07:43,51.95026,-2.54452,137,0,0,12,24.5,6.0,109.0
"$$PI_SKY_PLUS,309,12:07:55,51.95026,-2.54452,00137,0,0,12,24.5,6.1,109*0F2E",M0RPI,309,12:07:55,51.95026,-2.54452,137,0,0,12,24.5,6.1,109.0
"$$PI_SKY_PLUS,310,12:08:08,51.95026,-2.54452,00137,0,0,12,24.5,6.0,109*72D6",M0RPI,310,12:08:08,51.95026,-2.54452,137,0,0,12,24.5,6.0,109.0
"$$PI_SKY_PLUS,311,12:08:20,51.95026,-2.54452,00137,0,0,12,24.5,6.0,109*6EBC",M0RPI,311,12:08:20,51.95026,-2.54452,137,0,0,12,24.5,6.0,109.0
"$$PI_SKY_PLUS,312,12:08:32,51.95027,-2.54452,00138,0,0,12,24.4,6.0,109*CE3E",M0RPI,312,12:08:32,51.95027,-2.54452,138,0,0,12,24.4,6.0,109.0
"$$PI_SKY_PLUS,313,12:08:44,51.95027,-2.54453,00138,0,0,12,24.5,6.1,109*B449",M0RPI,313,12:08:44,51.95027,-2.54453,138,0,0,12,24.5,6.1,109.0
"$$PI_SKY_PLUS,314,12:08:56,51.95027,-2.54453,00138,0,0,12,24.5,6.0,178*6266",M0RPI,314,12:08:56,51.95027,-2.54453,138,0,0,12,24.5,6.0,178.0
"$$PI_SKY_PLUS,315,12:09:09,51.95026,-2.54452,00137,0,0,12,24.4,6.0,109*6A8E",M0RPI,315,12:09:09,51.95026,-2.54452,137,0,0,12,24.4,6.0,109.0
"$$PI_SKY_PLUS,316,12:09:21,51.95026,-2.54452,00137,0,0,12,24.5,6.0,191*8EB8",M0RPI,316,12:09:21,51.95026,-2.54452,137,0,0,12,24.5,6.0,191.0
"$$PI_SKY_PLUS,317,12:09:33,51.95026,-2.54451,00137,0,0,12,24.4,6.0,109*ED58",M0RPI,317,12:09:33,51.95026,-2.54451,137,0,0,12,24.4,6.0,109.0
"$$PI_SKY_PLUS,318,12:09:45,51.95026,-2.54451,00137,0,0,12,24.4,6.0,109*19B6",M0RPI,318,12:09:45,51.95026,-2.54451,137,0,0,12,24.4,6.0,109.0
"$$PI_SKY_PLUS,319,12:09:57,51.95025,-2.54452,00137,0,0,12,24.4,6.1,109*7B77",M0RPI,319,12:09:57,51.95025,-2.54452,137,0,0,12,24.4,6.1,109.0
"$$PI_SKY_PLUS,320,12:10:09,51.95025,-2.54451,00137,0,0,12,24.4,6.0,109*FC6B",M0RPI,320,12:10:09,51.95025,-2.54451,137,0,0,12,24.4,6.0,109.0
"$$PI_SKY_PLUS,321,12:10:22,51.95025,-2.54451,00136,0,0,12,24.5,6.0,205*2A4C",M0RPI,321,12:10:22,51.95025,-2.54451,136,0,0,12,24.5,6.0,205.0
"$$PI_SKY_PLUS,322,12:10:34,51.95025,-2.54451,00136,0,0,12,24.4,5.9,232*50DC",M0RPI,322,12:10:34,51.95025,-2.54451,136,0,0,12,24.4,5.9,232.0
"$$PI_SKY_PLUS,323,12:10:46,51.95025,-2.54451,00137,0,0,12,24.4,6.1,109*AC61",M0RPI,323,12:10:46,51.95025,-2.54451,137,0,0,12,24.4,6.1,109.0
"$$PI_SKY_PLUS,324,12:10:58,51.95025,-2.54453,00138,0,0,12,24.4,6.0,205*262F",M0RPI,324,12:10:58,51.95025,-2.54453,138,0,0,12,24.4,6.0,205.0
"$$PI_SKY_PLUS,325,12:11:01,51.95025,-2.54453,00138,0,0,12,24.4,6.0,205*6E0B",M0RPI,325,12:11:01,51.95025,-2.54453,138,0,0,12,24.4,6.0,205.0
"$$PI_SKY_PLUS,326,12:11:14,51.95024,-2.54453,00137,0,0,12,24.4,6.0,191*8A4D",M0RPI,326,12:11:14,51.95024,-2.54453,137,0,0,12,24.4,6.0,191.0
"$$PI_SKY_PLUS,327,12:11:26,51.95023,-2.54453,00136,0,0,12,24.4,6.0,109*77C6",M0RPI,327,12:11:26,51.95023,-2.54453,136,0,0,12,24.4,6.0,109.0
"$$PI_SKY_PLUS,328,12:11:38,51.95024,-2.54454,00137,0,0,12,24.4,6.0,109*E180",M0RPI,328,12:11:38,51.95024,-2.54454,137,0,0,12,24.4,6.0,109.0
"$$PI_SKY_PLUS,329,12:11:50,51.95025,-2.54455,00139,0,0,12,24.4,6.1,109*FB3A",M0RPI,329,12:11:50,51.95025,-2.54455,139,0,0,12,24.4,6.1,109.0
"$$PI_SKY_PLUS,330,12:12:02,51.95025,-2.54455,00139,0,0,12,24.4,6.0,109*F7BF",M0RPI,330,12:12:02,51.95025,-2.54455,139,0,0,12,24.4,6.0,109.0
"$$PI_SKY_PLUS,331,12:12:15,51.95025,-2.54455,00140,0,0,12,24.4,6.0,109*C423",M0RPI,331,12:12:15,51.95025,-2.54455,140,0,0,12,24.4,6.0,109.0
"$$PI_SKY_PLUS,333,12:12:39,51.95024,-2.54452,00135,0,0,12,24.4,6.0,109*EC39",M0RPI,333,12:12:39,51.95024,-2.54452,135,0,0,12,24.4,6.0,109.0
"$$PI_SKY_PLUS,334,12:12:51,51.95025,-2.54453,00138,0,0,12,24.4,6.1,109*E189",M0RPI,334,12:12:51,51.95025,-2.54453,138,0,0,12,24.4,6.1,109.0
"$$PI_SKY_PLUS,335,12:13:03,51.95025,-2.54453,00139,0,0,12,24.4,6.0,205*E34C",M0RPI,335,12:13:03,51.95025,-2.54453,139,0,0,12,24.4,6.0,205.0
"$$PI_SKY_PLUS,336,12:13:16,51.95024,-2.54453,00137,0,0,12,24.4,6.0,109*E96C",M0RPI,336,12:13:16,51.95024,-2.54453,137,0,0,12,24.4,6.0,109.0
"$$PI_SKY_PLUS,337,12:13:28,51.95023,-2.54453,00136,0,0,12,24.4,5.9,260*9C67",M0RPI,337,12:13:28,51.95023,-2.54453,136,0,0,12,24.4,5.9,260.0
"$$PI_SKY_PLUS,338,12:13:40,51.95023,-2.54453,00137,0,0,12,24.4,6.0,109*1EF1",M0RPI,338,12:13:40,51.95023,-2.54453,137,0,0,12,24.4,6.0,109.0
"$$PI_SKY_PLUS,339,12:13:52,51.95023,-2.54454,00137,0,0,12,24.4,5.9,287*B9F3",M0RPI,339,12:13:52,51.95023,-2.54454,137,0,0,12,24.4,5.9,287.0
"$$PI_SKY_PLUS,340,12:13:55,51.95023,-2.54453,00137,0,0,12,24.4,6.1,109*F0A2",M0RPI,340,12:13:55,51.95023,-2.54453,137,0,0,12,24.4,6.1,109.0
"$$PI_SKY_PLUS,341,12:14:07,51.95020,-2.54443,00124,0,0,12,24.4,6.0,191*866D",M0RPI,341,12:14:07,51.9502,-2.54443,124,0,0,12,24.4,6.0,191.0
"$$PI_SKY_PLUS,342,12:14:19,51.95021,-2.54445,00128,0,0,12,24.4,6.1,109*EC53",M0RPI,342,12:14:19,51.95021,-2.54445,128,0,0,12,24.4,6.1,109.0
"$$PI_SKY_PLUS,343,12:14:32,51.95020,-2.54443,00125,0,0,12,24.4,6.0,109*1D02",M0RPI,343,12:14:32,51.9502,-2.54443,125,0,0,12,24.4,6.0,109.0
"$$PI_SKY_PLUS,344,12:14:44,51.95021,-2.54445,00128,0,0,12,24.4,6.0,109*617E",M0RPI,344,12:14:44,51.95021,-2.54445,128,0,0,12,24.4,6.0,109.0
"$$PI_SKY_PLUS,345,12:14:56,51.95022,-2.54447,00131,0,0,12,24.4,6.0,109*CBD0",M0RPI,345,12:14:56,51.95022,-2.54447,131,0,0,12,24.4,6.0,109.0
"$$PI_SKY_PLUS,346,12:15:08,51.95020,-2.54444,00125,0,0,12,24.4,6.0,109*C0FB",M0RPI,346,12:15:08,51.9502,-2.54444,125,0,0,12,24.4,6.0,109.0
"$$PI_SKY_PLUS,347,12:15:21,51.95021,-2.54447,00128,0,0,12,24.4,6.0,109*6362",M0RPI,347,12:15:21,51.95021,-2.54447,128,0,0,12,24.4,6.0,109.0
"$$PI_SKY_PLUS,348,12:15:33,51.95022,-2.54448,00129,0,0,12,24.4,6.0,123*9D09",M0RPI,348,12:15:33,51.95022,-2.54448,129,0,0,12,24.4,6.0,123.0
"$$PI_SKY_PLUS,349,12:15:45,51.95023,-2.54449,00130,0,0,12,24.4,6.0,109*3F3D",M0RPI,349,12:15:45,51.95023,-2.54449,130,0,0,12,24.4,6.0,109.0
"$$PI_SKY_PLUS,350,12:15:57,51.95023,-2.54449,00130,0,0,12,24.4,6.1,123*5834",M0RPI,350,12:15:57,51.95023,-2.54449,130,0,0,12,24.4,6.1,123.0
"$$PI_SKY_PLUS,351,12:16:09,51.95023,-2.54451,00134,0,0,12,24.4,6.0,109*5C3E",M0RPI,351,12:16:09,51.95023,-2.54451,134,0,0,12,24.4,6.0,109.0
"$$PI_SKY_PLUS,352,12:16:22,51.95023,-2.54453,00135,0,0,12,24.4,6.0,219*91A4",M0RPI,352,12:16:22,51.95023,-2.54453,135,0,0,12,24.4,6.0,219.0
"$$PI_SKY_PLUS,353,12:16:34,51.95023,-2.54449,00131,0,0,12,24.4,5.9,260*C721",M0RPI,353,12:16:34,51.95023,-2.54449,131,0,0,12,24.4,5.9,260.0
"$$PI_SKY_PLUS,354,12:16:37,51.95022,-2.54448,00129,0,0,12,24.4,5.9,260*D0BA",M0RPI,354,12:16:37,51.95022,-2.54448,129,0,0,12,24.4,5.9,260.0
"$$PI_SKY_PLUS,355,12:16:49,51.95023,-2.54448,00131,0,0,12,24.4,6.1,109*0C98",M0RPI,355,12:16:49,51.95023,-2.54448,131,0,0,12,24.4,6.1,109.0
"$$PI_SKY_PLUS,356,12:17:01,51.95023,-2.54450,00133,0,0,12,24.4,6.0,205*166D",M0RPI,356,12:17:01,51.95023,-2.5445,133,0,0,12,24.4,6.0,205.0
"$$PI_SKY_PLUS,358,12:17:26,51.95024,-2.54452,00136,0,0,12,24.4,6.1,109*F553",M0RPI,358,12:17:26,51.95024,-2.54452,136,0,0,12,24.4,6.1,109.0
"$$PI_SKY_PLUS,359,12:17:38,51.95024,-2.54453,00137,0,0,12,24.4,6.0,109*B25A",M0RPI,359,12:17:38,51.95024,-2.54453,137,0,0,12,24.4,6.0,109.0
"$$PI_SKY_PLUS,360,12:17:50,51.95023,-2.54452,00137,0,0,12,24.4,6.0,109*2AD4",M0RPI,360,12:17:50,51.95023,-2.54452,137,0,0,12,24.4,6.0,109.0
"$$PI_SKY_PLUS,361,12:18:02,51.95024,-2.54453,00138,0,0,12,24.4,6.0,109*BBD6",M0RPI,361,12:18:02,51.95024,-2.54453,138,0,0,12,24.4,6.0,109.0
"$$PI_SKY_PLUS,362,12:18:14,51.95024,-2.54454,00139,0,0,12,24.5,6.0,123*ECE0",M0RPI,362,12:18:14,51.95024,-2.54454,139,0,0,12,24.5,6.0,123.0
"$$PI_SKY_PLUS,363,12:18:27,51.95023,-2.54454,00140,0,0,12,24.5,6.1,109*4DFE",M0RPI,363,12:18:27,51.95023,-2.54454,140,0,0,12,24.5,6.1,109.0
"$$PI_SKY_PLUS,364,12:18:39,51.95024,-2.54455,00141,0,0,12,24.5,6.0,109*AD01",M0RPI,364,12:18:39,51.95024,-2.54455,141,0,0,12,24.5,6.0,109.0
"$$PI_SKY_PLUS,365,12:18:51,51.95024,-2.54457,00142,0,0,12,24.4,6.1,109*3748",M0RPI,365,12:18:51,51.95024,-2.54457,142,0,0,12,24.4,6.1,109.0
"$$PI_SKY_PLUS,366,12:19:03,51.95026,-2.54458,00143,0,0,12,24.5,6.0,109*FD1D",M0RPI,366,12:19:03,51.95026,-2.54458,143,0,0,12,24.5,6.0,109.0
"$$PI_SKY_PLUS,367,12:19:15,51.95026,-2.54457,00144,0,0,12,24.5,6.0,109*D989",M0RPI,367,12:19:15,51.95026,-2.54457,144,0,0,12,24.5,6.0,109.0
"$$PI_SKY_PLUS,368,12:19:18,51.95026,-2.54457,00143,0,0,12,24.5,6.0,109*E3F1",M0RPI,368,12:19:18,51.95026,-2.54457,143,0,0,12,24.5,6.0,109.0
"$$PI_SKY_PLUS,369,12:19:31,51.95025,-2.54458,00144,0,0,12,24.5,6.0,205*0025",M0RPI,369,12:19:31,51.95025,-2.54458,144,0,0,12,24.5,6.0,205.0
"$$PI_SKY_PLUS,370,12:19:42,51.95024,-2.54457,00142,0,0,12,24.5,6.1,109*1ABB",M0RPI,370,12:19:42,51.95024,-2.54457,142,0,0,12,24.5,6.1,109.0
"$$PI_SKY_PLUS,371,12:19:55,51.95023,-2.54457,00141,0,0,12,24.4,6.1,109*7951",M0RPI,371,12:19:55,51.95023,-2.54457,141,0,0,12,24.4,6.1,109.0
"$$PI_SKY_PLUS,372,12:20:07,51.95023,-2.54457,00141,0,0,12,24.5,6.0,191*3E80",M0RPI,372,12:20:07,51.95023,-2.54457,141,0,0,12,24.5,6.0,191.0
"$$PI_SKY_PLUS,373,12:20:19,51.95023,-2.54455,00140,0,0,12,24.5,6.1,109*7DB3",M0RPI,373,12:20:19,51.95023,-2.54455,140,0,0,12,24.5,6.1,109.0
"$$PI_SKY_PLUS,374,12:20:32,51.95024,-2.54454,00139,0,0,12,24.5,6.0,109*1EF5",M0RPI,374,12:20:32,51.95024,-2.54454,139,0,0,12,24.5,6.0,109.0
"$$PI_SKY_PLUS,375,12:20:44,51.95023,-2.54454,00138,0,0,12,24.5,6.0,109*3BA7",M0RPI,375,12:20:44,51.95023,-2.54454,138,0,0,12,24.5,6.0,109.0
"$$PI_SKY_PLUS,376,12:20:56,51.95023,-2.54454,00140,0,0,12,24.5,6.0,109*41EE",M0RPI,376,12:20:56,51.95023,-2.54454,140,0,0,12,24.5,6.0,109.0
"$$PI_SKY_PLUS,377,12:21:08,51.95023,-2.54455,00139,0,0,12,24.5,6.0,109*1BAE",M0RPI,377,12:21:08,51.95023,-2.54455,139,0,0,12,24.5,6.0,109.0
"$$PI_SKY_PLUS,378,12:21:20,51.95027,-2.54455,00141,0,0,12,24.5,6.1,109*0C43",M0RPI,378,12:21:20,51.95027,-2.54455,141,0,0,12,24.5,6.1,109.0
"$$PI_SKY_PLUS,379,12:21:33,51.95028,-2.54455,00140,0,0,12,24.6,6.0,109*8294",M0RPI,379,12:21:33,51.95028,-2.54455,140,0,0,12,24.6,6.0,109.0
"$$PI_SKY_PLUS,380,12:21:45,51.95026,-2.54465,00141,0,0,12,24.6,6.0,109*D8AC",M0RPI,380,12:21:45,51.95026,-2.54465,141,0,0,12,24.6,6.0,109.0
"$$PI_SKY_PLUS,381,12:21:57,51.95030,-2.54472,00140,0,0,12,24.6,6.0,109*CCC8",M0RPI,381,12:21:57,51.9503,-2.54472,140,0,0,12,24.6,6.0,109.0
"$$PI_SKY_PLUS,382,12:22:00,51.95030,-2.54472,00140,0,0,12,24.6,6.0,109*70B6",M0RPI,382,12:22:00,51.9503,-2.54472,140,0,0,12,24.6,6.0,109.0
"$$PI_SKY_PLUS,383,12:22:12,51.95030,-2.54472,00140,0,0,12,24.7,6.0,109*176C",M0RPI,383,12:22:12,51.9503,-2.54472,140,0,0,12,24.7,6.0,109.0
"$$PI_SKY_PLUS,384,12:22:24,51.95036,-2.54479,00137,0,0,12,24.8,6.0,109*2079",M0RPI,384,12:22:24,51.95036,-2.54479,137,0,0,12,24.8,6.0,109.0
"$$PI_SKY_PLUS,385,12:22:37,51.95041,-2.54483,00137,0,0,12,24.8,5.9,287*408F",M0RPI,385,12:22:37,51.95041,-2.54483,137,0,0,12,24.8,5.9,287.0
"$$PI_SKY_PLUS,386,12:22:49,51.95044,-2.54489,00138,0,0,12,24.8,6.0,109*0D5B",M0RPI,386,12:22:49,51.95044,-2.54489,138,0,0,12,24.8,6.0,109.0
"$$PI_SKY_PLUS,387,12:23:01,51.95044,-2.54490,00139,0,0,12,24.8,5.9,273*67E2",M0RPI,387,12:23:01,51.95044,-2.5449,139,0,0,12,24.8,5.9,273.0
"$$PI_SKY_PLUS,388,12:23:13,51.95035,-2.54496,00140,0,0,12,24.9,6.0,164*00C2",M0RPI,388,12:23:13,51.95035,-2.54496,140,0,0,12,24.9,6.0,164.0
"$$PI_SKY_PLUS,389,12:23:25,51.95033,-2.54506,00140,0,0,12,24.9,6.0,109*C179",M0RPI,389,12:23:25,51.95033,-2.54506,140,0,0,12,24.9,6.0,109.0
"$$PI_SKY_PLUS,390,12:23:38,51.95033,-2.54511,00140,0,0,12,24.9,6.0,109*48DA",M0RPI,390,12:23:38,51.95033,-2.54511,140,0,0,12,24.9,6.0,109.0
"$$PI_SKY_PLUS,391,12:23:48,51.95033,-2.54513,00139,0,0,12,24.9,6.0,109*9F54",M0RPI,391,12:23:48,51.95033,-2.54513,139,0,0,12,24.9,6.0,109.0
"$$PI_SKY_PLUS,392,12:24:02,51.95032,-2.54524,00139,0,0,12,24.9,6.0,123*8CC1",M0RPI,392,12:24:02,51.95032,-2.54524,139,0,0,12,24.9,6.0,123.0
"$$PI_SKY_PLUS,393,12:24:14,51.94991,-2.54582,00140,0,0,12,24.8,6.0,109*824D",M0RPI,393,12:24:14,51.94991,-2.54582,140,0,0,12,24.8,6.0,109.0
"$$PI_SKY_PLUS,394,12:24:26,51.94930,-2.54669,00185,0,0,12,24.7,6.0,109*9C8C",M0RPI,394,12:24:26,51.9493,-2.54669,185,0,0,12,24.7,6.0,109.0
"$$PI_SKY_PLUS,395,12:24:39,51.94878,-2.54778,00232,0,0,12,24.7,6.0,109*B5D8",M0RPI,395,12:24:39,51.94878,-2.54778,232,0,0,12,24.7,6.0,109.0
"$$PI_SKY_PLUS,396,12:24:51,51.94831,-2.54881,00273,0,0,12,24.6,6.0,109*7954",M0RPI,396,12:24:51,51.94831,-2.54881,273,0,0,12,24.6,6.0,109.0
"$$PI_SKY_PLUS,398,12:25:15,51.94739,-2.55087,00366,0,0,12,24.6,6.0,109*00E6",M0RPI,398,12:25:15,51.94739,-2.55087,366,0,0,12,24.6,6.0,109.0
"$$PI_SKY_PLUS,399,12:25:27,51.94698,-2.55193,00410,0,0,12,24.5,5.9,260*72DE",M0RPI,399,12:25:27,51.94698,-2.55193,410,0,0,12,24.5,5.9,260.0
"$$PI_SKY_PLUS,400,12:25:40,51.94660,-2.55309,00468,0,0,12,24.4,6.0,109*686F",M0RPI,400,12:25:40,51.9466,-2.55309,468,0,0,12,24.4,6.0,109.0
"$$PI_SKY_PLUS,402,12:26:04,51.94630,-2.55536,00578,0,0,12,24.3,5.9,191*C571",M0RPI,402,12:26:04,51.9463,-2.55536,578,0,0,12,24.3,5.9,191.0
"$$PI_SKY_PLUS,403,12:26:16,51.94632,-2.55644,00629,0,0,12,24.2,6.0,109*DF1E","M0RPI,G1DYQ",403,12:26:16,51.94632,-2.55644,629,0,0,12,24.2,6.0,109.0
"$$PI_SKY_PLUS,404,12:26:28,51.94639,-2.55756,00680,0,0,12,24.2,6.0,123*4DDB",G1DYQ,404,12:26:28,51.94639,-2.55756,680,0,0,12,24.2,6.0,123.0
"$$PI_SKY_PLUS,405,12:26:41,51.94651,-2.55879,00737,0,0,12,24.1,6.0,109*A6C4",M0RPI,405,12:26:41,51.94651,-2.55879,737,0,0,12,24.1,6.0,109.0
"$$PI_SKY_PLUS,406,12:26:53,51.94664,-2.56007,00788,0,0,12,24.1,6.0,109*6B28","M0RPI,G1DYQ",406,12:26:53,51.94664,-2.56007,788,0,0,12,24.1,6.0,109.0
"$$PI_SKY_PLUS,407,12:27:05,51.94672,-2.56152,00839,0,0,12,24.1,6.0,109*E57E","M0RPI,G1DYQ",407,12:27:05,51.94672,-2.56152,839,0,0,12,24.1,6.0,109.0
"$$PI_SKY_PLUS,408,12:27:08,51.94672,-2.56187,00852,0,0,12,24.1,6.0,109*C981","M0RPI,G1DYQ",408,12:27:08,51.94672,-2.56187,852,0,0,12,24.1,6.0,109.0
"$$PI_SKY_PLUS,409,12:27:20,51.94673,-2.56326,00903,0,0,12,23.9,6.0,109*1FAE","M0RPI,G1DYQ",409,12:27:20,51.94673,-2.56326,903,0,0,12,23.9,6.0,109.0
"$$PI_SKY_PLUS,410,12:27:32,51.94672,-2.56470,00955,0,0,12,23.9,6.0,109*1110","M0RPI,G1DYQ",410,12:27:32,51.94672,-2.5647,955,0,0,12,23.9,6.0,109.0
"$$PI_SKY_PLUS,411,12:27:45,51.94673,-2.56600,01012,0,0,12,23.8,6.0,109*C3C1","M0RPI,G1DYQ",411,12:27:45,51.94673,-2.566,1012,0,0,12,23.8,6.0,109.0
"$$PI_SKY_PLUS,412,12:27:57,51.94676,-2.56711,01067,0,0,12,23.7,6.0,109*11B6","M0RPI,G1DYQ",412,12:27:57,51.94676,-2.56711,1067,0,0,12,23.7,6.0,109.0
"$$PI_SKY_PLUS,413,12:28:09,51.94686,-2.56816,01120,0,0,12,23.6,6.0,109*5C22","M0RPI,G1DYQ",413,12:28:09,51.94686,-2.56816,1120,0,0,12,23.6,6.0,109.0
"$$PI_SKY_PLUS,414,12:28:21,51.94693,-2.56922,01172,0,0,12,23.6,6.0,137*4C7C","M0RPI,G1DYQ",414,12:28:21,51.94693,-2.56922,1172,0,0,12,23.6,6.0,137.0
"$$PI_SKY_PLUS,415,12:28:33,51.94699,-2.57019,01227,0,0,12,23.4,6.0,123*5D3D","M0RPI,G1DYQ",415,12:28:33,51.94699,-2.57019,1227,0,0,12,23.4,6.0,123.0
"$$PI_SKY_PLUS,416,12:28:45,51.94703,-2.57110,01284,0,0,12,23.4,6.0,109*F3C5","M0RPI,G1DYQ",416,12:28:45,51.94703,-2.5711,1284,0,0,12,23.4,6.0,109.0
"$$PI_SKY_PLUS,417,12:28:58,51.94715,-2.57206,01343,0,0,12,23.3,5.9,246*DB08","M0RPI,G1DYQ",417,12:28:58,51.94715,-2.57206,1343,0,0,12,23.3,5.9,246.0
"$$PI_SKY_PLUS,418,12:29:10,51.94718,-2.57298,01398,0,0,12,23.2,6.0,109*EDB7","M0RPI,G1DYQ",418,12:29:10,51.94718,-2.57298,1398,0,0,12,23.2,6.0,109.0
"$$PI_SKY_PLUS,419,12:29:22,51.94712,-2.57376,01454,0,0,12,23.1,6.0,219*DE57",G1DYQ,419,12:29:22,51.94712,-2.57376,1454,0,0,12,23.1,6.0,219.0
"$$PI_SKY_PLUS,420,12:29:34,51.94704,-2.57475,01510,0,0,12,23.0,6.0,109*1486","M0RPI,G1DYQ",420,12:29:34,51.94704,-2.57475,1510,0,0,12,23.0,6.0,109.0
"$$PI_SKY_PLUS,421,12:29:47,51.94716,-2.57593,01574,0,0,12,22.9,6.1,109*E325",G1DYQ,421,12:29:47,51.94716,-2.57593,1574,0,0,12,22.9,6.1,109.0
"$$PI_SKY_PLUS,422,12:29:59,51.94732,-2.57697,01634,0,0,12,22.8,6.0,109*A60C","M0RPI,G1DYQ",422,12:29:59,51.94732,-2.57697,1634,0,0,12,22.8,6.0,109.0
"$$PI_SKY_PLUS,423,12:30:11,51.94753,-2.57797,01693,0,0,12,22.7,6.0,109*DCE1","M0RPI,G1DYQ",423,12:30:11,51.94753,-2.57797,1693,0,0,12,22.7,6.0,109.0
"$$PI_SKY_PLUS,424,12:30:23,51.94770,-2.57905,01754,0,0,12,22.6,6.0,109*5ADC","M0RPI,G1DYQ",424,12:30:23,51.9477,-2.57905,1754,0,0,12,22.6,6.0,109.0
"$$PI_SKY_PLUS,425,12:30:35,51.94787,-2.58012,01814,0,0,12,22.6,6.0,109*FD59","M0RPI,G1DYQ",425,12:30:35,51.94787,-2.58012,1814,0,0,12,22.6,6.0,109.0
"$$PI_SKY_PLUS,426,12:30:48,51.94803,-2.58125,01877,0,0,12,22.4,6.0,109*C98D","M0RPI,G1DYQ",426,12:30:48,51.94803,-2.58125,1877,0,0,12,22.4,6.0,109.0
"$$PI_SKY_PLUS,427,12:31:00,51.94813,-2.58234,01934,0,0,12,22.4,6.0,109*95B0","M0RPI,G1DYQ",427,12:31:00,51.94813,-2.58234,1934,0,0,12,22.4,6.0,109.0
"$$PI_SKY_PLUS,428,12:31:12,51.94834,-2.58344,01994,0,0,12,22.3,6.0,109*DE06","M0RPI,G1DYQ",428,12:31:12,51.94834,-2.58344,1994,0,0,12,22.3,6.0,109.0
"$$PI_SKY_PLUS,429,12:32:02,51.94844,-2.58830,02252,0,0,12,21.9,6.0,109*2854","M0RPI,G1DYQ",429,12:32:02,51.94844,-2.5883,2252,0,0,12,21.9,6.0,109.0
"$$PI_SKY_PLUS,430,12:33:01,51.94878,-2.59421,02539,0,0,12,21.4,6.0,109*D390","M0RPI,G1DYQ",430,12:33:01,51.94878,-2.59421,2539,0,0,12,21.4,6.0,109.0
"$$PI_SKY_PLUS,431,12:34:00,51.94933,-2.60019,02826,0,0,12,20.9,6.0,191*123C","M0RPI,G1DYQ",431,12:34:00,51.94933,-2.60019,2826,0,0,12,20.9,6.0,191.0
"$$PI_SKY_PLUS,432,12:35:00,51.94976,-2.60624,03125,0,0,12,20.4,5.9,260*F6B1",M0RPI,432,12:35:00,51.94976,-2.60624,3125,0,0,12,20.4,5.9,260.0
"$$PI_SKY_PLUS,433,12:35:50,51.95018,-2.61076,03391,0,0,12,20.1,6.0,109*D45A","M0RPI,G1DYQ",433,12:35:50,51.95018,-2.61076,3391,0,0,12,20.1,6.0,109.0
"$$PI_SKY_PLUS,434,12:36:49,51.95063,-2.61686,03713,0,0,12,19.6,6.0,109*09B8","M0RPI,G1DYQ",434,12:36:49,51.95063,-2.61686,3713,0,0,12,19.6,6.0,109.0
"$$PI_SKY_PLUS,435,12:37:48,51.95032,-2.62392,04042,0,0,12,18.9,5.9,232*C295","M0RPI,G1DYQ",435,12:37:48,51.95032,-2.62392,4042,0,0,12,18.9,5.9,232.0
"$$PI_SKY_PLUS,436,12:38:47,51.95041,-2.63172,04355,0,0,12,18.3,6.0,109*4052","M0RPI,G1DYQ",436,12:38:47,51.95041,-2.63172,4355,0,0,12,18.3,6.0,109.0
"$$PI_SKY_PLUS,437,12:39:47,51.95060,-2.63917,04662,0,0,12,17.6,6.0,109*2962","M0RPI,G1DYQ",437,12:39:47,51.9506,-2.63917,4662,0,0,12,17.6,6.0,109.0
"$$PI_SKY_PLUS,438,12:40:46,51.95131,-2.64680,04968,0,0,12,16.8,6.0,109*00D7","M0RPI,G1DYQ",438,12:40:46,51.95131,-2.6468,4968,0,0,12,16.8,6.0,109.0
"$$PI_SKY_PLUS,439,12:41:45,51.95183,-2.65466,05293,0,0,12,16.0,6.0,109*B996","M0RPI,G1DYQ",439,12:41:45,51.95183,-2.65466,5293,0,0,12,16.0,6.0,109.0
"$$PI_SKY_PLUS,440,12:42:44,51.95197,-2.66236,05620,0,0,12,15.2,6.0,109*C43B","M0RPI,G1DYQ",440,12:42:44,51.95197,-2.66236,5620,0,0,12,15.2,6.0,109.0
"$$PI_SKY_PLUS,441,12:43:34,51.95175,-2.66984,05914,0,0,12,14.4,6.0,109*A4E0","M0RPI,G1DYQ",441,12:43:34,51.95175,-2.66984,5914,0,0,12,14.4,6.0,109.0
"$$PI_SKY_PLUS,442,12:44:34,51.95071,-2.67892,06249,0,0,12,13.4,6.0,109*3717","M0RPI,G1DYQ",442,12:44:34,51.95071,-2.67892,6249,0,0,12,13.4,6.0,109.0
"$$PI_SKY_PLUS,443,12:45:33,51.95102,-2.68704,06583,0,0,12,12.4,6.0,109*5C12","M0RPI,G1DYQ",443,12:45:33,51.95102,-2.68704,6583,0,0,12,12.4,6.0,109.0
"$$PI_SKY_PLUS,444,12:46:32,51.95213,-2.69729,06918,0,0,12,11.2,6.0,109*2568","M0RPI,G1DYQ",444,12:46:32,51.95213,-2.69729,6918,0,0,12,11.2,6.0,109.0
"$$PI_SKY_PLUS,445,12:47:31,51.95401,-2.71071,07242,0,0,12,10.2,6.0,109*2DE0","M0RPI,G1DYQ",445,12:47:31,51.95401,-2.71071,7242,0,0,12,10.2,6.0,109.0
"$$PI_SKY_PLUS,446,12:48:30,51.95593,-2.72519,07568,0,0,12,9.1,5.9,123*AF0D",G1DYQ,446,12:48:30,51.95593,-2.72519,7568,0,0,12,9.1,5.9,123.0
"$$PI_SKY_PLUS,447,12:49:30,51.95816,-2.74203,07899,0,0,12,7.9,6.0,123*6597",G1DYQ,447,12:49:30,51.95816,-2.74203,7899,0,0,12,7.9,6.0,123.0
"$$PI_SKY_PLUS,448,12:50:29,51.96179,-2.75937,08226,0,0,12,6.7,5.9,219*F228","g0nzo,M0RPI,G1DYQ",448,12:50:29,51.96179,-2.75937,8226,0,0,12,6.7,5.9,219.0
"$$PI_SKY_PLUS,449,12:51:19,51.96574,-2.77512,08500,0,0,12,5.6,5.9,123*B6BF","M0RPI,G1DYQ",449,12:51:19,51.96574,-2.77512,8500,0,0,12,5.6,5.9,123.0
"$$PI_SKY_PLUS,450,12:52:18,51.97245,-2.79737,08832,0,0,12,4.4,5.9,123*AABE","g0nzo,M0RPI,G1DYQ",450,12:52:18,51.97245,-2.79737,8832,0,0,12,4.4,5.9,123.0
"$$PI_SKY_PLUS,451,12:53:17,51.97923,-2.82294,09146,0,0,12,3.2,5.8,205*0612","g0nzo,G1DYQ",451,12:53:17,51.97923,-2.82294,9146,0,0,12,3.2,5.8,205.0
"$$PI_SKY_PLUS,452,12:54:16,51.98740,-2.84752,09459,0,0,12,2.1,5.9,123*672D",G1DYQ,452,12:54:16,51.9874,-2.84752,9459,0,0,12,2.1,5.9,123.0
"$$PI_SKY_PLUS,453,12:55:15,51.99574,-2.86715,09774,0,0,12,1.1,5.9,123*FCB5",G1DYQ,453,12:55:15,51.99574,-2.86715,9774,0,0,12,1.1,5.9,123.0
"$$PI_SKY_PLUS,454,12:56:15,52.00163,-2.88373,10080,0,0,12,-0.1,5.9,123*D1BA",G1DYQ,454,12:56:15,52.00163,-2.88373,10080,0,0,12,-0.1,5.9,123.0
"$$PI_SKY_PLUS,455,12:57:14,52.00668,-2.89457,10353,0,0,12,-1.1,5.9,123*A77C",G1DYQ,455,12:57:14,52.00668,-2.89457,10353,0,0,12,-1.1,5.9,123.0
"$$PI_SKY_PLUS,456,12:58:13,52.01041,-2.90669,10634,0,0,12,-1.9,5.9,123*604B",G1DYQ,456,12:58:13,52.01041,-2.90669,10634,0,0,12,-1.9,5.9,123.0
"$$PI_SKY_PLUS,457,12:59:12,52.01239,-2.91650,10894,0,0,12,-2.6,5.9,123*450B","g0nzo,G1DYQ",457,12:59:12,52.01239,-2.9165,10894,0,0,12,-2.6,5.9,123.0
"$$PI_SKY_PLUS,458,13:00:12,52.01348,-2.92492,11156,0,0,12,-3.2,5.8,123*4279","g0nzo,G1DYQ",458,13:00:12,52.01348,-2.92492,11156,0,0,12,-3.2,5.8,123.0
"$$PI_SKY_PLUS,459,13:01:11,52.01542,-2.93337,11425,0,0,12,-3.8,5.8,123*9C3C","g0nzo,G1DYQ",459,13:01:11,52.01542,-2.93337,11425,0,0,12,-3.8,5.8,123.0
"$$PI_SKY_PLUS,460,13:02:10,52.01598,-2.93931,11694,0,0,12,-4.2,5.8,232*CAA9","g0nzo,G1DYQ",460,13:02:10,52.01598,-2.93931,11694,0,0,12,-4.2,5.8,232.0
"$$PI_SKY_PLUS,461,13:03:19,52.01634,-2.94542,12014,0,0,12,-4.8,5.8,123*6629","g0nzo,G1DYQ",461,13:03:19,52.01634,-2.94542,12014,0,0,12,-4.8,5.8,123.0
"$$PI_SKY_PLUS,462,13:04:19,52.01709,-2.94758,12311,0,0,12,-5.2,5.8,178*68D5","g0nzo,G1DYQ",462,13:04:19,52.01709,-2.94758,12311,0,0,12,-5.2,5.8,178.0
"$$PI_SKY_PLUS,463,13:05:18,52.01635,-2.94965,12564,0,0,12,-5.8,5.7,191*7BB1","g0nzo,G1DYQ",463,13:05:18,52.01635,-2.94965,12564,0,0,12,-5.8,5.7,191.0
"$$PI_SKY_PLUS,464,13:06:17,52.01537,-2.95002,12811,0,0,12,-6.2,5.8,123*F880","g0nzo,G1DYQ",464,13:06:17,52.01537,-2.95002,12811,0,0,12,-6.2,5.8,123.0
"$$PI_SKY_PLUS,465,13:07:16,52.01527,-2.95052,13064,0,0,12,-6.5,5.8,123*255D",g0nzo,465,13:07:16,52.01527,-2.95052,13064,0,0,12,-6.5,5.8,123.0
"$$PI_SKY_PLUS,466,13:08:16,52.01265,-2.95246,13322,0,0,12,-6.8,5.8,123*2469","g0nzo,G1DYQ",466,13:08:16,52.01265,-2.95246,13322,0,0,12,-6.8,5.8,123.0
"$$PI_SKY_PLUS,467,13:09:15,52.01116,-2.95274,13572,0,0,12,-7.0,5.8,109*603B","g0nzo,G1DYQ",467,13:09:15,52.01116,-2.95274,13572,0,0,12,-7.0,5.8,109.0
"$$PI_SKY_PLUS,468,13:10:05,52.00889,-2.95210,13787,0,0,12,-7.2,5.8,123*7228","g0nzo,G0WXI,G1DYQ",468,13:10:05,52.00889,-2.9521,13787,0,0,12,-7.2,5.8,123.0
"$$PI_SKY_PLUS,469,13:11:25,52.00623,-2.95096,14132,0,0,12,-7.4,5.8,123*39DD","g0nzo,G0WXI,G1DYQ",469,13:11:25,52.00623,-2.95096,14132,0,0,12,-7.4,5.8,123.0
"$$PI_SKY_PLUS,470,13:12:24,52.00392,-2.95061,14391,0,0,12,-7.7,5.8,123*C4A1","g0nzo,G1DYQ",470,13:12:24,52.00392,-2.95061,14391,0,0,12,-7.7,5.8,123.0
"$$PI_SKY_PLUS,471,13:13:23,52.00264,-2.95008,14667,0,0,12,-7.9,5.8,123*F63E","g0nzo,G1DYQ",471,13:13:23,52.00264,-2.95008,14667,0,0,12,-7.9,5.8,123.0
"$$PI_SKY_PLUS,472,13:14:22,52.00053,-2.94608,14945,0,0,12,-8.1,5.8,123*D3CF","g0nzo,G1DYQ",472,13:14:22,52.00053,-2.94608,14945,0,0,12,-8.1,5.8,123.0
"$$PI_SKY_PLUS,473,13:15:21,51.99749,-2.94071,15215,0,0,12,-8.2,5.8,123*3DD6","g0nzo,G1DYQ",473,13:15:21,51.99749,-2.94071,15215,0,0,12,-8.2,5.8,123.0
"$$PI_SKY_PLUS,474,13:16:21,51.99420,-2.93756,15487,0,0,12,-8.4,5.8,123*D20C","g0nzo,G0WXI,G1DYQ",474,13:16:21,51.9942,-2.93756,15487,0,0,12,-8.4,5.8,123.0
"$$PI_SKY_PLUS,475,13:17:20,51.99160,-2.93594,15750,0,0,12,-8.6,5.7,205*644F","g0nzo,G0WXI,G1DYQ",475,13:17:20,51.9916,-2.93594,15750,0,0,12,-8.6,5.7,205.0
"$$PI_SKY_PLUS,476,13:18:10,51.98990,-2.93342,15972,0,0,12,-8.7,5.8,123*FF0A","g0nzo,G0WXI,G1DYQ",476,13:18:10,51.9899,-2.93342,15972,0,0,12,-8.7,5.8,123.0
"$$PI_SKY_PLUS,477,13:19:09,51.98773,-2.93140,16236,0,0,12,-8.8,5.8,123*C687","g0nzo,G1DYQ",477,13:19:09,51.98773,-2.9314,16236,0,0,12,-8.8,5.8,123.0
"$$PI_SKY_PLUS,478,13:20:07,51.98590,-2.92987,16506,0,0,12,-8.9,5.8,123*AE5B","g0nzo,G1DYQ",478,13:20:07,51.9859,-2.92987,16506,0,0,12,-8.9,5.8,123.0
"$$PI_SKY_PLUS,479,13:21:08,51.98348,-2.92524,16793,0,0,12,-9.0,5.6,232*5150","g0nzo,G0WXI",479,13:21:08,51.98348,-2.92524,16793,0,0,12,-9.0,5.6,232.0
"$$PI_SKY_PLUS,480,13:22:07,51.98045,-2.92000,17074,0,0,12,-9.1,5.7,123*B640","g0nzo,G0WXI",480,13:22:07,51.98045,-2.92,17074,0,0,12,-9.1,5.7,123.0
"$$PI_SKY_PLUS,481,13:23:06,51.97680,-2.91419,17351,0,0,12,-9.1,5.7,123*B097","g0nzo,G0WXI,G1DYQ",481,13:23:06,51.9768,-2.91419,17351,0,0,12,-9.1,5.7,123.0
"$$PI_SKY_PLUS,482,13:24:05,51.97417,-2.91103,17627,0,0,12,-9.2,5.7,123*5AF2","g0nzo,G0WXI",482,13:24:05,51.97417,-2.91103,17627,0,0,12,-9.2,5.7,123.0
"$$PI_SKY_PLUS,483,13:25:05,51.97298,-2.90824,17909,0,0,12,-9.2,5.7,123*D792","g0nzo,G4FUI,G0WXI",483,13:25:05,51.97298,-2.90824,17909,0,0,12,-9.2,5.7,123.0
"$$PI_SKY_PLUS,484,13:26:04,51.97150,-2.90288,18184,0,0,12,-9.3,5.7,137*968E",g0nzo,484,13:26:04,51.9715,-2.90288,18184,0,0,12,-9.3,5.7,137.0
"$$PI_SKY_PLUS,485,13:27:03,51.96900,-2.89583,18459,0,0,12,-9.3,5.7,123*5924","G0WXI,G1DYQ",485,13:27:03,51.969,-2.89583,18459,0,0,12,-9.3,5.7,123.0
"$$PI_SKY_PLUS,486,13:27:53,51.96648,-2.88803,18702,0,0,12,-9.3,5.7,123*BBB4",G0WXI,486,13:27:53,51.96648,-2.88803,18702,0,0,12,-9.3,5.7,123.0
"$$PI_SKY_PLUS,487,13:28:52,51.96209,-2.87917,18999,0,0,12,-9.4,5.7,178*C797",G0WXI,487,13:28:52,51.96209,-2.87917,18999,0,0,12,-9.4,5.7,178.0
"$$PI_SKY_PLUS,488,13:29:52,51.95703,-2.87115,19314,0,0,12,-9.4,5.7,123*1B6E","M0DTS,G0WXI,G1DYQ",488,13:29:52,51.95703,-2.87115,19314,0,0,12,-9.4,5.7,123.0
"$$PI_SKY_PLUS,489,13:30:51,51.95259,-2.86834,19609,0,0,12,-9.4,5.7,123*6399","g0nzo,G1DYQ",489,13:30:51,51.95259,-2.86834,19609,0,0,12,-9.4,5.7,123.0
"$$PI_SKY_PLUS,490,13:31:50,51.95107,-2.86343,19889,0,0,12,-9.3,5.7,123*18B8",G1DYQ,490,13:31:50,51.95107,-2.86343,19889,0,0,12,-9.3,5.7,123.0
"$$PI_SKY_PLUS,491,13:32:49,51.94949,-2.85707,20180,0,0,12,-9.3,5.7,123*31E8",g0nzo,491,13:32:49,51.94949,-2.85707,20180,0,0,12,-9.3,5.7,123.0
"$$PI_SKY_PLUS,492,13:33:48,51.94810,-2.84853,20489,0,0,12,-9.2,5.6,205*3331","g0nzo,M0DTS,G0WXI,G1DYQ",492,13:33:48,51.9481,-2.84853,20489,0,0,12,-9.2,5.6,205.0
"$$PI_SKY_PLUS,493,13:34:48,51.94367,-2.84077,20817,0,0,12,-9.1,5.7,123*CEBF",G1DYQ,493,13:34:48,51.94367,-2.84077,20817,0,0,12,-9.1,5.7,123.0
"$$PI_SKY_PLUS,494,13:35:38,51.94157,-2.83289,21077,0,0,12,-9.1,5.7,123*FC1F","g0nzo,M0DTS",494,13:35:38,51.94157,-2.83289,21077,0,0,12,-9.1,5.7,123.0
"$$PI_SKY_PLUS,495,13:36:37,51.93919,-2.82417,21362,0,0,12,-9.0,5.6,246*3657",G0WXI,495,13:36:37,51.93919,-2.82417,21362,0,0,12,-9.0,5.6,246.0
"$$PI_SKY_PLUS,496,13:37:36,51.93720,-2.81087,21651,0,0,12,-8.9,5.6,150*3D06",G0WXI,496,13:37:36,51.9372,-2.81087,21651,0,0,12,-8.9,5.6,150.0
"$$PI_SKY_PLUS,497,13:38:35,51.93355,-2.79921,21962,0,0,12,-8.9,5.7,123*934F","g0nzo,M0DTS,G0WXI",497,13:38:35,51.93355,-2.79921,21962,0,0,12,-8.9,5.7,123.0
"$$PI_SKY_PLUS,499,13:40:34,51.92257,-2.77961,22626,0,0,12,-8.7,5.7,123*1DAB","M0DTS,G0WXI,G1DYQ",499,13:40:34,51.92257,-2.77961,22626,0,0,12,-8.7,5.7,123.0
"$$PI_SKY_PLUS,500,13:41:33,51.91876,-2.76854,22937,0,0,12,-8.6,5.7,123*1AFC",G0WXI,500,13:41:33,51.91876,-2.76854,22937,0,0,12,-8.6,5.7,123.0
"$$PI_SKY_PLUS,502,13:43:32,51.91222,-2.74662,23547,0,0,12,-8.4,5.7,123*9797",G0WXI,502,13:43:32,51.91222,-2.74662,23547,0,0,12,-8.4,5.7,123.0
"$$PI_SKY_PLUS,503,13:44:22,51.90945,-2.73574,23818,0,0,12,-8.3,5.7,123*BEA5","g0nzo,M0DTS,G0WXI",503,13:44:22,51.90945,-2.73574,23818,0,0,12,-8.3,5.7,123.0
"$$PI_SKY_PLUS,504,13:45:21,51.90901,-2.72278,24157,0,0,12,-8.2,5.7,123*EEF7","g0nzo,M0DTS,G0WXI,G1DYQ",504,13:45:21,51.90901,-2.72278,24157,0,0,12,-8.2,5.7,123.0
"$$PI_SKY_PLUS,505,13:46:20,51.90755,-2.70769,24494,0,0,12,-8.0,5.7,123*86FF",G0WXI,505,13:46:20,51.90755,-2.70769,24494,0,0,12,-8.0,5.7,123.0
"$$PI_SKY_PLUS,506,13:47:19,51.90460,-2.69426,24818,0,0,12,-7.9,5.7,123*2754",G4FUI,506,13:47:19,51.9046,-2.69426,24818,0,0,12,-7.9,5.7,123.0
"$$PI_SKY_PLUS,507,13:48:19,51.90146,-2.67975,25159,0,0,12,-7.7,5.7,123*2971",G8DHE,507,13:48:19,51.90146,-2.67975,25159,0,0,12,-7.7,5.7,123.0
"$$PI_SKY_PLUS,508,13:49:18,51.89927,-2.66178,25513,0,0,12,-7.6,5.6,191*279B",G0WXI,508,13:49:18,51.89927,-2.66178,25513,0,0,12,-7.6,5.6,191.0
"$$PI_SKY_PLUS,510,13:51:16,51.89347,-2.61985,26231,0,0,12,-7.2,5.7,123*8658",G0WXI,510,13:51:16,51.89347,-2.61985,26231,0,0,12,-7.2,5.7,123.0
"$$PI_SKY_PLUS,511,13:52:16,51.88834,-2.59981,26600,0,0,12,-7.1,5.7,123*B9B9","G0WXI,G8KNN",511,13:52:16,51.88834,-2.59981,26600,0,0,12,-7.1,5.7,123.0
"$$PI_SKY_PLUS,514,13:55:04,51.88301,-2.54055,27605,0,0,12,-6.6,5.7,123*60AA",G0WXI,514,13:55:04,51.88301,-2.54055,27605,0,0,12,-6.6,5.7,123.0
"$$PI_SKY_PLUS,515,13:56:03,51.88277,-2.51540,27971,0,0,12,-6.4,5.7,123*E800",G0WXI,515,13:56:03,51.88277,-2.5154,27971,0,0,12,-6.4,5.7,123.0
"$$PI_SKY_PLUS,516,13:57:02,51.88187,-2.48863,28332,0,0,12,-6.2,5.7,123*41A3",G0WXI,516,13:57:02,51.88187,-2.48863,28332,0,0,12,-6.2,5.7,123.0
"$$PI_SKY_PLUS,517,13:58:02,51.88172,-2.45988,28693,0,0,12,-6.0,5.7,109*A335",G0WXI,517,13:58:02,51.88172,-2.45988,28693,0,0,12,-6.0,5.7,109.0
"$$PI_SKY_PLUS,518,13:59:01,51.87960,-2.42910,29065,0,0,12,-5.8,5.7,123*BD1A","G4FUI,G1DYQ",518,13:59:01,51.8796,-2.4291,29065,0,0,12,-5.8,5.7,123.0
"$$PI_SKY_PLUS,519,14:00:00,51.87891,-2.39693,29454,0,0,12,-5.5,5.7,123*1181",G1DYQ,519,14:00:00,51.87891,-2.39693,29454,0,0,12,-5.5,5.7,123.0
"$$PI_SKY_PLUS,520,14:00:50,51.87771,-2.37013,29789,0,0,12,-5.4,5.5,287*3D2F",G1DYQ,520,14:00:50,51.87771,-2.37013,29789,0,0,12,-5.4,5.5,287.0
"$$PI_SKY_PLUS,521,14:01:50,51.87696,-2.33648,30189,0,0,12,-5.1,5.7,123*EF43","g0nzo,G1DYQ",521,14:01:50,51.87696,-2.33648,30189,0,0,12,-5.1,5.7,123.0
"$$PI_SKY_PLUS,522,14:02:49,51.87673,-2.30254,30564,0,0,12,-4.9,5.7,123*96FB","G4BGQ,G1DYQ",522,14:02:49,51.87673,-2.30254,30564,0,0,12,-4.9,5.7,123.0
"$$PI_SKY_PLUS,525,14:05:46,51.87652,-2.18594,31635,0,0,12,-4.3,5.7,123*A388",M0DTS,525,14:05:46,51.87652,-2.18594,31635,0,0,12,-4.3,5.7,123.0
"$$PI_SKY_PLUS,526,14:06:46,51.87871,-2.14561,32034,0,0,12,-4.1,5.6,246*7ECB",G0WXI,526,14:06:46,51.87871,-2.14561,32034,0,0,12,-4.1,5.6,246.0
"$$PI_SKY_PLUS,528,14:08:44,51.88048,-2.06123,32779,0,0,12,-3.8,5.7,109*9917","G4BGQ,G0WXI",528,14:08:44,51.88048,-2.06123,32779,0,0,12,-3.8,5.7,109.0
"$$PI_SKY_PLUS,529,14:09:43,51.87821,-2.01775,33127,0,0,12,-3.6,5.7,109*2E9F","g0nzo,G0WXI",529,14:09:43,51.87821,-2.01775,33127,0,0,12,-3.6,5.7,109.0
"$$PI_SKY_PLUS,530,14:10:43,51.87739,-1.97193,33507,0,0,12,-3.3,5.7,123*53C5",G4BGQ,530,14:10:43,51.87739,-1.97193,33507,0,0,12,-3.3,5.7,123.0
"$$PI_SKY_PLUS,531,14:11:33,51.87837,-1.93366,33848,0,0,12,-3.1,5.7,109*EE1B",G4BGQ,531,14:11:33,51.87837,-1.93366,33848,0,0,12,-3.1,5.7,109.0
"$$PI_SKY_PLUS,532,14:12:32,51.87931,-1.88589,34248,0,0,12,-2.8,5.6,246*C029","G4BGQ,g0nzo,G0WXI,G8KNN",532,14:12:32,51.87931,-1.88589,34248,0,0,12,-2.8,5.6,246.0
"$$PI_SKY_PLUS,534,14:14:30,51.87577,-1.80135,28527,0,0,12,-2.5,5.7,109*939B","G0WXI,G8KNN",534,14:14:30,51.87577,-1.80135,28527,0,0,12,-2.5,5.7,109.0
"$$PI_SKY_PLUS,535,14:15:30,51.87429,-1.77737,25963,0,0,12,-2.8,5.7,109*4413",G8KNN,535,14:15:30,51.87429,-1.77737,25963,0,0,12,-2.8,5.7,109.0
"$$PI_SKY_PLUS,536,14:16:29,51.87396,-1.75922,23860,0,0,12,-3.4,5.7,123*376D","G0WXI,G1DYQ",536,14:16:29,51.87396,-1.75922,23860,0,0,12,-3.4,5.7,123.0
"$$PI_SKY_PLUS,537,14:17:28,51.87048,-1.74851,22040,0,0,12,-4.3,5.7,123*9771","G0WXI,G1DYQ",537,14:17:28,51.87048,-1.74851,22040,0,0,12,-4.3,5.7,123.0
"$$PI_SKY_PLUS,538,14:18:26,51.86715,-1.73896,20502,0,0,12,-5.2,5.6,219*75C6",G0WXI,538,14:18:26,51.86715,-1.73896,20502,0,0,12,-5.2,5.6,219.0
"$$PI_SKY_PLUS,539,14:19:26,51.86457,-1.73299,19162,0,0,12,-6.1,5.6,246*B887","g0nzo,G8KNN",539,14:19:26,51.86457,-1.73299,19162,0,0,12,-6.1,5.6,246.0
"$$PI_SKY_PLUS,540,14:20:26,51.86205,-1.72480,17969,0,0,12,-6.9,5.7,123*48B9",g0nzo,540,14:20:26,51.86205,-1.7248,17969,0,0,12,-6.9,5.7,123.0
"$$PI_SKY_PLUS,541,14:21:16,51.86032,-1.72035,17046,0,0,12,-7.7,5.7,123*FD49","g0nzo,G0WXI",541,14:21:16,51.86032,-1.72035,17046,0,0,12,-7.7,5.7,123.0
"$$PI_SKY_PLUS,542,14:22:15,51.85902,-1.71632,16043,0,0,12,-8.5,5.6,205*939B",g0nzo,542,14:22:15,51.85902,-1.71632,16043,0,0,12,-8.5,5.6,205.0
"$$PI_SKY_PLUS,543,14:23:14,51.85661,-1.71551,15141,0,0,12,-9.3,5.7,123*8DC7","g0nzo,G0WXI",543,14:23:14,51.85661,-1.71551,15141,0,0,12,-9.3,5.7,123.0
"$$PI_SKY_PLUS,544,14:24:13,51.85567,-1.71440,14281,0,0,12,-10.0,5.7,123*3067","g0nzo,G0WXI",544,14:24:13,51.85567,-1.7144,14281,0,0,12,-10.0,5.7,123.0
"$$PI_SKY_PLUS,545,14:25:13,51.85311,-1.71585,13448,0,0,12,-10.7,5.6,219*219F","g0nzo,G0WXI,G1DYQ",545,14:25:13,51.85311,-1.71585,13448,0,0,12,-10.7,5.6,219.0
"$$PI_SKY_PLUS,546,14:26:33,51.85132,-1.71828,12426,0,0,12,-11.5,5.7,123*5B38",G1DYQ,546,14:26:33,51.85132,-1.71828,12426,0,0,12,-11.5,5.7,123.0
"$$PI_SKY_PLUS,548,14:28:31,51.85466,-1.73275,11024,0,0,12,-12.6,5.6,137*706C","g0nzo,G0WXI,G1DYQ",548,14:28:31,51.85466,-1.73275,11024,0,0,12,-12.6,5.6,137.0
"$$PI_SKY_PLUS,549,14:29:30,51.85662,-1.74473,10402,0,0,12,-13.1,5.6,123*AE51","g0nzo,G1DYQ",549,14:29:30,51.85662,-1.74473,10402,0,0,12,-13.1,5.6,123.0
"$$PI_SKY_PLUS,550,14:30:20,51.86008,-1.75703,09887,0,0,12,-13.6,5.6,123*1B8D","g0nzo,G1DYQ",550,14:30:20,51.86008,-1.75703,9887,0,0,12,-13.6,5.6,123.0
"$$PI_SKY_PLUS,551,14:31:20,51.86627,-1.78020,09287,0,0,12,-14.1,5.6,137*9BA8","G0WXI,G1DYQ",551,14:31:20,51.86627,-1.7802,9287,0,0,12,-14.1,5.6,137.0
"$$PI_SKY_PLUS,552,14:32:19,51.87051,-1.80474,08733,0,0,12,-14.6,5.6,123*E974","G8KNN,G1DYQ",552,14:32:19,51.87051,-1.80474,8733,0,0,12,-14.6,5.6,123.0
"$$PI_SKY_PLUS,553,14:33:18,51.87252,-1.82271,08173,0,0,12,-15.2,5.6,137*1595",G1DYQ,553,14:33:18,51.87252,-1.82271,8173,0,0,12,-15.2,5.6,137.0
"$$PI_SKY_PLUS,554,14:34:17,51.87411,-1.83819,07649,0,0,12,-15.7,5.6,137*17D3",G1DYQ,554,14:34:17,51.87411,-1.83819,7649,0,0,12,-15.7,5.6,137.0
"$$PI_SKY_PLUS,555,14:35:17,51.87526,-1.85169,07141,0,0,12,-16.1,5.5,246*1979",G1DYQ,555,14:35:17,51.87526,-1.85169,7141,0,0,12,-16.1,5.5,246.0
"$$PI_SKY_PLUS,556,14:36:16,51.87412,-1.86502,06670,0,0,12,-16.4,5.6,137*45B6","G0WXI,G1DYQ",556,14:36:16,51.87412,-1.86502,6670,0,0,12,-16.4,5.6,137.0
"$$PI_SKY_PLUS,558,14:38:05,51.86978,-1.87882,05842,0,0,12,-16.5,5.4,273*62A7",G1DYQ,558,14:38:05,51.86978,-1.87882,5842,0,0,12,-16.5,5.4,273.0
"$$PI_SKY_PLUS,560,14:40:04,51.86618,-1.89322,04967,0,0,12,-16.1,5.6,123*262D",G1DYQ,560,14:40:04,51.86618,-1.89322,4967,0,0,12,-16.1,5.6,123.0
"$$PI_SKY_PLUS,561,14:41:03,51.86314,-1.90078,04542,0,0,12,-15.7,5.5,232*1A6E",G1DYQ,561,14:41:03,51.86314,-1.90078,4542,0,0,12,-15.7,5.5,232.0
"$$PI_SKY_PLUS,562,14:42:02,51.85973,-1.90752,04130,0,0,12,-15.1,5.6,123*86A9",G1DYQ,562,14:42:02,51.85973,-1.90752,4130,0,0,12,-15.1,5.6,123.0
"$$PI_SKY_PLUS,563,14:43:02,51.85791,-1.91256,03721,0,0,12,-14.5,5.6,123*3CAD",G1DYQ,563,14:43:02,51.85791,-1.91256,3721,0,0,12,-14.5,5.6,123.0
"$$PI_SKY_PLUS,564,14:43:52,51.85754,-1.91694,03393,0,0,12,-13.8,5.5,287*58BA",G1DYQ,564,14:43:52,51.85754,-1.91694,3393,0,0,12,-13.8,5.5,287.0
"$$PI_SKY_PLUS,565,14:44:51,51.85705,-1.92130,03017,0,0,12,-12.8,5.4,301*4770",G1DYQ,565,14:44:51,51.85705,-1.9213,3017,0,0,12,-12.8,5.4,301.0
"$$PI_SKY_PLUS,566,14:45:50,51.85650,-1.92495,02655,0,0,12,-11.9,5.6,137*F1B9",G1DYQ,566,14:45:50,51.8565,-1.92495,2655,0,0,12,-11.9,5.6,137.0
"$$PI_SKY_PLUS,567,14:46:50,51.85542,-1.92954,02291,0,0,12,-10.8,5.6,137*E5E1",G1DYQ,567,14:46:50,51.85542,-1.92954,2291,0,0,12,-10.8,5.6,137.0
"$$PI_SKY_PLUS,568,14:47:49,51.85462,-1.93416,01946,0,0,12,-9.6,5.6,137*1114",G1DYQ,568,14:47:49,51.85462,-1.93416,1946,0,0,12,-9.6,5.6,137.0
"$$PI_SKY_PLUS,569,14:48:01,51.85437,-1.93541,01876,0,0,12,-9.3,5.5,219*7DD1",G1DYQ,569,14:48:01,51.85437,-1.93541,1876,0,0,12,-9.3,5.5,219.0
"$$PI_SKY_PLUS,570,14:48:13,51.85405,-1.93643,01803,0,0,12,-9.1,5.6,123*2480",G1DYQ,570,14:48:13,51.85405,-1.93643,1803,0,0,12,-9.1,5.6,123.0
"$$PI_SKY_PLUS,571,14:48:25,51.85376,-1.93747,01730,0,0,12,-8.8,5.6,123*D425",G1DYQ,571,14:48:25,51.85376,-1.93747,1730,0,0,12,-8.8,5.6,123.0
"$$PI_SKY_PLUS,572,14:48:37,51.85341,-1.93842,01663,0,0,12,-8.6,5.6,123*550F",G1DYQ,572,14:48:37,51.85341,-1.93842,1663,0,0,12,-8.6,5.6,123.0
"$$PI_SKY_PLUS,573,14:48:50,51.85303,-1.93952,01590,0,0,12,-8.3,5.6,123*9969",G1DYQ,573,14:48:50,51.85303,-1.93952,1590,0,0,12,-8.3,5.6,123.0
