_sentence,_receivers,gps_lock,time,latitude,longitude,altitude
"$$SP,2,08:17:11,4725.6524,01910.6882,1779*27",ha5mrc,2,08:17:11,47.42754,19.1781367,1779
"$$SP,2,08:18:20,4725.7217,01910.7650,2143*20","ha5mrc,HA5CQA",2,08:18:20,47.428695,19.1794167,2143
"$$SP,2,08:18:52,4725.7232,01910.7639,2314*2D","ha5mrc,OM5KV-1,OM5KV",2,08:18:52,47.42872,19.1793983,2314
"$$SP,1,08:19:24,4725.7177,01910.7474,2484*29","ha5mrc,HA5CQA,OM5KV,OM5KV-1",1,08:19:24,47.4286283,19.1791233,2484
"$$SP,1,08:19:56,4725.6851,01910.7644,2657*2D","ha5mrc,HA5CQA,OM5KV,OM5KV-1",1,08:19:56,47.428085,19.1794067,2657
"$$SP,2,08:20:28,4725.6495,01910.7533,2816*21","HA5CQA,OM5KV-1,OM5KV",2,08:20:28,47.4274917,19.1792217,2816
"$$SP,2,08:21:00,4725.6418,01910.7735,2981*24","ha5mrc,HA5CQA,OM5KV-1,OM5KV",2,08:21:00,47.4273633,19.1795583,2981
"$$SP,1,08:21:32,4725.6695,01910.7929,3144*22","ha5mrc,HA5CQA,OM1ATS,OM5KV-1,OM5KV",1,08:21:32,47.427825,19.1798817,3144
"$$SP,1,08:22:04,4725.6547,01910.7945,3317*26","ha5mrc,HA5CQA,OM1ATS,OM5KV-1,OM5KV",1,08:22:04,47.4275783,19.1799083,3317
"$$SP,1,08:22:36,4725.6567,01910.8295,3484*21","ha5mrc,HA5CQA,OM1ATS,OM5KV,OM5KV-1",1,08:22:36,47.4276117,19.1804917,3484
"$$SP,1,08:23:08,4725.6452,01910.8390,3649*2D","ha5mrc,HA5CQA,OM5KV,OM1ATS,OM3WOR,OM5KV-1",1,08:23:08,47.42742,19.18065,3649
"$$SP,1,08:23:40,4725.6364,01910.8402,3819*24","ha5mrc,HA5CQA,OM5KV,OM1ATS,OM3WOR,OM5KV-1",1,08:23:40,47.4272733,19.18067,3819
"$$SP,1,08:24:12,4725.6350,01910.8414,3977*2D","ha5mrc,HA5CQA,OM5KV-1,OM1ATS,OM5KV,OM3WOR",1,08:24:12,47.42725,19.18069,3977
"$$SP,1,08:24:44,4725.6274,01910.8752,4145*26","ha5mrc,HA5CQA,OM5KV-1,OM1ATS,OM5KV,OM3WOR",1,08:24:44,47.4271233,19.1812533,4145
"$$SP,2,08:25:16,4725.5872,01910.9279,4305*27","ha5mrc,HA5CQA,OM5KV,OM1ATS,OM3WOR,OM5KV-1",2,08:25:16,47.4264533,19.1821317,4305
"$$SP,2,08:25:48,4725.5963,01910.9605,4461*27","ha5mrc,HA5CQA,OM5KV-1,OM1ATS,OM5KV,OM3WOR",2,08:25:48,47.426605,19.182675,4461
"$$SP,2,08:26:20,4725.5735,01911.0072,4625*2B","ha5mrc,HA5CQA,OM5KV,OM1ATS,OM3WOR,OM5KV-1",2,08:26:20,47.426225,19.1834533,4625
"$$SP,2,08:26:52,4725.5395,01911.0712,4789*26","ha5mrc,HA5CQA,OM5KV-1,OM1ATS,OM5KV,OM3WOR",2,08:26:52,47.4256583,19.18452,4789
"$$SP,2,08:27:24,4725.4969,01911.1429,4948*27","ha5mrc,HA5CQA,OM5KV-1,OM1ATS,OM5KV,OM3WOR",2,08:27:24,47.4249483,19.185715,4948
"$$SP,2,08:28:34,4725.4047,01911.1973,5357*2B","ha5mrc,HA6NN,HA5CQA,OM5KV,OM1ATS,OM3WOR,OM5KV-1",2,08:28:34,47.4234117,19.1866217,5357
"$$SP,2,08:29:43,4725.3283,01911.2442,5745*2C","ha5mrc,HA5CQA,OM5KV,OM1ATS,OM3WOR,OM5KV-1",2,08:29:43,47.4221383,19.1874033,5745
"$$SP,2,08:30:15,4725.2492,01911.2939,5912*2D","HA6NN,ha5mrc,HA5CQA,OM5KV,OM1ATS,OM3WOR,OM5KV-1",2,08:30:15,47.42082,19.1882317,5912
"$$SP,2,08:30:47,4725.1807,01911.3292,6083*20","ha5mrc,HA6NN,OM3WOR,HA5CQA,OM5KV-1,OM1ATS,OM3BC,OM5KV",2,08:30:47,47.4196783,19.18882,6083
"$$SP,2,08:31:19,4725.1135,01911.3973,6233*2F","HA6NN,ha5mrc,HA5CQA,OM5KV,OM3BC,OM5KV-1",2,08:31:19,47.4185583,19.189955,6233
"$$SP,2,08:31:51,4725.0308,01911.4555,6381*29","HA6NN,ha5mrc,HA5CQA,OM5KV,OM1ATS,OM3BC,OM3WOR,OM5KV-1",2,08:31:51,47.41718,19.190925,6381
"$$SP,2,08:32:23,4724.9553,01911.5088,6559*28","HA6NN,ha5mrc,OM3WOR,OM5KV,OM1ATS,OM3BC,OM5KV-1",2,08:32:23,47.4159217,19.1918133,6559
"$$SP,2,08:32:55,4724.8796,01911.6091,6732*27","HA6NN,ha5mrc,HA5CQA,OM5KV,OM1ATS,OM3BC,OM5KV-1",2,08:32:55,47.41466,19.193485,6732
"$$SP,2,08:33:27,4724.7838,01911.6905,6899*2D","HA6NN,ha5mrc,HA5CQA,OM5KV,OM1ATS,OM3BC,OM3WOR,OM5KV-1",2,08:33:27,47.4130633,19.1948417,6899
"$$SP,2,08:33:59,4724.6838,01911.8027,7062*2F","ha5mrc,HA6NN,HA5CQA,OM5KV,OM1ATS,OM3BC,OM3WOR,OM5KV-1",2,08:33:59,47.4113967,19.1967117,7062
"$$SP,2,08:34:31,4724.5936,01911.8979,7198*2C","HA6NN,ha5mrc,HA5CQA,OM5KV,OM1ATS,OM3BC,OM3WOR,OM5KV-1",2,08:34:31,47.4098933,19.1982983,7198
"$$SP,2,08:35:03,4724.5074,01911.9885,7357*21","HA6NN,ha5mrc,HA5CQA,OM5KV,OM1ATS,OM3BC,OM3WOR,OM5KV-1",2,08:35:03,47.4084567,19.1998083,7357
"$$SP,2,08:35:35,4724.4133,01912.1191,7511*24","HA6NN,ha5mrc,HA5CQA,OM5KV,OM1ATS,OM3BC,OM5KV-1",2,08:35:35,47.4068883,19.201985,7511
"$$SP,2,08:36:07,4724.3203,01912.2939,7686*25","HA6NN,ha5mrc,HA5CQA,OM5KV,OM1ATS,OM3BC,OM3WOR,OM5KV-1",2,08:36:07,47.4053383,19.2048983,7686
"$$SP,2,08:36:39,4724.2332,01912.4698,7850*2D","ha5mrc,HA6NN,HA5CQA,OM5KV-1,OM1ATS,OM3BC,OM3WOR",2,08:36:39,47.4038867,19.20783,7850
"$$SP,2,08:37:11,4724.1552,01912.6241,8004*21","HA6NN,ha5mrc,HA5CQA,OM5KV-1,OM1ATS,OM3BC,OM3WOR",2,08:37:11,47.4025867,19.2104017,8004
"$$SP,2,08:37:43,4724.0605,01912.7737,8203*26","HA6NN,ha5mrc,HA5CQA,OM5KV-1,OM1ATS,OM3BC,OM3WOR",2,08:37:43,47.4010083,19.212895,8203
"$$SP,2,08:38:15,4723.9601,01912.9683,8367*23","HA6NN,ha5mrc,HA5CQA,OM5KV-1,OM1ATS,OM3BC,OM3WOR",2,08:38:15,47.399335,19.2161383,8367
"$$SP,2,08:38:47,4723.8400,01913.1419,8518*20","HA6NN,ha5mrc,HA5CQA,OM5KV-1,OM1ATS,OM3BC,OM3WOR",2,08:38:47,47.3973333,19.2190317,8518
"$$SP,2,08:39:19,4723.7177,01913.3172,8671*26","ha5mrc,HA6NN,HA5CQA,OM5KV-1,OM1ATS,OM3BC,OM3WOR",2,08:39:19,47.395295,19.2219533,8671
"$$SP,2,08:39:51,4723.6143,01913.5075,8812*27","ha5mrc,HA6NN,HA5CQA,OM5KV-1,OM1ATS,OM3BC,OM3WOR",2,08:39:51,47.3935717,19.225125,8812
"$$SP,2,08:40:23,4723.4900,01913.7092,8980*20","ha5mrc,OM3WOR,HA5CQA,OM5KV,OM1ATS,OM3BC,OM5KV-1",2,08:40:23,47.3915,19.2284867,8980
"$$SP,2,08:40:55,4723.3607,01913.9141,9136*2B","ha5mrc,HA5CQA,OM5KV,OM3BC,OM5KV-1",2,08:40:55,47.389345,19.2319017,9136
"$$SP,2,08:41:27,4723.2023,01914.1406,9277*21","ha5mrc,HA5CQA,OM5KV,OM1ATS,OM3BC,OM3WOR,OM5KV-1",2,08:41:27,47.386705,19.2356767,9277
"$$SP,2,08:42:36,4722.9131,01914.5992,9580*21","ha5mrc,OM3WOR,HA5CQA,OM5KV,OM1ATS,OM3BC,OM5KV-1",2,08:42:36,47.381885,19.24332,9580
"$$SP,2,08:43:08,4722.8058,01914.8095,9724*2D","ha5mrc,OM3WOR,HA5CQA,OM5KV,OM1ATS,OM3BC,OM5KV-1",2,08:43:08,47.3800967,19.246825,9724
"$$SP,2,08:43:40,4722.6944,01915.0225,9866*22","ha5mrc,HA5CQA,OM5KV,OM1ATS,OM3BC,OM3WOR,OM5KV-1",2,08:43:40,47.37824,19.250375,9866
"$$SP,2,08:44:12,4722.6027,01915.2393,10008*18","ha5mrc,HA5CQA,OM5KV,OM1ATS,OM3BC,OM5KV-1",2,08:44:12,47.3767117,19.2539883,10008
"$$SP,2,08:44:44,4722.5115,01915.4358,10151*14","ha5mrc,HA5CQA,OM5KV,OM1ATS,OM3BC,OM5KV-1",2,08:44:44,47.3751917,19.2572633,10151
"$$SP,2,08:45:16,4722.4198,01915.6402,10301*1B","ha5mrc,HA5CQA,OM5KV-1,OM1ATS,OM3BC,OM5KV",2,08:45:16,47.3736633,19.26067,10301
"$$SP,2,08:46:26,4722.2628,01916.1196,10626*1D","ha5mrc,OM5KV-1,OM3BC,OM1ATS,OM5KV",2,08:46:26,47.3710467,19.26866,10626
"$$SP,2,08:46:58,4722.2127,01916.4249,10778*12","ha5mrc,OM3BC,OM5KV-1,OM1ATS,OM5KV",2,08:46:58,47.3702117,19.2737483,10778
"$$SP,2,08:47:30,4722.1574,01916.7452,10929*19","ha5mrc,HA5CQA,OM5KV,OM1ATS,OM3BC,OM5KV-1",2,08:47:30,47.36929,19.2790867,10929
"$$SP,2,08:48:02,4722.1000,01917.0690,11079*16","ha5mrc,HA5CQA,OM5KV-1,OM1ATS,OM3BC,OM5KV",2,08:48:02,47.3683333,19.2844833,11079
"$$SP,2,08:48:34,4722.0222,01917.4049,11228*10","ha5mrc,HA5CQA,OM5KV,OM1ATS,OM3BC,OM3WOR,OM5KV-1",2,08:48:34,47.3670367,19.2900817,11228
"$$SP,2,08:49:06,4721.9337,01917.7512,11371*1A","HA6NN,ha5mrc,OM5KV-1,OM1ATS,OM3BC,OM5KV",2,08:49:06,47.3655617,19.2958533,11371
"$$SP,2,08:49:38,4721.8508,01918.1013,11511*11","ha5mrc,HA6NN,HA5CQA,OM5KV-1,OM1ATS,OM3BC,OM5KV",2,08:49:38,47.36418,19.3016883,11511
"$$SP,2,08:50:10,4721.7747,01918.4257,11658*1C","ha5mrc,HA6NN,HA5CQA,OM5KV,OM1ATS,OM3BC,OM5KV-1",2,08:50:10,47.3629117,19.307095,11658
"$$SP,2,08:50:42,4721.7056,01918.7570,11798*10","HA6NN,ha5mrc,HA5CQA,OM5KV,OM1ATS,OM3BC,OM3WOR,OM5KV-1",2,08:50:42,47.36176,19.3126167,11798
"$$SP,2,08:51:14,4721.6150,01919.1026,11936*1F","ha5mrc,HA6NN,OM3WOR,OM5KV,OM1ATS,OM3BC,OM5KV-1",2,08:51:14,47.36025,19.3183767,11936
"$$SP,2,08:51:46,4721.5323,01919.4579,12081*11","HA6NN,ha5mrc,OM5KV-1,OM1ATS,OM3BC,OM3WOR",2,08:51:46,47.3588717,19.3242983,12081
"$$SP,2,08:52:18,4721.4837,01919.7979,12228*18","HA6NN,ha5mrc,HA5CQA,OM5KV-1,OM1ATS,OM3BC,OM5KV",2,08:52:18,47.3580617,19.329965,12228
"$$SP,2,08:52:50,4721.4122,01920.1581,12380*1D","ha5mrc,HA6NN,HA5CQA,OM5KV,OM1ATS,OM3BC,OM5KV-1",2,08:52:50,47.35687,19.3359683,12380
"$$SP,2,08:53:22,4721.3622,01920.4760,12527*1A","ha5mrc,HA6NN,HA5CQA,OM5KV-1,OM1ATS,OM3BC,OM5KV",2,08:53:22,47.3560367,19.3412667,12527
"$$SP,2,08:55:09,4721.2383,01921.4173,12996*19","HA6NN,ha5mrc,HA5CQA,OM5KV-1,OM1ATS,OM5KV,OM3BC,OM3WOR",2,08:55:09,47.3539717,19.356955,12996
"$$SP,2,08:55:41,4721.2246,01921.7083,13134*11","HA6NN,ha5mrc,HA5CQA,OM5KV-1,OM1ATS,OM5KV,OM3BC,OM3WOR",2,08:55:41,47.3537433,19.361805,13134
"$$SP,2,08:56:13,4721.1830,01922.0218,13274*1E","ha5mrc,HA6NN,OM5KV,OM1ATS,OM3BC,OM3WOR,OM5KV-1",2,08:56:13,47.35305,19.36703,13274
"$$SP,2,08:56:45,4721.1008,01922.3471,13416*16","HA6NN,ha5mrc,OM5KV,OM1ATS,OM3BC,OM3WOR",2,08:56:45,47.35168,19.3724517,13416
"$$SP,2,08:57:17,4721.0094,01922.6930,13559*13","HA6NN,ha5mrc,HA5CQA,OM5KV,OM1ATS,OM3BC,OM3WOR,OM5KV-1",2,08:57:17,47.3501567,19.3782167,13559
"$$SP,2,08:57:49,4720.9251,01922.9690,13709*16","HA6NN,ha5mrc,HA5CQA,OM5KV-1,OM1ATS,OM3BC,OM5KV",2,08:57:49,47.3487517,19.3828167,13709
"$$SP,2,08:58:21,4720.8715,01923.2154,13862*14","ha5mrc,HA6NN,OM5KV,OM1ATS,OM3BC,OM3WOR,OM5KV-1",2,08:58:21,47.3478583,19.3869233,13862
"$$SP,2,08:58:53,4720.8225,01923.4665,14011*1F","HA6NN,ha5mrc,OM3WOR,OM5KV,OM1ATS,OM3BC,OM5KV-1",2,08:58:53,47.3470417,19.3911083,14011
"$$SP,2,08:59:25,4720.7924,01923.7181,14162*11","ha5mrc,HA6NN,OM5KV,OM1ATS,OM3BC,OM3WOR,OM5KV-1",2,08:59:25,47.34654,19.3953017,14162
"$$SP,2,08:59:57,4720.7664,01923.9809,14320*1C","HA6NN,ha5mrc,OM5KV,OM1ATS,OM3BC,OM3WOR,OM5KV-1",2,08:59:57,47.3461067,19.3996817,14320
"$$SP,2,09:00:29,4720.6797,01924.2218,14471*11","ha5mrc,HA6NN,HA5CQA,OM5KV,OM1ATS,OM3BC,OM3WOR,OM5KV-1",2,09:00:29,47.3446617,19.4036967,14471
"$$SP,2,09:01:01,4720.6162,01924.3919,14622*19","HA6NN,ha5mrc,OM5KV,OM1ATS,OM3BC,OM3WOR,OM5KV-1",2,09:01:01,47.3436033,19.4065317,14622
"$$SP,2,09:01:33,4720.5756,01924.5426,14766*1C","HA6NN,ha5mrc,OM5KV,OM3BC,OM3WOR,OM5KV-1",2,09:01:33,47.3429267,19.4090433,14766
"$$SP,2,09:02:05,4720.5454,01924.6697,14914*1B","HA6NN,ha5mrc,OM3WOR,OM5KV,OM3BC",2,09:02:05,47.3424233,19.4111617,14914
"$$SP,2,09:02:37,4720.5516,01924.8492,15066*19","HA6NN,ha5mrc,OM5KV,OM3BC,OM3WOR,OM5KV-1",2,09:02:37,47.3425267,19.4141533,15066
"$$SP,2,09:03:09,4720.5619,01925.0161,15214*1E","HA6NN,ha5mrc,OM3WOR,OM5KV,OM1ATS,OM3BC,OM5KV-1",2,09:03:09,47.3426983,19.416935,15214
"$$SP,2,09:03:41,4720.5407,01925.1937,15366*11","ha5mrc,HA6NN,OM3WOR,OM5KV,OM1ATS,OM3BC,OM5KV-1",2,09:03:41,47.342345,19.419895,15366
"$$SP,2,09:04:13,4720.4878,01925.3721,15520*1B","ha5mrc,HA6NN,OM5KV,OM1ATS,OM3BC,OM3WOR,OM5KV-1",2,09:04:13,47.3414633,19.4228683,15520
"$$SP,2,09:04:42,4720.4348,01925.5546,15664*11","ha5mrc,HA6NN,HA5CQA,OM5KV,OM1ATS,OM3BC,OM3WOR,OM5KV-1",2,09:04:42,47.34058,19.42591,15664
"$$SP,2,09:05:11,4720.3576,01925.6967,15805*1F","HA6NN,ha5mrc,OM3WOR,OM5KV,OM1ATS,OM3BC,OM5KV-1",2,09:05:11,47.3392933,19.4282783,15805
"$$SP,2,09:06:21,4720.2182,01925.9387,16141*10","ha5mrc,OM3WOR,HA5CQA,OM5KV,OM1ATS,OM3BC,OM5KV-1",2,09:06:21,47.33697,19.4323117,16141
"$$SP,2,09:06:53,4720.1855,01926.0924,16292*11","ha5mrc,HA5CQA,OM5KV,OM1ATS,OM3BC,OM3WOR,OM5KV-1",2,09:06:53,47.336425,19.4348733,16292
"$$SP,2,09:07:25,4720.1713,01926.3233,16445*1E","ha5mrc,HA5CQA,OM5KV,OM1ATS,OM3BC,OM3WOR,OM5KV-1",2,09:07:25,47.3361883,19.4387217,16445
"$$SP,2,09:07:57,4720.1285,01926.5570,16599*17","ha5mrc,OM5KV,OM1ATS,OM3BC,OM3WOR,OM5KV-1",2,09:07:57,47.335475,19.4426167,16599
"$$SP,2,09:08:26,4720.1172,01926.7797,16743*19","ha5mrc,OM5KV,OM1ATS,OM3BC,OM3WOR,OM5KV-1",2,09:08:26,47.3352867,19.4463283,16743
"$$SP,2,09:08:58,4720.0451,01926.9631,16908*17","ha5mrc,HA5CQA,OM5KV,OM1ATS,OM3BC,OM3WOR,OM5KV-1",2,09:08:58,47.334085,19.449385,16908
"$$SP,1,09:09:30,4719.9436,01927.0573,17073*10","ha5mrc,OM5KV,OM1ATS,OM3BC,OM3WOR,OM5KV-1",1,09:09:30,47.3323933,19.450955,17073
"$$SP,1,09:10:02,4719.8850,01927.2000,17238*1A","ha5mrc,OM5KV-1,OM1ATS,OM5KV,OM3BC,OM3WOR",1,09:10:02,47.3314167,19.4533333,17238
"$$SP,1,09:10:31,4719.8181,01927.2852,17381*13","ha5mrc,HA6NN,OM5KV,OM1ATS,OM3BC,OM3WOR,OM5KV-1",1,09:10:31,47.3303017,19.4547533,17381
"$$SP,1,09:11:03,4719.7419,01927.3197,17529*1D","HA6NN,ha5mrc,OM3WOR,OM5KV,OM1ATS,OM3BC,OM5KV-1",1,09:11:03,47.3290317,19.4553283,17529
"$$SP,1,09:11:35,4719.7246,01927.3720,17681*1F","HA6NN,ha5mrc,OM5KV-1,OM1ATS,OM5KV,OM3BC,OM3WOR",1,09:11:35,47.3287433,19.4562,17681
"$$SP,1,09:12:07,4719.7358,01927.4807,17832*18","HA6NN,ha5mrc,OM5KV,OM1ATS,OM3BC,OM3WOR,OM5KV-1",1,09:12:07,47.32893,19.4580117,17832
"$$SP,1,09:12:39,4719.7283,01927.6793,17990*1B","HA6NN,ha5mrc,OM5KV-1,OM1ATS,OM3BC,OM5KV",1,09:12:39,47.328805,19.4613217,17990
"$$SP,1,09:13:08,4719.7402,01927.8023,18137*1F","ha5mrc,HA6NN,OM5KV-1,OM1ATS,OM3BC,OM5KV",1,09:13:08,47.3290033,19.4633717,18137
"$$SP,1,09:13:40,4719.7026,01927.9422,18304*17","ha5mrc,HA6NN,OM5KV-1,OM1ATS,OM3BC,OM5KV",1,09:13:40,47.3283767,19.4657033,18304
"$$SP,1,09:14:12,4719.6744,01928.0476,18471*17","HA6NN,ha5mrc,OM5KV-1,OM1ATS,OM3BC,OM5KV",1,09:14:12,47.3279067,19.46746,18471
"$$SP,1,09:14:44,4719.6639,01928.1282,18645*16","ha5mrc,HA6NN,OM5KV-1,OM1ATS,OM3BC,OM5KV",1,09:14:44,47.3277317,19.4688033,18645
"$$SP,1,09:15:16,4719.6405,01928.1923,18807*15","HA6NN,ha5mrc,HA5CQA,OM5KV,OM1ATS,OM3BC,OM3WOR,OM5KV-1",1,09:15:16,47.3273417,19.4698717,18807
"$$SP,1,09:16:26,4719.5112,01928.3186,19170*18","HA6NN,ha5mrc,OM3WOR,OM5KV,OM1ATS,OM3BC,OM5KV-1",1,09:16:26,47.3251867,19.4719767,19170
"$$SP,1,09:16:58,4719.5316,01928.3657,19335*1F","HA6NN,ha5mrc,OM5KV,OM1ATS,OM3BC,OM3WOR",1,09:16:58,47.3255267,19.4727617,19335
"$$SP,1,09:17:30,4719.5076,01928.4423,19499*12","HA6NN,ha5mrc,OM3WOR,OM5KV,OM1ATS,OM3BC,OM5KV-1",1,09:17:30,47.3251267,19.4740383,19499
"$$SP,1,09:17:59,4719.5006,01928.5445,19650*1C","HA6NN,ha5mrc,OM3WOR,OM5KV,OM1ATS,OM3BC,OM5KV-1",1,09:17:59,47.32501,19.4757417,19650
"$$SP,1,09:18:31,4719.4536,01928.6480,19817*1D","HA6NN,ha5mrc,OM5KV,OM1ATS,OM3BC,OM3WOR,OM5KV-1",1,09:18:31,47.3242267,19.4774667,19817
"$$SP,1,09:19:41,4719.4268,01928.6864,20186*1A","HA6NN,ha5mrc,OM3WOR,OM5KV,OM1ATS,OM3BC,OM5KV-1",1,09:19:41,47.32378,19.4781067,20186
"$$SP,1,09:20:13,4719.4176,01928.8156,20355*11","ha5mrc,HA6NN,OM3WOR,OM5KV,OM1ATS,OM3BC,OM5KV-1",1,09:20:13,47.3236267,19.48026,20355
"$$SP,1,09:20:45,4719.3434,01928.9577,20522*16","HA6NN,ha5mrc,OM5KV,OM1ATS,OM3BC,OM3WOR,OM5KV-1",1,09:20:45,47.32239,19.4826283,20522
"$$SP,1,09:21:17,4719.2731,01928.9688,20691*1F","HA6NN,ha5mrc,OM3WOR,OM5KV,OM1ATS,OM3BC,OM5KV-1",1,09:21:17,47.3212183,19.4828133,20691
"$$SP,1,09:21:46,4719.2384,01928.9751,20844*12","HA6NN,ha5mrc,OM5KV-1,OM1ATS,OM5KV,OM3WOR",1,09:21:46,47.32064,19.4829183,20844
"$$SP,1,09:22:18,4719.1716,01929.0385,21016*1D","ha5mrc,HA6NN,OM3WOR,OM5KV,OM1ATS,OM3BC,OM5KV-1",1,09:22:18,47.3195267,19.483975,21016
"$$SP,1,09:22:50,4719.0711,01929.0351,21184*14","HA6NN,ha5mrc,OM3WOR,OM5KV,OM1ATS,OM3BC,OM5KV-1",1,09:22:50,47.3178517,19.4839183,21184
"$$SP,1,09:23:19,4719.0182,01928.9765,21342*17","HA6NN,ha5mrc,OM3WOR,OM5KV,OM1ATS,OM3BC,OM5KV-1",1,09:23:19,47.31697,19.4829417,21342
"$$SP,1,09:23:51,4718.9908,01928.9238,21522*14","HA6NN,ha5mrc,OM3WOR,OM5KV,OM1ATS,OM3BC,OM5KV-1",1,09:23:51,47.3165133,19.4820633,21522
"$$SP,1,09:24:20,4718.9622,01928.8787,21681*18","HA6NN,ha5mrc,OM5KV,OM1ATS,OM3BC,OM3WOR",1,09:24:20,47.3160367,19.4813117,21681
"$$SP,1,09:24:52,4718.9422,01928.8677,21849*1B","HA6NN,ha5mrc,OM3WOR,OM5KV,OM1ATS,OM3BC,OM5KV-1",1,09:24:52,47.3157033,19.4811283,21849
"$$SP,1,09:25:24,4718.9138,01928.8951,22019*10","ha5mrc,HA6NN,OM3WOR,OM1ATS,OM3BC",1,09:25:24,47.31523,19.481585,22019
"$$SP,1,09:25:53,4718.8618,01928.9231,22175*13","ha5mrc,HA6NN,OM5KV,OM1ATS,OM3BC,OM3WOR,OM5KV-1",1,09:25:53,47.3143633,19.4820517,22175
"$$SP,1,09:26:25,4718.8120,01928.9076,22342*1A","HA6NN,ha5mrc,OM5KV-1,OM1ATS,OM3BC,OM3WOR",1,09:26:25,47.3135333,19.4817933,22342
"$$SP,1,09:26:54,4718.7827,01928.8956,22501*16","ha5mrc,HA6NN,OM5KV,OM1ATS,OM3BC,OM3WOR,OM5KV-1",1,09:26:54,47.313045,19.4815933,22501
"$$SP,1,09:27:26,4718.7887,01928.9333,22676*13","HA6NN,ha5mrc,OM5KV-1,OM1ATS,OM5KV,OM3WOR",1,09:27:26,47.313145,19.4822217,22676
"$$SP,2,09:27:58,4718.7444,01928.9714,22861*13","ha5mrc,HA6NN,OM5KV,OM1ATS,OM3BC,OM3WOR",2,09:27:58,47.3124067,19.4828567,22861
"$$SP,1,09:28:27,4718.6960,01928.9739,23028*16","ha5mrc,HA6NN,OM5KV,OM1ATS,OM3BC,OM3WOR,OM5KV-1",1,09:28:27,47.3116,19.4828983,23028
"$$SP,1,09:28:59,4718.6642,01928.9319,23213*1C","ha5mrc,HA6NN,OM5KV,OM3BC,OM3WOR,OM5KV-1",1,09:28:59,47.31107,19.4821983,23213
"$$SP,1,09:30:09,4718.6010,01928.8663,23622*1E","HA6NN,ha5mrc,OM5KV,OM1ATS,OM3BC,OM3WOR,OM5KV-1",1,09:30:09,47.3100167,19.481105,23622
"$$SP,1,09:30:38,4718.6098,01928.8676,23791*11","ha5mrc,HA6NN,OM5KV,OM1ATS,OM3BC,OM3WOR,OM5KV-1",1,09:30:38,47.3101633,19.4811267,23791
"$$SP,1,09:31:10,4718.6367,01928.9187,23977*17","ha5mrc,HA6NN,OM5KV-1,OM1ATS,OM5KV,OM3BC,OM3WOR",1,09:31:10,47.3106117,19.4819783,23977
"$$SP,2,09:32:20,4718.6762,01929.0893,24392*17","ha5mrc,HA6NN,OM3WOR,OM5KV,OM1ATS,OM3BC,OM5KV-1",2,09:32:20,47.31127,19.4848217,24392
"$$SP,1,09:32:49,4718.6702,01929.1394,24561*1A","HA6NN,ha5mrc,OM3WOR,OM5KV,OM1ATS,OM3BC,OM5KV-1",1,09:32:49,47.31117,19.4856567,24561
"$$SP,1,09:33:21,4718.6796,01929.1401,24750*13","ha5mrc,HA6NN,OM3WOR,OM5KV,OM1ATS,OM3BC,OM5KV-1",1,09:33:21,47.3113267,19.4856683,24750
"$$SP,1,09:33:50,4718.7437,01929.1843,24914*18","HA6NN,ha5mrc,OM5KV,OM1ATS,OM3BC,OM3WOR",1,09:33:50,47.312395,19.486405,24914
"$$SP,1,09:34:22,4718.7913,01929.3106,25104*13","HA6NN,ha5mrc,OM5KV-1,OM1ATS,OM5KV,OM3WOR",1,09:34:22,47.3131883,19.48851,25104
"$$SP,1,09:34:54,4718.7709,01929.4519,25298*1C","ha5mrc,HA6NN,OM3WOR,OM5KV,OM1ATS,OM3BC,OM5KV-1",1,09:34:54,47.3128483,19.490865,25298
"$$SP,1,09:35:23,4718.6896,01929.5746,25474*18","ha5mrc,HA6NN,OM5KV,OM1ATS,OM3BC,OM3WOR",1,09:35:23,47.3114933,19.49291,25474
"$$SP,1,09:35:55,4718.5979,01929.6460,25676*1E","ha5mrc,HA6NN,OM5KV,OM1ATS,OM3BC,OM3WOR",1,09:35:55,47.309965,19.4941,25676
"$$SP,1,09:36:27,4718.5138,01929.6528,25886*19","HA6NN,ha5mrc,OM3WOR,OM5KV,OM1ATS,OM3BC,OM5KV-1",1,09:36:27,47.3085633,19.4942133,25886
"$$SP,1,09:36:56,4718.4389,01929.6535,26079*11","ha5mrc,HA6NN,OM5KV,OM1ATS,OM3BC,OM3WOR,OM5KV-1",1,09:36:56,47.307315,19.494225,26079
"$$SP,1,09:37:28,4718.3899,01929.5956,26293*18","ha5mrc,HA6NN,OM3WOR,OM5KV,OM1ATS,OM3BC,OM5KV-1",1,09:37:28,47.3064983,19.49326,26293
"$$SP,1,09:38:00,4718.3816,01929.5214,26505*1F","HA6NN,ha5mrc,OM1ATS,OM3BC,OM5KV-1",1,09:38:00,47.30636,19.4920233,26505
"$$SP,1,09:38:29,4718.3764,01929.4867,26697*19","ha5mrc,HA6NN,OM5KV,OM1ATS,OM3BC,OM5KV-1",1,09:38:29,47.3062733,19.491445,26697
"$$SP,1,09:39:39,4718.3271,01929.5269,27140*11","ha5mrc,HA6NN,OM5KV-1,OM1ATS,OM3BC,OM5KV",1,09:39:39,47.3054517,19.492115,27140
"$$SP,1,09:40:11,4718.2921,01929.5902,27338*11","ha5mrc,HA6NN,OM5KV,OM1ATS,OM3BC,OM5KV-1",1,09:40:11,47.3048683,19.49317,27338
"$$SP,1,09:40:40,4718.2546,01929.6166,27512*1F","ha5mrc,HA6NN,OM5KV,OM1ATS,OM3BC,OM5KV-1",1,09:40:40,47.3042433,19.49361,27512
"$$SP,1,09:41:12,4718.2191,01929.6253,27709*1A","ha5mrc,HA6NN,OM5KV,OM1ATS,OM3BC,OM5KV-1",1,09:41:12,47.3036517,19.493755,27709
"$$SP,1,09:41:44,4718.2289,01929.6504,27915*15","ha5mrc,HA6NN,OM5KV,OM1ATS,OM3BC,OM5KV-1",1,09:41:44,47.303815,19.4941733,27915
"$$SP,1,09:42:13,4718.2073,01929.6490,28100*1C","HA6NN,ha5mrc,OM1ATS,OM3BC,OM5KV",1,09:42:13,47.303455,19.49415,28100
"$$SP,1,09:42:45,4718.2196,01929.6038,28309*18","ha5mrc,HA6NN,OM5KV-1,OM1ATS,OM3BC,OM5KV",1,09:42:45,47.30366,19.4933967,28309
"$$SP,1,09:43:17,4718.2466,01929.6005,28507*12","ha5mrc,HA6NN,OM5KV-1,OM1ATS,OM3BC,OM5KV",1,09:43:17,47.30411,19.4933417,28507
"$$SP,1,09:43:46,4718.2378,01929.6341,28690*10","ha5mrc,HA6NN,OM1ATS,OM3BC,OM5KV",1,09:43:46,47.3039633,19.4939017,28690
"$$SP,1,09:44:18,4718.2147,01929.6673,28888*11","HA6NN,ha5mrc,OM1ATS,OM3BC",1,09:44:18,47.3035783,19.494455,28888
"$$SP,1,09:44:50,4718.2017,01929.6307,29085*1B","ha5mrc,HA6NN,OM1ATS,OM5KV-1,OM3BC",1,09:44:50,47.3033617,19.493845,29085
"$$SP,1,09:44:50,4718.2017,01929.6307,29085*1b",OM5KV,1,09:44:50,47.3033617,19.493845,29085
"$$SP,1,09:45:19,4718.2101,01929.5564,29269*11","HA6NN,ha5mrc,OM5KV,OM1ATS,OM3BC,OM5KV-1",1,09:45:19,47.3035017,19.4926067,29269
"$$SP,1,09:45:51,4718.2589,01929.5637,29460*13","ha5mrc,HA6NN,OM5KV-1,OM1ATS,OM3BC,OM5KV",1,09:45:51,47.304315,19.4927283,29460
"$$SP,1,09:46:23,4718.2837,01929.6259,29657*14","ha5mrc,HA6NN,OM5KV-1,OM1ATS,OM3BC,OM5KV",1,09:46:23,47.3047283,19.493765,29657
"$$SP,1,09:46:52,4718.3377,01929.7450,29838*15","ha5mrc,HA6NN,OM5KV,OM1ATS,OM3BC,OM5KV-1",1,09:46:52,47.3056283,19.49575,29838
"$$SP,1,09:47:24,4718.4394,01929.8889,30046*11","ha5mrc,HA6NN,OM5KV-1,OM1ATS,OM3BC,OM5KV",1,09:47:24,47.3073233,19.4981483,30046
"$$SP,1,09:47:53,4718.5211,01930.0150,30237*15","HA6NN,ha5mrc,OM5KV,OM1ATS,OM3BC,OM5KV-1",1,09:47:53,47.308685,19.50025,30237
"$$SP,1,09:48:25,4718.6207,01930.1662,30438*11","ha5mrc,HA6NN,OM5KV-1,OM1ATS,OM3BC,OM5KV",1,09:48:25,47.310345,19.50277,30438
"$$SP,1,09:48:57,4718.7225,01930.3844,30642*12","ha5mrc,HA6NN,OM5KV-1,OM1ATS,OM3BC,OM5KV",1,09:48:57,47.3120417,19.5064067,30642
"$$SP,1,09:50:07,4718.7932,01930.9613,31101*14","ha5mrc,HA6NN,OM5KV,OM1ATS,OM3BC,OM5KV-1",1,09:50:07,47.31322,19.5160217,31101
"$$SP,1,09:51:17,4718.8316,01931.4644,31555*1C","ha5mrc,HA6NN,OM5KV-1,OM1ATS,OM3BC,OM5KV",1,09:51:17,47.31386,19.5244067,31555
"$$SP,1,09:51:49,4718.8972,01931.6943,31759*1B","HA6NN,ha5mrc,OM5KV,OM1ATS,OM3BC,OM5KV-1",1,09:51:49,47.3149533,19.5282383,31759
"$$SP,1,09:52:21,4718.9581,01931.9147,31967*17","ha5mrc,HA6NN,OM5KV-1,OM1ATS,OM3BC,OM5KV",1,09:52:21,47.3159683,19.5319117,31967
"$$SP,1,09:52:53,4719.0190,01932.1161,32175*19","HA6NN,ha5mrc,OM5KV-1,OM1ATS,OM3BC,OM5KV",1,09:52:53,47.3169833,19.5352683,32175
"$$SP,1,09:53:22,4719.0680,01932.2737,32360*18","HA6NN,ha5mrc,OM5KV-1,OM1ATS,OM3BC,OM5KV",1,09:53:22,47.3178,19.537895,32360
"$$SP,1,09:53:54,4719.1463,01932.4300,32562*15","HA6NN,ha5mrc,OM5KV-1,OM1ATS,OM3BC,OM5KV",1,09:53:54,47.319105,19.5405,32562
"$$SP,1,09:54:23,4719.2354,01932.6469,32742*18","ha5mrc,HA6NN,OM5KV-1,OM1ATS,OM3BC,OM5KV",1,09:54:23,47.32059,19.544115,32742
"$$SP,1,09:54:55,4719.3120,01932.9654,32941*17","HA6NN,ha5mrc,OM1ATS,OM5KV,OM3BC",1,09:54:55,47.3218667,19.5494233,32941
"$$SP,1,09:55:27,4719.3476,01933.2407,33134*10","ha5mrc,HA6NN,OM5KV,OM5KV-1,OM3BC",1,09:55:27,47.32246,19.5540117,33134
"$$SP,1,09:55:56,4719.4755,01933.5719,33310*1C","HA6NN,ha5mrc,TT7,OM5KV,OM1ATS,OM5KV-1",1,09:55:56,47.3245917,19.5595317,33310
"$$SP,1,09:56:28,4719.5653,01934.0159,33508*1F","ha5mrc,HA6NN,OM1ATS,OM5KV,OM3BC",1,09:56:28,47.3260883,19.5669317,33508
"$$SP,1,09:56:57,4719.5597,01934.4442,33684*10","ha5mrc,HA6NN,OM1ATS,OM5KV,OM3BC",1,09:56:57,47.325995,19.57407,33684
"$$SP,1,09:57:29,4719.4979,01934.8404,33878*16","ha5mrc,HA6NN,TT7,OM5KV,OM1ATS,OM3BC",1,09:57:29,47.324965,19.5806733,33878
"$$SP,1,09:57:58,4719.3519,01935.1137,34066*10","ha5mrc,HA6NN,OM1ATS,OM5KV,OM3BC",1,09:57:58,47.3225317,19.5852283,34066
"$$SP,1,09:59:08,4719.2280,01935.6113,31892*1A","ha5mrc,HA6NN,OM5KV-1,OM1ATS,OM3BC,OM5KV",1,09:59:08,47.3204667,19.5935217,31892
"$$SP,1,09:59:40,4719.3026,01935.8203,29415*1F","ha5mrc,HA6NN,OM1ATS,OM5KV,OM3BC",1,09:59:40,47.32171,19.597005,29415
"$$SP,1,10:00:12,4719.3120,01935.8524,27500*12","HA6NN,ha5mrc,OM1ATS,OM5KV,OM3BC",1,10:00:12,47.3218667,19.59754,27500
"$$SP,1,10:01:22,4719.2686,01935.9143,23681*10","HA6NN,ha5mrc,OM1ATS,OM5KV,OM3BC",1,10:01:22,47.3211433,19.5985717,23681
"$$SP,1,10:01:51,4719.2569,01935.9200,22357*1D","HA6NN,ha5mrc,OM5KV-1,OM1ATS,OM3BC,OM5KV",1,10:01:51,47.3209483,19.5986667,22357
"$$SP,1,10:02:23,4719.2150,01935.9228,21150*19","ha5mrc,HA6NN,OM1ATS,OM5KV,OM3BC",1,10:02:23,47.32025,19.5987133,21150
"$$SP,1,10:02:55,4719.1687,01935.9379,20020*14","ha5mrc,HA6NN,OM5KV-1,OM1ATS,OM3BC,OM5KV",1,10:02:55,47.3194783,19.598965,20020
"$$SP,1,10:03:27,4719.1436,01936.0244,18981*14","HA6NN,ha5mrc,OM5KV-1,OM1ATS,OM3BC,OM5KV",1,10:03:27,47.31906,19.6004067,18981
"$$SP,1,10:03:59,4719.1187,01936.1279,18024*1B","ha5mrc,HA6NN,OM1ATS,OM5KV,OM3BC",1,10:03:59,47.318645,19.6021317,18024
"$$SP,1,10:04:31,4719.0890,01936.2396,17126*13","ha5mrc,OM5KV-1,OM3BC,OM1ATS,OM5KV",1,10:04:31,47.31815,19.6039933,17126
"$$SP,1,10:05:03,4719.0326,01936.4233,16291*13","ha5mrc,OM5KV,OM5KV-1,OM3BC",1,10:05:03,47.31721,19.607055,16291
"$$SP,1,10:05:35,4718.9951,01936.5879,15506*1B","ha5mrc,OM1ATS,OM5KV-1,OM3BC",1,10:05:35,47.316585,19.6097983,15506
"$$SP,1,10:06:07,4718.9606,01936.7873,14739*13","ha5mrc,OM1ATS,OM5KV-1,OM3BC",1,10:06:07,47.31601,19.6131217,14739
"$$SP,1,10:06:39,4718.9111,01937.0305,14020*1C","HA6NN,ha5mrc,OM5KV,OM1ATS,OM3BC,OM3WOR,OM5KV-1",1,10:06:39,47.315185,19.617175,14020
"$$SP,1,10:07:08,4718.8725,01937.2724,13405*1E","HA6NN,ha5mrc,OM5KV-1,OM1ATS,OM3BC,OM5KV",1,10:07:08,47.3145417,19.6212067,13405
"$$SP,1,10:07:40,4718.8436,01937.5933,12722*1B","ha5mrc,HA6NN,OM5KV-1,OM1ATS,OM3BC,OM5KV",1,10:07:40,47.31406,19.626555,12722
"$$SP,1,10:08:12,4718.8092,01937.8995,12098*1E","ha5mrc,HA6NN,OM5KV-1,OM1ATS,OM3BC,OM5KV",1,10:08:12,47.3134867,19.6316583,12098
"$$SP,1,10:08:41,4718.7677,01938.2100,11566*1C","HA6NN,ha5mrc,OM5KV,OM1ATS,OM3BC,OM3WOR,OM5KV-1",1,10:08:41,47.312795,19.6368333,11566
"$$SP,1,10:09:13,4718.7010,01938.5590,11002*10","HA6NN,ha5mrc,OM5KV,OM1ATS,OM3BC,OM3WOR,OM5KV-1",1,10:09:13,47.3116833,19.64265,11002
"$$SP,1,10:09:45,4718.6613,01938.8817,10448*13","ha5mrc,OM3WOR,OM5KV,OM1ATS,OM3BC",1,10:09:45,47.3110217,19.6480283,10448
"$$SP,1,10:10:14,4718.6004,01939.1018,9972*2C","HA6NN,ha5mrc,OM3WOR,OM5KV,OM1ATS,OM3BC,OM5KV-1",1,10:10:14,47.3100067,19.6516967,9972
"$$SP,1,10:10:49,4718.4967,01939.3506,9411*2A","ha5mrc,OM5KV,OM1ATS,OM3BC,OM3WOR,OM5KV-1",1,10:10:49,47.3082783,19.6558433,9411
"$$SP,1,10:11:21,4718.3714,01939.5899,8915*2D","ha5mrc,HA6NN,OM5KV,OM1ATS,OM3BC,OM3WOR,OM5KV-1",1,10:11:21,47.30619,19.6598317,8915
"$$SP,1,10:11:53,4718.2621,01939.8035,8427*21","ha5mrc,HA6NN,OM3WOR,OM5KV,OM1ATS,OM3BC,OM5KV-1",1,10:11:53,47.3043683,19.6633917,8427
"$$SP,1,10:12:25,4718.1857,01939.9969,7952*2E","ha5mrc,HA6NN,OM3WOR,OM5KV,OM1ATS,OM3BC,OM5KV-1",1,10:12:25,47.303095,19.666615,7952
"$$SP,1,10:12:57,4718.1134,01940.1802,7488*27","ha5mrc,OM5KV,OM1ATS,OM3BC,OM3WOR,OM5KV-1",1,10:12:57,47.30189,19.66967,7488
"$$SP,1,10:13:29,4718.0451,01940.3056,7046*25","ha5mrc,HA6NN,OM5KV,OM1ATS,OM3BC,OM3WOR,OM5KV-1",1,10:13:29,47.3007517,19.67176,7046
"$$SP,1,10:14:01,4717.9827,01940.4229,6625*2C","ha5mrc,OM5KV-1,OM1ATS,OM5KV,OM3BC,OM3WOR",1,10:14:01,47.2997117,19.673715,6625
"$$SP,1,10:14:33,4717.9267,01940.5167,6205*2D","ha5mrc,HA6NN,OM3WOR,OM5KV,OM1ATS,OM3BC,OM5KV-1",1,10:14:33,47.2987783,19.6752783,6205
"$$SP,1,10:15:05,4717.8703,01940.5717,5738*26","ha5mrc,HA6NN,OM3WOR,OM5KV,OM1ATS,OM3BC,OM5KV-1",1,10:15:05,47.2978383,19.676195,5738
"$$SP,1,10:15:37,4717.8373,01940.5836,5272*23","ha5mrc,OM5KV-1,OM1ATS,OM5KV,OM3BC,OM3WOR",1,10:15:37,47.2972883,19.6763933,5272
"$$SP,1,10:16:09,4717.8018,01940.6078,4811*2C","ha5mrc,OM5KV,OM1ATS,OM3BC,OM3WOR,OM5KV-1",1,10:16:09,47.2966967,19.6767967,4811
"$$SP,1,10:16:41,4717.7728,01940.6685,4359*28","ha5mrc,OM5KV,OM1ATS,OM3BC,OM3WOR,OM5KV-1",1,10:16:41,47.2962133,19.6778083,4359
"$$SP,1,10:17:16,4717.7973,01940.7275,3886*2F","ha5mrc,OM1ATS,OM5KV-1,OM3BC",1,10:17:16,47.2966217,19.6787917,3886
"$$SP,1,10:18:26,4717.8680,01940.8353,2949*26","ha5mrc,OM1ATS,OM3BC",1,10:18:26,47.2978,19.6805883,2949
"$$SP,1,10:18:58,4717.8394,01940.8567,2534*28","ha5mrc,OM5KV,OM1ATS,OM3BC,OM3WOR,OM5KV-1",1,10:18:58,47.2973233,19.680945,2534
"$$SP,1,10:19:30,4717.8448,01940.8530,2112*23","ha5mrc,OM3BC",1,10:19:30,47.2974133,19.6808833,2112
"$$SP,1,10:19:59,4717.8479,01940.8309,1729*2F",ha5mrc,1,10:19:59,47.297465,19.680515,1729
"$$SP,1,10:20:31,4717.8363,01940.8128,1325*2E",ha5mrc,1,10:20:31,47.2972717,19.6802133,1325
"$$SP,1,10:21:03,4717.8302,01940.7637,929*18",ha5mrc,1,10:21:03,47.29717,19.679395,929
"$$SP,1,10:21:35,4717.8716,01940.7707,543*1E",ha5mrc,1,10:21:35,47.29786,19.6795117,543
