_sentence,_receivers,sentence_id,time,latitude,longitude,altitude,speed,heading,satellites,temperature_internal,battery
"$$SVC_PI_SKY,2,07:02:06,52.32974,0.33723,00000,0,0,6,25.8,2.4*CC16","null,G0MEK",2,07:02:06,52.32974,0.33723,0,0,0,6,25.8,2.4
"$$SVC_PI_SKY,3,07:02:46,52.32976,0.33724,00009,0,0,6,25.8,2.5*0693",G0MEK,3,07:02:46,52.32976,0.33724,9,0,0,6,25.8,2.5
"$$SVC_PI_SKY,4,07:03:45,52.32977,0.33729,00026,0,0,7,25.8,2.5*B5E5","null,G0MEK",4,07:03:45,52.32977,0.33729,26,0,0,7,25.8,2.5
"$$SVC_PI_SKY,5,07:04:25,52.32979,0.33728,00021,0,0,7,25.8,2.0*43BD",G0MEK,5,07:04:25,52.32979,0.33728,21,0,0,7,25.8,2.0
"$$SVC_PI_SKY,6,07:05:05,52.32979,0.33727,00024,0,0,7,25.9,2.4*EAAC",G0MEK,6,07:05:05,52.32979,0.33727,24,0,0,7,25.9,2.4
"$$SVC_PI_SKY,7,07:05:45,52.32982,0.33728,00031,0,0,7,25.8,2.3*DF3F","null,G0MEK",7,07:05:45,52.32982,0.33728,31,0,0,7,25.8,2.3
"$$SVC_PI_SKY,8,07:06:25,52.32979,0.33729,00028,0,0,7,25.8,1.6*653C","null,G0MEK",8,07:06:25,52.32979,0.33729,28,0,0,7,25.8,1.6
"$$SVC_PI_SKY,9,07:07:05,52.32979,0.33730,00025,0,0,7,25.9,2.3*48C0",G0MEK,9,07:07:05,52.32979,0.3373,25,0,0,7,25.9,2.3
"$$SVC_PI_SKY,10,07:07:52,52.32977,0.33730,00023,0,0,7,25.9,2.1*CEFD",G0MEK,10,07:07:52,52.32977,0.3373,23,0,0,7,25.9,2.1
"$$SVC_PI_SKY,11,07:08:32,52.32977,0.33730,00011,0,0,7,25.9,2.2*048F",G0MEK,11,07:08:32,52.32977,0.3373,11,0,0,7,25.9,2.2
"$$SVC_PI_SKY,12,07:09:12,52.32976,0.33732,00015,0,0,7,25.9,2.2*724A",G0MEK,12,07:09:12,52.32976,0.33732,15,0,0,7,25.9,2.2
"$$SVC_PI_SKY,13,07:09:52,52.32976,0.33728,00008,0,0,6,25.8,2.1*2EA6",G0MEK,13,07:09:52,52.32976,0.33728,8,0,0,6,25.8,2.1
"$$SVC_PI_SKY,14,07:10:33,52.32977,0.33727,00006,0,0,7,25.9,2.1*53CB",G0MEK,14,07:10:33,52.32977,0.33727,6,0,0,7,25.9,2.1
"$$SVC_PI_SKY,15,07:11:13,52.32979,0.33729,00009,0,0,5,26.0,2.1*3916",G0MEK,15,07:11:13,52.32979,0.33729,9,0,0,5,26.0,2.1
"$$SVC_PI_SKY,16,07:11:53,52.32977,0.33729,00002,0,0,7,26.0,2.1*C51F",G0MEK,16,07:11:53,52.32977,0.33729,2,0,0,7,26.0,2.1
"$$SVC_PI_SKY,17,07:12:33,52.32979,0.33728,00008,0,0,7,26.0,2.1*71BE",G0MEK,17,07:12:33,52.32979,0.33728,8,0,0,7,26.0,2.1
"$$SVC_PI_SKY,19,07:13:53,52.32977,0.33730,00009,0,0,7,26.0,2.1*642A",G0MEK,19,07:13:53,52.32977,0.3373,9,0,0,7,26.0,2.1
"$$SVC_PI_SKY,20,07:14:33,52.32979,0.33729,00012,0,0,7,26.1,2.1*22F9",G0MEK,20,07:14:33,52.32979,0.33729,12,0,0,7,26.1,2.1
"$$SVC_PI_SKY,21,07:15:04,52.32980,0.33731,00016,0,0,7,26.0,2.1*27EC",G0MEK,21,07:15:04,52.3298,0.33731,16,0,0,7,26.0,2.1
"$$SVC_PI_SKY,22,07:15:44,52.32974,0.33732,00020,0,0,0,26.1,2.0*EC6E","test,G0MEK",22,07:15:44,52.32974,0.33732,20,0,0,0,26.1,2.0
"$$SVC_PI_SKY,23,07:16:25,52.32972,0.33728,00018,0,0,7,26.2,2.1*281B",G0MEK,23,07:16:25,52.32972,0.33728,18,0,0,7,26.2,2.1
"$$SVC_PI_SKY,24,07:17:05,52.32971,0.33732,00014,0,0,6,26.4,2.0*4FCB",G0MEK,24,07:17:05,52.32971,0.33732,14,0,0,6,26.4,2.0
"$$SVC_PI_SKY,25,07:17:45,52.32971,0.33731,00012,0,0,5,26.4,2.0*E8C5",G0MEK,25,07:17:45,52.32971,0.33731,12,0,0,5,26.4,2.0
"$$SVC_PI_SKY,26,07:18:25,52.32975,0.33729,00011,0,0,5,26.4,1.9*9998",G0MEK,26,07:18:25,52.32975,0.33729,11,0,0,5,26.4,1.9
"$$SVC_PI_SKY,27,07:19:10,52.32977,0.33729,00011,0,0,8,26.5,2.0*D248","test,null,G0MEK",27,07:19:10,52.32977,0.33729,11,0,0,8,26.5,2.0
"$$SVC_PI_SKY,28,07:19:51,52.32974,0.33730,00014,0,0,7,26.4,1.5*7DA9","test,null,G0MEK",28,07:19:51,52.32974,0.3373,14,0,0,7,26.4,1.5
"$$SVC_PI_SKY,29,07:20:31,52.32975,0.33727,00016,0,0,8,26.3,1.9*327C","test,null,G0MEK",29,07:20:31,52.32975,0.33727,16,0,0,8,26.3,1.9
"$$SVC_PI_SKY,10,08:11:58,52.32979,0.33735,00011,0,0,7,27.1,2.3*306F",G0MEK,10,08:11:58,52.32979,0.33735,11,0,0,7,27.1,2.3
"$$SVC_PI_SKY,11,08:12:38,52.32982,0.33735,00017,0,0,7,27.3,2.3*BAD1",G0MEK,11,08:12:38,52.32982,0.33735,17,0,0,7,27.3,2.3
"$$SVC_PI_SKY,12,08:13:18,52.32983,0.33736,00016,0,0,7,27.4,2.3*EEEE",G0MEK,12,08:13:18,52.32983,0.33736,16,0,0,7,27.4,2.3
"$$SVC_PI_SKY,13,08:13:58,52.32983,0.33736,00013,0,0,7,27.6,2.2*F2A8",G0MEK,13,08:13:58,52.32983,0.33736,13,0,0,7,27.6,2.2
"$$SVC_PI_SKY,14,08:14:36,52.32983,0.33736,00013,0,0,7,27.6,2.3*9300",G0MEK,14,08:14:36,52.32983,0.33736,13,0,0,7,27.6,2.3
"$$SVC_PI_SKY,15,08:15:19,52.32981,0.33733,00013,0,0,7,27.9,2.1*3B60",G0MEK,15,08:15:19,52.32981,0.33733,13,0,0,7,27.9,2.1
"$$SVC_PI_SKY,16,08:15:59,52.32985,0.33733,00016,0,0,7,27.5,2.1*1930",G0MEK,16,08:15:59,52.32985,0.33733,16,0,0,7,27.5,2.1
"$$SVC_PI_SKY,17,08:16:39,52.32983,0.33736,00020,0,0,7,27.4,2.1*4808",G0MEK,17,08:16:39,52.32983,0.33736,20,0,0,7,27.4,2.1
"$$SVC_PI_SKY,18,08:17:19,52.32983,0.33737,00021,0,0,8,27.2,2.1*8E70",G0MEK,18,08:17:19,52.32983,0.33737,21,0,0,8,27.2,2.1
"$$SVC_PI_SKY,19,08:17:59,52.32983,0.33737,00020,0,0,8,27.1,2.1*A894",G0MEK,19,08:17:59,52.32983,0.33737,20,0,0,8,27.1,2.1
"$$SVC_PI_SKY,20,08:18:39,52.32985,0.33736,00022,0,0,8,27.1,2.1*C85B",G0MEK,20,08:18:39,52.32985,0.33736,22,0,0,8,27.1,2.1
"$$SVC_PI_SKY,21,08:19:20,52.32988,0.33736,00030,0,0,8,27.1,2.1*3C06",G0MEK,21,08:19:20,52.32988,0.33736,30,0,0,8,27.1,2.1
"$$SVC_PI_SKY,22,08:20:00,52.32986,0.33736,00020,0,0,8,27.0,2.1*3577",G0MEK,22,08:20:00,52.32986,0.33736,20,0,0,8,27.0,2.1
"$$SVC_PI_SKY,23,08:20:40,52.32985,0.33732,00014,0,0,8,26.9,2.0*58CD",G0MEK,23,08:20:40,52.32985,0.33732,14,0,0,8,26.9,2.0
"$$SVC_PI_SKY,24,08:21:20,52.32979,0.33730,00014,0,0,8,26.9,2.0*7125",G0MEK,24,08:21:20,52.32979,0.3373,14,0,0,8,26.9,2.0
"$$SVC_PI_SKY,25,08:22:00,52.32982,0.33728,00020,0,0,8,26.9,2.0*7F0C",G0MEK,25,08:22:00,52.32982,0.33728,20,0,0,8,26.9,2.0
"$$SVC_PI_SKY,26,08:22:40,52.32982,0.33728,00022,0,0,8,26.9,2.0*9A94",G0MEK,26,08:22:40,52.32982,0.33728,22,0,0,8,26.9,2.0
"$$SVC_PI_SKY,27,08:23:20,52.32980,0.33729,00020,0,0,8,26.7,1.9*C962",G0MEK,27,08:23:20,52.3298,0.33729,20,0,0,8,26.7,1.9
"$$SVC_PI_SKY,28,08:24:00,52.32979,0.33729,00017,0,0,8,26.6,1.9*FE05",G0MEK,28,08:24:00,52.32979,0.33729,17,0,0,8,26.6,1.9
"$$SVC_PI_SKY,29,08:24:40,52.32980,0.33729,00018,0,0,7,26.6,2.0*9352",G0MEK,29,08:24:40,52.3298,0.33729,18,0,0,7,26.6,2.0
"$$SVC_PI_SKY,30,08:25:21,52.32977,0.33728,00017,0,0,8,26.6,2.0*9285",G0MEK,30,08:25:21,52.32977,0.33728,17,0,0,8,26.6,2.0
"$$SVC_PI_SKY,31,08:26:01,52.32975,0.33729,00015,0,0,8,26.6,2.0*D1D6",G0MEK,31,08:26:01,52.32975,0.33729,15,0,0,8,26.6,2.0
"$$SVC_PI_SKY,32,08:26:41,52.32977,0.33729,00016,0,0,8,26.5,1.9*A8FF",G0MEK,32,08:26:41,52.32977,0.33729,16,0,0,8,26.5,1.9
"$$SVC_PI_SKY,33,08:27:21,52.32977,0.33726,00022,0,0,8,26.5,2.0*F550",G0MEK,33,08:27:21,52.32977,0.33726,22,0,0,8,26.5,2.0
"$$SVC_PI_SKY,34,08:28:01,52.32982,0.33730,00019,0,0,6,26.6,1.8*F280",G0MEK,34,08:28:01,52.32982,0.3373,19,0,0,6,26.6,1.8
"$$SVC_PI_SKY,35,08:28:41,52.32985,0.33726,00023,0,0,7,26.6,1.8*BBBA",G0MEK,35,08:28:41,52.32985,0.33726,23,0,0,7,26.6,1.8
"$$SVC_PI_SKY,36,08:29:21,52.32983,0.33725,00022,0,0,8,26.6,1.8*6B4E",G0MEK,36,08:29:21,52.32983,0.33725,22,0,0,8,26.6,1.8
"$$SVC_PI_SKY,37,08:30:02,52.32981,0.33727,00012,0,0,6,26.5,1.7*035E",G0MEK,37,08:30:02,52.32981,0.33727,12,0,0,6,26.5,1.7
"$$SVC_PI_SKY,39,08:31:22,52.32983,0.33730,00019,0,0,7,26.4,1.8*DA20",G0MEK,39,08:31:22,52.32983,0.3373,19,0,0,7,26.4,1.8
"$$SVC_PI_SKY,40,08:32:02,52.32982,0.33729,00016,0,0,7,26.4,1.8*A539",G0MEK,40,08:32:02,52.32982,0.33729,16,0,0,7,26.4,1.8
"$$SVC_PI_SKY,41,08:32:42,52.32977,0.33733,00020,0,0,7,26.4,1.8*52BD",G0MEK,41,08:32:42,52.32977,0.33733,20,0,0,7,26.4,1.8
"$$SVC_PI_SKY,42,08:33:22,52.32983,0.33727,00024,0,0,7,26.3,1.8*56B6",G0MEK,42,08:33:22,52.32983,0.33727,24,0,0,7,26.3,1.8
"$$SVC_PI_SKY,44,08:34:42,52.32991,0.33720,00012,0,0,6,26.3,1.7*DD5A",G0MEK,44,08:34:42,52.32991,0.3372,12,0,0,6,26.3,1.7
"$$SVC_PI_SKY,45,08:35:22,52.32993,0.33722,00012,0,0,6,26.2,1.7*D52D",G0MEK,45,08:35:22,52.32993,0.33722,12,0,0,6,26.2,1.7
"$$SVC_PI_SKY,46,08:36:03,52.32983,0.33735,00007,0,0,7,26.3,1.8*BC5C",G0MEK,46,08:36:03,52.32983,0.33735,7,0,0,7,26.3,1.8
"$$SVC_PI_SKY,47,08:36:43,52.32985,0.33734,00004,0,0,6,26.3,1.8*00DC",G0MEK,47,08:36:43,52.32985,0.33734,4,0,0,6,26.3,1.8
"$$SVC_PI_SKY,15,00:00:00,0.00000,0.00000,00000,0,0,0,24.9,9.6*922B",G0MEK,15,00:00:00,0.0,0.0,0,0,0,0,24.9,9.6
"$$SVC_PI_SKY,16,00:00:00,0.00000,0.00000,00000,0,0,0,25.1,9.6*6E60",G0MEK,16,00:00:00,0.0,0.0,0,0,0,0,25.1,9.6
"$$SVC_PI_SKY,18,00:00:00,0.00000,0.00000,00000,0,0,0,25.1,9.5*DDDB",G0MEK,18,00:00:00,0.0,0.0,0,0,0,0,25.1,9.5
"$$SVC_PI_SKY,19,00:00:00,0.00000,0.00000,00000,0,0,0,25.1,9.5*1039",G0MEK,19,00:00:00,0.0,0.0,0,0,0,0,25.1,9.5
"$$SVC_PI_SKY,20,00:00:00,0.00000,0.00000,00000,0,0,0,25.1,9.5*FD0F",G0MEK,20,00:00:00,0.0,0.0,0,0,0,0,25.1,9.5
"$$SVC_PI_SKY,2,00:00:00,0.00000,0.00000,00000,0,0,0,25.8,8.2*E219",G0MEK,2,00:00:00,0.0,0.0,0,0,0,0,25.8,8.2
"$$SVC_PI_SKY,3,00:00:00,0.00000,0.00000,00000,0,0,0,25.8,8.2*2FFB",G0MEK,3,00:00:00,0.0,0.0,0,0,0,0,25.8,8.2
"$$SVC_PI_SKY,4,00:00:00,0.00000,0.00000,00000,0,0,0,25.8,8.2*6E17",G0MEK,4,00:00:00,0.0,0.0,0,0,0,0,25.8,8.2
"$$SVC_PI_SKY,5,00:00:00,0.00000,0.00000,00000,0,0,0,25.8,8.2*A3F5",G0MEK,5,00:00:00,0.0,0.0,0,0,0,0,25.8,8.2
"$$SVC_PI_SKY,6,00:00:00,0.00000,0.00000,00000,0,0,0,25.8,8.3*F5D3",G0MEK,6,00:00:00,0.0,0.0,0,0,0,0,25.8,8.3
"$$SVC_PI_SKY,7,00:00:00,0.00000,0.00000,00000,0,0,0,25.8,8.3*3831",G0MEK,7,00:00:00,0.0,0.0,0,0,0,0,25.8,8.3
"$$SVC_PI_SKY,9,00:00:00,0.00000,0.00000,00000,0,0,0,25.8,8.3*BBE9",G0MEK,9,00:00:00,0.0,0.0,0,0,0,0,25.8,8.3
"$$SVC_PI_SKY,10,00:00:00,0.00000,0.00000,00000,0,0,0,25.8,8.2*3DA6",G0MEK,10,00:00:00,0.0,0.0,0,0,0,0,25.8,8.2
"$$SVC_PI_SKY,13,00:00:00,0.00000,0.00000,00000,0,0,0,25.8,8.2*7BA1",G0MEK,13,00:00:00,0.0,0.0,0,0,0,0,25.8,8.2
"$$SVC_PI_SKY,15,00:00:00,0.00000,0.00000,00000,0,0,0,26.2,7.9*F4D9",G0MEK,15,00:00:00,0.0,0.0,0,0,0,0,26.2,7.9
"$$SVC_PI_SKY,16,00:00:00,0.00000,0.00000,00000,0,0,0,26.6,7.8*2BF9",G0MEK,16,00:00:00,0.0,0.0,0,0,0,0,26.6,7.8
"$$SVC_PI_SKY,17,00:00:00,0.00000,0.00000,00000,0,0,0,26.9,7.6*622C",G0MEK,17,00:00:00,0.0,0.0,0,0,0,0,26.9,7.6
"$$SVC_PI_SKY,18,00:00:00,0.00000,0.00000,00000,0,0,0,27.2,7.2*380C",G0MEK,18,00:00:00,0.0,0.0,0,0,0,0,27.2,7.2
"$$SVC_PI_SKY,19,00:00:00,0.00000,0.00000,00000,0,0,0,27.6,7.0*5CAA",G0MEK,19,00:00:00,0.0,0.0,0,0,0,0,27.6,7.0
"$$SVC_PI_SKY,20,00:00:00,0.00000,0.00000,00000,0,0,0,27.9,6.8*625D",G0MEK,20,00:00:00,0.0,0.0,0,0,0,0,27.9,6.8
"$$SVC_PI_SKY,21,00:00:00,0.00000,0.00000,00000,0,0,0,28.2,6.5*1804",G0MEK,21,00:00:00,0.0,0.0,0,0,0,0,28.2,6.5
"$$SVC_PI_SKY,22,00:00:00,0.00000,0.00000,00000,0,0,0,28.5,6.4*29F6",G0MEK,22,00:00:00,0.0,0.0,0,0,0,0,28.5,6.4
"$$SVC_PI_SKY,23,00:00:00,0.00000,0.00000,00000,0,0,0,28.8,6.5*D54F",G0MEK,23,00:00:00,0.0,0.0,0,0,0,0,28.8,6.5
"$$SVC_PI_SKY,24,00:00:00,0.00000,0.00000,00000,0,0,0,29.1,6.3*E478",G0MEK,24,00:00:00,0.0,0.0,0,0,0,0,29.1,6.3
"$$SVC_PI_SKY,25,00:00:00,0.00000,0.00000,00000,0,0,0,29.3,6.4*1DFE",G0MEK,25,00:00:00,0.0,0.0,0,0,0,0,29.3,6.4
"$$SVC_PI_SKY,26,00:00:00,0.00000,0.00000,00000,0,0,0,29.6,6.3*0849",G0MEK,26,00:00:00,0.0,0.0,0,0,0,0,29.6,6.3
"$$SVC_PI_SKY,27,09:15:53,52.32985,0.33734,00013,0,0,4,29.9,6.2*454A",G0MEK,27,09:15:53,52.32985,0.33734,13,0,0,4,29.9,6.2
"$$SVC_PI_SKY,28,09:16:33,52.32986,0.33734,00015,0,0,5,30.1,6.3*0042",G0MEK,28,09:16:33,52.32986,0.33734,15,0,0,5,30.1,6.3
"$$SVC_PI_SKY,29,09:17:13,52.32981,0.33730,00015,0,0,4,30.2,6.4*8875",G0MEK,29,09:17:13,52.32981,0.3373,15,0,0,4,30.2,6.4
"$$SVC_PI_SKY,30,09:17:53,52.32983,0.33728,00017,0,0,5,30.4,6.2*D915",G0MEK,30,09:17:53,52.32983,0.33728,17,0,0,5,30.4,6.2
"$$SVC_PI_SKY,31,09:18:33,52.32985,0.33728,00012,0,0,5,30.6,6.3*185D",G0MEK,31,09:18:33,52.32985,0.33728,12,0,0,5,30.6,6.3
"$$SVC_PI_SKY,32,09:19:13,52.32985,0.33727,00013,0,0,5,30.7,6.2*613B",G0MEK,32,09:19:13,52.32985,0.33727,13,0,0,5,30.7,6.2
"$$SVC_PI_SKY,33,09:19:45,52.32981,0.33732,00009,0,0,5,30.8,6.3*8749",G0MEK,33,09:19:45,52.32981,0.33732,9,0,0,5,30.8,6.3
"$$SVC_PI_SKY,34,09:20:25,52.32985,0.33733,00007,0,0,6,30.9,6.3*D821",G0MEK,34,09:20:25,52.32985,0.33733,7,0,0,6,30.9,6.3
"$$SVC_PI_SKY,35,09:21:05,52.32982,0.33732,00007,0,0,6,31.1,6.3*D1B3",G0MEK,35,09:21:05,52.32982,0.33732,7,0,0,6,31.1,6.3
"$$SVC_PI_SKY,36,09:21:45,52.32973,0.33727,00010,0,0,6,31.2,6.2*FF31",G0MEK,36,09:21:45,52.32973,0.33727,10,0,0,6,31.2,6.2
"$$SVC_PI_SKY,37,09:22:25,52.32979,0.33728,00023,0,0,5,31.3,6.3*CE86",G0MEK,37,09:22:25,52.32979,0.33728,23,0,0,5,31.3,6.3
"$$SVC_PI_SKY,38,09:23:05,52.32970,0.33736,00051,0,0,5,31.4,6.3*059B",G0MEK,38,09:23:05,52.3297,0.33736,51,0,0,5,31.4,6.3
"$$SVC_PI_SKY,39,09:23:45,52.32992,0.33728,00008,0,0,6,31.6,6.2*1A11",G0MEK,39,09:23:45,52.32992,0.33728,8,0,0,6,31.6,6.2
"$$SVC_PI_SKY,40,09:24:22,52.32994,0.33734,00009,0,0,0,31.7,6.4*A850",G0MEK,40,09:24:22,52.32994,0.33734,9,0,0,0,31.7,6.4
"$$SVC_PI_SKY,22,10:14:42,52.28411,0.48771,00043,0,0,0,40.2,7.2*15A0",M0RPI/M,22,10:14:42,52.28411,0.48771,43,0,0,0,40.2,7.2
"$$SVC_PI_SKY,23,10:15:34,52.28414,0.48778,00034,0,0,5,40.4,7.2*4C8C",M0RPI/M,23,10:15:34,52.28414,0.48778,34,0,0,5,40.4,7.2
"$$SVC_PI_SKY,24,10:16:11,52.28411,0.48780,00037,0,0,0,40.7,7.1*6631",M0RPI/M,24,10:16:11,52.28411,0.4878,37,0,0,0,40.7,7.1
"$$SVC_PI_SKY,25,10:16:54,52.28411,0.48779,00032,0,0,5,40.9,7.2*AF3C",M0RPI/M,25,10:16:54,52.28411,0.48779,32,0,0,5,40.9,7.2
"$$SVC_PI_SKY,26,10:17:34,52.28407,0.48783,00034,0,0,6,41.0,7.2*6E4D",M0RPI/M,26,10:17:34,52.28407,0.48783,34,0,0,6,41.0,7.2
"$$SVC_PI_SKY,27,10:18:14,52.28416,0.48780,00034,0,0,5,41.2,6.9*2DA9",M0RPI/M,27,10:18:14,52.28416,0.4878,34,0,0,5,41.2,6.9
"$$SVC_PI_SKY,28,10:18:55,52.28413,0.48781,00032,0,0,6,41.3,7.3*1F1E",M0RPI/M,28,10:18:55,52.28413,0.48781,32,0,0,6,41.3,7.3
"$$SVC_PI_SKY,29,10:19:35,52.28416,0.48778,00034,0,0,4,41.4,7.2*3041",M0RPI/M,29,10:19:35,52.28416,0.48778,34,0,0,4,41.4,7.2
"$$SVC_PI_SKY,31,10:20:55,52.28411,0.48782,00034,0,0,6,41.6,7.3*C10E",M0RPI/M,31,10:20:55,52.28411,0.48782,34,0,0,6,41.6,7.3
"$$SVC_PI_SKY,32,10:21:26,52.28414,0.48781,00035,0,0,5,41.7,7.3*C2AE",M0RPI/M,32,10:21:26,52.28414,0.48781,35,0,0,5,41.7,7.3
"$$SVC_PI_SKY,33,10:22:06,52.28411,0.48779,00037,0,0,6,41.9,7.3*C097",M0RPI/M,33,10:22:06,52.28411,0.48779,37,0,0,6,41.9,7.3
"$$SVC_PI_SKY,34,10:22:46,52.28413,0.48776,00035,0,0,0,41.9,7.3*90E3",M0RPI/M,34,10:22:46,52.28413,0.48776,35,0,0,0,41.9,7.3
"$$SVC_PI_SKY,35,10:23:27,52.28413,0.48781,00035,0,0,6,41.9,7.2*9C7D",M0RPI/M,35,10:23:27,52.28413,0.48781,35,0,0,6,41.9,7.2
"$$SVC_PI_SKY,36,10:24:07,52.28413,0.48781,00035,0,0,7,42.0,7.3*01F7",M0RPI/M,36,10:24:07,52.28413,0.48781,35,0,0,7,42.0,7.3
"$$SVC_PI_SKY,37,10:24:47,52.28411,0.48778,00034,0,0,5,42.1,7.3*AF74",M0RPI/M,37,10:24:47,52.28411,0.48778,34,0,0,5,42.1,7.3
"$$SVC_PI_SKY,38,10:25:27,52.28411,0.48779,00033,0,0,7,42.3,7.2*3258",M0RPI/M,38,10:25:27,52.28411,0.48779,33,0,0,7,42.3,7.2
"$$SVC_PI_SKY,39,10:26:07,52.28413,0.48777,00036,0,0,7,42.4,7.5*412D",M0RPI/M,39,10:26:07,52.28413,0.48777,36,0,0,7,42.4,7.5
"$$SVC_PI_SKY,41,10:27:27,52.28411,0.48782,00035,0,0,7,42.4,7.0*3C43",M0RPI/M,41,10:27:27,52.28411,0.48782,35,0,0,7,42.4,7.0
"$$SVC_PI_SKY,42,10:28:08,52.28407,0.48782,00041,0,0,8,42.5,7.4*DA59",M0RPI/M,42,10:28:08,52.28407,0.48782,41,0,0,8,42.5,7.4
"$$SVC_PI_SKY,43,10:28:48,52.28409,0.48778,00039,0,0,8,42.6,7.4*FF30",M0RPI/M,43,10:28:48,52.28409,0.48778,39,0,0,8,42.6,7.4
"$$SVC_PI_SKY,46,10:30:48,52.28411,0.48780,00035,0,0,8,43.0,7.5*ED29",M0RPI/M,46,10:30:48,52.28411,0.4878,35,0,0,8,43.0,7.5
"$$SVC_PI_SKY,47,10:31:28,52.28411,0.48780,00037,0,0,6,43.1,7.5*554D",M0RPI/M,47,10:31:28,52.28411,0.4878,37,0,0,6,43.1,7.5
"$$SVC_PI_SKY,48,10:32:08,52.28410,0.48779,00040,0,0,7,43.2,7.5*C293",M0RPI/M,48,10:32:08,52.2841,0.48779,40,0,0,7,43.2,7.5
"$$SVC_PI_SKY,49,10:32:48,52.28413,0.48779,00034,0,0,8,43.4,7.6*E08B",M0RPI/M,49,10:32:48,52.28413,0.48779,34,0,0,8,43.4,7.6
"$$SVC_PI_SKY,50,10:33:29,52.28411,0.48778,00039,0,0,7,43.5,7.5*BD14",M0RPI/M,50,10:33:29,52.28411,0.48778,39,0,0,7,43.5,7.5
"$$SVC_PI_SKY,51,10:34:09,52.28411,0.48778,00036,0,0,7,43.5,7.6*A39E",M0RPI/M,51,10:34:09,52.28411,0.48778,36,0,0,7,43.5,7.6
"$$SVC_PI_SKY,52,10:34:49,52.28413,0.48777,00038,0,0,8,43.7,7.7*88F6",M0RPI/M,52,10:34:49,52.28413,0.48777,38,0,0,8,43.7,7.7
"$$SVC_PI_SKY,53,10:35:29,52.28413,0.48778,00038,0,0,8,43.8,7.8*38C2",M0RPI/M,53,10:35:29,52.28413,0.48778,38,0,0,8,43.8,7.8
"$$SVC_PI_SKY,54,10:36:09,52.28411,0.48777,00039,0,0,8,43.8,7.7*1E65",M0RPI/M,54,10:36:09,52.28411,0.48777,39,0,0,8,43.8,7.7
"$$SVC_PI_SKY,56,10:37:30,52.28413,0.48777,00037,0,0,6,43.8,7.7*C7B7",M0RPI/M,56,10:37:30,52.28413,0.48777,37,0,0,6,43.8,7.7
"$$SVC_PI_SKY,57,10:38:10,52.28411,0.48777,00039,0,0,7,43.9,7.7*C00E",M0RPI/M,57,10:38:10,52.28411,0.48777,39,0,0,7,43.9,7.7
"$$SVC_PI_SKY,58,10:38:50,52.28413,0.48779,00036,0,0,6,43.9,7.8*0E2B",M0RPI/M,58,10:38:50,52.28413,0.48779,36,0,0,6,43.9,7.8
"$$SVC_PI_SKY,59,10:39:30,52.28413,0.48779,00036,0,0,7,44.0,7.8*BBFE",M0RPI/M,59,10:39:30,52.28413,0.48779,36,0,0,7,44.0,7.8
"$$SVC_PI_SKY,60,10:40:10,52.28413,0.48779,00035,0,0,8,44.0,7.7*B61D",M0RPI/M,60,10:40:10,52.28413,0.48779,35,0,0,8,44.0,7.7
"$$SVC_PI_SKY,63,10:42:10,52.28413,0.48782,00035,0,0,5,44.1,7.9*1CDC",M0RPI/M,63,10:42:10,52.28413,0.48782,35,0,0,5,44.1,7.9
"$$SVC_PI_SKY,64,10:42:50,52.28414,0.48781,00034,0,0,7,44.1,8.0*6049",M0RPI/M,64,10:42:50,52.28414,0.48781,34,0,0,7,44.1,8.0
"$$SVC_PI_SKY,65,10:43:31,52.28413,0.48782,00031,0,0,8,44.1,8.1*CA18",M0RPI/M,65,10:43:31,52.28413,0.48782,31,0,0,8,44.1,8.1
"$$SVC_PI_SKY,66,10:44:11,52.28414,0.48781,00031,0,0,7,44.2,8.0*797F",M0RPI/M,66,10:44:11,52.28414,0.48781,31,0,0,7,44.2,8.0
"$$SVC_PI_SKY,67,10:44:51,52.28413,0.48782,00032,0,0,7,44.2,7.9*C50D",M0RPI/M,67,10:44:51,52.28413,0.48782,32,0,0,7,44.2,7.9
"$$SVC_PI_SKY,68,10:45:31,52.28414,0.48782,00035,0,0,7,44.3,8.2*B787",M0RPI/M,68,10:45:31,52.28414,0.48782,35,0,0,7,44.3,8.2
"$$SVC_PI_SKY,69,10:46:11,52.28411,0.48780,00040,0,0,9,44.3,8.3*4E05",M0RPI/M,69,10:46:11,52.28411,0.4878,40,0,0,9,44.3,8.3
"$$SVC_PI_SKY,71,10:47:31,52.28414,0.48767,00068,0,0,9,44.4,8.4*922C",M0RPI/M,71,10:47:31,52.28414,0.48767,68,0,0,9,44.4,8.4
"$$SVC_PI_SKY,72,10:48:11,52.28440,0.48745,00322,0,0,9,43.9,8.4*DF5F","M0RPI/M,G0MEK",72,10:48:11,52.2844,0.48745,322,0,0,9,43.9,8.4
"$$SVC_PI_SKY,73,10:48:51,52.28463,0.48717,00549,0,0,9,43.4,8.6*08F1","G0MEK,G6GZH,M0RPI/M",73,10:48:51,52.28463,0.48717,549,0,0,9,43.4,8.6
"$$SVC_PI_SKY,74,10:49:32,52.28557,0.48736,00788,0,0,9,42.7,8.7*D460","G0MEK,G6GZH,M0RPI/M",74,10:49:32,52.28557,0.48736,788,0,0,9,42.7,8.7
"$$SVC_PI_SKY,75,10:50:12,52.28677,0.48758,01003,0,0,9,42.1,8.6*0FA9","G8KNN,G6GZH,M0RPI/M,G0MEK",75,10:50:12,52.28677,0.48758,1003,0,0,9,42.1,8.6
"$$SVC_PI_SKY,76,10:50:52,52.28797,0.48831,01207,0,0,9,41.4,8.8*EC9D","G0MEK,M0RPI/M,G8KNN,G8FJG,G0WXI,G6GZH",76,10:50:52,52.28797,0.48831,1207,0,0,9,41.4,8.8
"$$SVC_PI_SKY,77,10:51:32,52.28917,0.48847,01438,0,0,7,40.6,8.7*B0FE","G8KNN,G8FJG,G6GZH,M0RPI/M,G0MEK",77,10:51:32,52.28917,0.48847,1438,0,0,7,40.6,8.7
"$$SVC_PI_SKY,78,10:52:12,52.28979,0.48847,01657,0,0,9,39.8,8.7*2E7B","G0MEK,M0RPI/M,G8KNN,G8FJG,G0WXI,G6GZH",78,10:52:12,52.28979,0.48847,1657,0,0,9,39.8,8.7
"$$SVC_PI_SKY,79,10:52:52,52.29044,0.48932,01876,0,0,9,38.7,8.9*05F7","G8FJG,G6GZH,G0WXI,G8KNN,G0MEK",79,10:52:52,52.29044,0.48932,1876,0,0,9,38.7,8.9
"$$SVC_PI_SKY,80,10:53:24,52.29119,0.49075,02066,0,0,9,38.1,8.8*62A3","G8KNN,G8FJG,G6GZH,G0MEK",80,10:53:24,52.29119,0.49075,2066,0,0,9,38.1,8.8
"$$SVC_PI_SKY,81,10:54:04,52.29199,0.49313,02313,0,0,8,37.4,8.9*E383","G8FJG,G0MEK,G8KNN,M0RPI/M,G6GZH",81,10:54:04,52.29199,0.49313,2313,0,0,8,37.4,8.9
"$$SVC_PI_SKY,82,10:54:44,52.29324,0.49588,02577,0,0,9,36.6,8.9*74DF","G8KNN,G8FJG,G6GZH,M0RPI/M,G0MEK",82,10:54:44,52.29324,0.49588,2577,0,0,9,36.6,8.9
"$$SVC_PI_SKY,83,10:55:24,52.29427,0.49930,02809,0,0,9,35.9,8.9*E807","G0MEK,M0RPI/M,G8KNN,G8FJG,G0WXI,G6GZH",83,10:55:24,52.29427,0.4993,2809,0,0,9,35.9,8.9
"$$SVC_PI_SKY,84,10:56:04,52.29529,0.50351,03061,0,0,8,35.3,8.9*99BA","G8FJG,G0WXI,G8KNN,G0MEK",84,10:56:04,52.29529,0.50351,3061,0,0,8,35.3,8.9
"$$SVC_PI_SKY,85,10:56:44,52.29625,0.50864,03299,0,0,9,34.5,9.0*429E","G8FJG,G6GZH,G8KNN,G0MEK",85,10:56:44,52.29625,0.50864,3299,0,0,9,34.5,9.0
"$$SVC_PI_SKY,86,10:57:24,52.29784,0.51375,03540,0,0,9,33.7,9.0*FDA1","G8FJG,G0MEK,G8KNN,G6GZH",86,10:57:24,52.29784,0.51375,3540,0,0,9,33.7,9.0
"$$SVC_PI_SKY,87,10:58:04,52.29836,0.51752,03785,0,0,9,32.9,8.9*E3EB","G8FJG,G0WXI,G8KNN,G0MEK",87,10:58:04,52.29836,0.51752,3785,0,0,9,32.9,8.9
"$$SVC_PI_SKY,88,10:58:45,52.29839,0.52190,04022,0,0,9,32.3,9.0*747B","G8KNN,G8FJG,G0WXI,G6GZH,G0MEK",88,10:58:45,52.29839,0.5219,4022,0,0,9,32.3,9.0
"$$SVC_PI_SKY,89,10:59:25,52.29900,0.52601,04263,0,0,9,31.5,8.9*B838","G6GZH,G8KNN,G0MEK",89,10:59:25,52.299,0.52601,4263,0,0,9,31.5,8.9
"$$SVC_PI_SKY,90,11:00:05,52.29991,0.53108,04493,0,0,9,30.6,9.0*D1DA","G8FJG,G0MEK,G8KNN,G6GZH",90,11:00:05,52.29991,0.53108,4493,0,0,9,30.6,9.0
"$$SVC_PI_SKY,91,11:00:45,52.30078,0.53495,04726,0,0,9,29.9,8.8*7AB6","G8ZBJ,G8FJG,G0MEK,G6GZH,G8KNN",91,11:00:45,52.30078,0.53495,4726,0,0,9,29.9,8.8
"$$SVC_PI_SKY,92,11:01:25,52.30168,0.53901,04959,0,0,9,29.1,9.2*F4BD","G8FJG,G0MEK,G8KNN,G6GZH",92,11:01:25,52.30168,0.53901,4959,0,0,9,29.1,9.2
"$$SVC_PI_SKY,93,11:02:05,52.30186,0.54269,05207,0,0,9,28.4,8.9*4A10","G8FJG,G6GZH,G8KNN,G0MEK",93,11:02:05,52.30186,0.54269,5207,0,0,9,28.4,8.9
"$$SVC_PI_SKY,94,11:02:45,52.30210,0.54633,05460,0,0,9,27.3,8.9*4978","M0UPU,G8FJG,G8KNN,G0MEK",94,11:02:45,52.3021,0.54633,5460,0,0,9,27.3,8.9
"$$SVC_PI_SKY,95,11:03:26,52.30259,0.55064,05681,0,0,9,26.6,8.7*D07D","M0UPU,G8FJG,G8KNN,G0MEK",95,11:03:26,52.30259,0.55064,5681,0,0,9,26.6,8.7
"$$SVC_PI_SKY,96,11:04:06,52.30251,0.55505,05927,0,0,9,25.9,8.7*18F7","M0UPU,G8FJG,G0MEK,G6GZH,G8KNN",96,11:04:06,52.30251,0.55505,5927,0,0,9,25.9,8.7
"$$SVC_PI_SKY,97,11:04:46,52.30239,0.56001,06135,0,0,9,25.3,8.6*2371","M0UPU,G8FJG,G0MEK,G8KNN,G6GZH",97,11:04:46,52.30239,0.56001,6135,0,0,9,25.3,8.6
"$$SVC_PI_SKY,98,11:05:26,52.30177,0.56581,06367,0,0,9,24.7,8.5*ADD4","G0MEK,PB0AHX,M0UPU,G8KNN,G8FJG,G6GZH",98,11:05:26,52.30177,0.56581,6367,0,0,9,24.7,8.5
"$$SVC_PI_SKY,99,11:06:06,52.30102,0.57284,06544,0,0,9,23.9,8.5*7372","M0UPU,G8FJG,G8KNN,G6GZH,G0MEK",99,11:06:06,52.30102,0.57284,6544,0,0,9,23.9,8.5
"$$SVC_PI_SKY,100,11:06:46,52.30006,0.58007,06768,0,0,9,23.1,8.4*21D6","G0MEK,PB0AHX,M0UPU,G8KNN,G8FJG,G6GZH",100,11:06:46,52.30006,0.58007,6768,0,0,9,23.1,8.4
"$$SVC_PI_SKY,101,11:07:26,52.29899,0.58705,06973,0,0,9,22.2,8.4*477A","M0UPU,G8FJG,G0MEK,G6GZH,G8KNN",101,11:07:26,52.29899,0.58705,6973,0,0,9,22.2,8.4
"$$SVC_PI_SKY,102,11:08:06,52.29794,0.59483,07203,0,0,9,21.6,8.3*969A","G0MEK,PB0AHX,M0UPU,G8KNN,G8FJG,G6GZH",102,11:08:06,52.29794,0.59483,7203,0,0,9,21.6,8.3
"$$SVC_PI_SKY,103,11:08:47,52.29731,0.60354,07397,0,0,9,20.9,8.2*2B9F","G0MEK,PB0AHX,M0UPU,G8KNN,G8FJG,G6GZH",103,11:08:47,52.29731,0.60354,7397,0,0,9,20.9,8.2
"$$SVC_PI_SKY,104,11:09:27,52.29693,0.61275,07605,0,0,8,20.2,8.1*D959","G0MEK,PB0AHX,M0UPU,G8KNN,G8FJG,G6GZH",104,11:09:27,52.29693,0.61275,7605,0,0,8,20.2,8.1
"$$SVC_PI_SKY,105,11:10:07,52.29663,0.62138,07800,0,0,9,19.6,8.0*E4EE","M0UPU,G8KNN,PB0AHX,G6GZH",105,11:10:07,52.29663,0.62138,7800,0,0,9,19.6,8.0
"$$SVC_PI_SKY,106,11:10:47,52.29598,0.62892,08032,0,0,9,18.8,7.9*7AA8","G0MEK,PB0AHX,G6GZH,M0UPU,G8KNN,G8FJG,PD3T",106,11:10:47,52.29598,0.62892,8032,0,0,9,18.8,7.9
"$$SVC_PI_SKY,107,11:11:27,52.29465,0.63696,08211,0,0,7,17.9,7.8*4ECC","G0MEK,PB0AHX,M0UPU,G8KNN,G8FJG,G6GZH",107,11:11:27,52.29465,0.63696,8211,0,0,7,17.9,7.8
"$$SVC_PI_SKY,108,11:12:07,52.29369,0.64608,08408,0,0,8,17.2,7.8*3D2A","G0MEK,PB0AHX,F5APQ,G8KNN,G8FJG,G6GZH",108,11:12:07,52.29369,0.64608,8408,0,0,8,17.2,7.8
"$$SVC_PI_SKY,109,11:12:47,52.29292,0.65593,08595,0,0,8,16.4,7.4*9F45","F5APQ,G0MEK,PB0AHX,G8ZBJ,G8KNN,G8FJG,G6GZH",109,11:12:47,52.29292,0.65593,8595,0,0,8,16.4,7.4
"$$SVC_PI_SKY,110,11:13:28,52.29184,0.66620,08785,0,0,7,15.6,7.6*7524","M0UPU,G0MEK,PB0AHX,F5APQ,G8KNN,G8FJG",110,11:13:28,52.29184,0.6662,8785,0,0,7,15.6,7.6
"$$SVC_PI_SKY,111,11:14:08,52.29039,0.67572,08963,0,0,6,14.8,7.5*7718","F5APQ,G0MEK,PB0AHX,M0UPU,G8KNN,G8FJG,G6GZH",111,11:14:08,52.29039,0.67572,8963,0,0,6,14.8,7.5
"$$SVC_PI_SKY,112,11:14:48,52.28840,0.68525,09161,0,0,7,14.1,7.1*B358","F5APQ,G0MEK,M0UPU,G8KNN,G8FJG,G8ZBJ,G6GZH",112,11:14:48,52.2884,0.68525,9161,0,0,7,14.1,7.1
"$$SVC_PI_SKY,113,11:15:28,52.28678,0.69408,09339,0,0,7,13.2,7.3*7676","F5APQ,G0MEK,G8ZBJ,G8KNN,G8FJG,G6GZH,M0UPU",113,11:15:28,52.28678,0.69408,9339,0,0,7,13.2,7.3
"$$SVC_PI_SKY,114,11:16:08,52.28504,0.70298,09519,0,0,4,12.4,7.2*977B","F5APQ,G0MEK,M0UPU,G8KNN,G8FJG,G8ZBJ,G6GZH",114,11:16:08,52.28504,0.70298,9519,0,0,4,12.4,7.2
"$$SVC_PI_SKY,115,11:16:49,52.28352,0.71255,09702,0,0,7,11.6,6.7*A871","G8ZBJ,G0MEK,PB0AHX,F5APQ,G8KNN,G8FJG,G6GZH,M0UPU",115,11:16:49,52.28352,0.71255,9702,0,0,7,11.6,6.7
"$$SVC_PI_SKY,116,11:17:29,52.28201,0.72176,09903,0,0,6,10.6,6.9*5670","F5APQ,G0MEK,PB0AHX,M0UPU,G8KNN,G8FJG,G8ZBJ,G6GZH",116,11:17:29,52.28201,0.72176,9903,0,0,6,10.6,6.9
"$$SVC_PI_SKY,117,11:18:09,52.28070,0.73112,10109,0,0,7,9.8,6.9*AA10","M0UPU,G0MEK,PB0AHX,F5APQ,G8KNN,G8FJG,G6GZH",117,11:18:09,52.2807,0.73112,10109,0,0,7,9.8,6.9
"$$SVC_PI_SKY,118,11:18:49,52.27977,0.74121,10293,0,0,7,8.9,6.8*FA46","F5APQ,G8NWC,G0MEK,PB0AHX,M0UPU,G8KNN,G8FJG,G8ZBJ,G0WXI,G6GZH",118,11:18:49,52.27977,0.74121,10293,0,0,7,8.9,6.8
"$$SVC_PI_SKY,119,11:19:29,52.27824,0.75012,10477,0,0,7,7.8,6.6*9914","F5APQ,G8NWC,G0MEK,G8ZBJ,G8KNN,G8FJG,G0WXI,G6GZH,M0UPU",119,11:19:29,52.27824,0.75012,10477,0,0,7,7.8,6.6
"$$SVC_PI_SKY,120,11:20:09,52.27667,0.75888,10670,0,0,7,6.8,6.6*F380","G0MEK,PB0AHX,M0UPU,G8KNN,G8FJG,G0WXI",120,11:20:09,52.27667,0.75888,10670,0,0,7,6.8,6.6
"$$SVC_PI_SKY,121,11:20:49,52.27478,0.76707,10886,0,0,6,5.8,6.5*1F15","M0UPU,G0MEK,G8ZBJ,G8KNN,G8FJG,G0WXI,G6GZH",121,11:20:49,52.27478,0.76707,10886,0,0,6,5.8,6.5
"$$SVC_PI_SKY,122,11:21:30,52.27298,0.77630,11074,0,0,7,4.9,6.4*8D1F","M0UPU,G0MEK,PB0AHX,G6GZH,G8ZBJ,G8KNN,G8FJG,G0WXI,PD3T",122,11:21:30,52.27298,0.7763,11074,0,0,7,4.9,6.4
"$$SVC_PI_SKY,123,11:22:10,52.27139,0.78567,11247,0,0,7,3.8,6.2*4499","G8ZBJ,G0MEK,PB0AHX,G6GZH,M0UPU,G8KNN,G8FJG,G0WXI,PD3T",123,11:22:10,52.27139,0.78567,11247,0,0,7,3.8,6.2
"$$SVC_PI_SKY,124,11:22:50,52.27003,0.79596,11422,0,0,7,2.8,6.2*8E48","M0UPU,G0MEK,PB0AHX,G6GZH,G8ZBJ,G8KNN,G8FJG,G0WXI,PD3T",124,11:22:50,52.27003,0.79596,11422,0,0,7,2.8,6.2
"$$SVC_PI_SKY,125,11:23:30,52.26841,0.80782,11600,0,0,7,1.8,6.0*DF99","M0UPU,G0MEK,PB0AHX,G8ZBJ,G8KNN,G8FJG,G0WXI,G6GZH",125,11:23:30,52.26841,0.80782,11600,0,0,7,1.8,6.0
"$$SVC_PI_SKY,126,11:24:10,52.26511,0.81843,11775,0,0,7,0.9,5.9*FB2F","M0UPU,PB0AHX,G8ZBJ,G8KNN,F1OIL,G8FJG,G0WXI,G6GZH",126,11:24:10,52.26511,0.81843,11775,0,0,7,0.9,5.9
"$$SVC_PI_SKY,126,11:24:10,52.26511,0.81843,11775,0,0,7,0.9,5.9*FB2f",PD3T,126,11:24:10,52.26511,0.81843,11775,0,0,7,0.9,5.9
"$$SVC_PI_SKY,127,11:24:50,52.26151,0.82782,11948,0,0,7,0.1,5.8*DBD3","G8ZBJ,G0MEK,PB0AHX,M0UPU,G8KNN,F1OIL,G0WXI,PD3T",127,11:24:50,52.26151,0.82782,11948,0,0,7,0.1,5.8
"$$SVC_PI_SKY,128,11:25:30,52.25876,0.83859,12119,0,0,7,-0.7,5.6*415A","M0UPU,G0MEK,PB0AHX,G6GZH,G8ZBJ,G8KNN,F1OIL,G8FJG,G0WXI,PD3T",128,11:25:30,52.25876,0.83859,12119,0,0,7,-0.7,5.6
"$$SVC_PI_SKY,129,11:26:10,52.25716,0.84960,12307,0,0,7,-1.7,5.6*B724","F5APQ,G0MEK,G8ZBJ,G8KNN,F1OIL,G8FJG,G0WXI,G6GZH,M0UPU",129,11:26:10,52.25716,0.8496,12307,0,0,7,-1.7,5.6
"$$SVC_PI_SKY,130,11:26:51,52.25618,0.86153,12486,0,0,7,-2.6,5.5*EB9E","F5APQ,G0MEK,PB0AHX,G8ZBJ,G8KNN,G8FJG,G0WXI,PD3T,M0UPU",130,11:26:51,52.25618,0.86153,12486,0,0,7,-2.6,5.5
"$$SVC_PI_SKY,131,11:27:31,52.25518,0.87308,12659,0,0,7,-3.2,5.4*35E6","M0UPU,G0MEK,PD3T,F5APQ,G8KNN,F1OIL,G0WXI,G6GZH",131,11:27:31,52.25518,0.87308,12659,0,0,7,-3.2,5.4
"$$SVC_PI_SKY,132,11:28:11,52.25378,0.88490,12823,0,0,7,-4.0,5.2*AE15","F5APQ,G0MEK,PB0AHX,M0UPU,G8KNN,F1OIL,G0WXI,PD3T",132,11:28:11,52.25378,0.8849,12823,0,0,7,-4.0,5.2
"$$SVC_PI_SKY,133,11:28:51,52.25222,0.89598,12995,0,0,7,-4.8,5.1*C3AE","M0UPU,G0MEK,PB0AHX,PD3T,F5APQ,G8KNN,F1OIL,G8FJG,G0WXI,G6GZH",133,11:28:51,52.25222,0.89598,12995,0,0,7,-4.8,5.1
"$$SVC_PI_SKY,134,11:29:31,52.25069,0.90518,13167,0,0,7,-5.5,5.1*F001","G8ZBJ,F5APQ,G0MEK,PB0AHX,G6GZH,M0UPU,G8KNN,F1OIL,G8FJG,G0WXI,PD3T",134,11:29:31,52.25069,0.90518,13167,0,0,7,-5.5,5.1
"$$SVC_PI_SKY,135,11:30:12,52.24978,0.91395,13342,0,0,7,-6.2,5.1*C236","G8ZBJ,G0MEK,PB0AHX,G6GZH,F5APQ,G8KNN,G8FJG,G0WXI,PD3T,M0UPU",135,11:30:12,52.24978,0.91395,13342,0,0,7,-6.2,5.1
"$$SVC_PI_SKY,136,11:30:52,52.24945,0.92335,13507,0,0,6,-6.9,5.0*64F6","G8ZBJ,F5APQ,G0MEK,G6GZH,M0UPU,G8KNN,G8FJG,PD3T",136,11:30:52,52.24945,0.92335,13507,0,0,6,-6.9,5.0
"$$SVC_PI_SKY,137,11:31:32,52.24890,0.93319,13673,0,0,7,-7.4,5.0*AE68","F5APQ,G0MEK,PB0AHX,G8ZBJ,G8KNN,F1OIL,G8FJG,PD3T,M0UPU",137,11:31:32,52.2489,0.93319,13673,0,0,7,-7.4,5.0
"$$SVC_PI_SKY,138,11:32:12,52.24815,0.94407,13837,0,0,7,-7.9,4.9*083F","G8ZBJ,G0MEK,PB0AHX,G6GZH,F5APQ,G8KNN,F1OIL,G8FJG,G0WXI,PD3T,M0UPU",138,11:32:12,52.24815,0.94407,13837,0,0,7,-7.9,4.9
"$$SVC_PI_SKY,139,11:32:52,52.24819,0.95401,14007,0,0,7,-8.4,4.7*8DE7","G8ZBJ,G0MEK,PB0AHX,G6GZH,F5APQ,G8KNN,F1OIL,G8FJG,G0WXI,PD3T,M0UPU",139,11:32:52,52.24819,0.95401,14007,0,0,7,-8.4,4.7
"$$SVC_PI_SKY,140,11:33:32,52.24782,0.96386,14175,0,0,7,-8.8,4.7*5058","G8ZBJ,F5APQ,G0MEK,PB0AHX,M0UPU,G8KNN,F1OIL,G8FJG,G0WXI,PD3T",140,11:33:32,52.24782,0.96386,14175,0,0,7,-8.8,4.7
"$$SVC_PI_SKY,141,11:34:12,52.24731,0.97365,14351,0,0,7,-9.1,4.7*4BA8","G8ZBJ,F5APQ,G0MEK,PB0AHX,PD3T,M0UPU,G8KNN,F1OIL,G8FJG,G0WXI,G6GZH",141,11:34:12,52.24731,0.97365,14351,0,0,7,-9.1,4.7
"$$SVC_PI_SKY,142,11:34:53,52.24672,0.98248,14532,0,0,6,-9.4,4.7*F865","G8ZBJ,F5APQ,G0MEK,PB0AHX,G6GZH,M0UPU,G8KNN,F1OIL,G8FJG,G0WXI,PD3T",142,11:34:53,52.24672,0.98248,14532,0,0,6,-9.4,4.7
"$$SVC_PI_SKY,143,11:35:33,52.24688,0.99066,14705,0,0,7,-9.8,4.7*EC19","G8ZBJ,F5APQ,G0MEK,PB0AHX,PD3T,M0UPU,G8KNN,G1DYQ,F1OIL,G8FJG,G0WXI,G6GZH",143,11:35:33,52.24688,0.99066,14705,0,0,7,-9.8,4.7
"$$SVC_PI_SKY,144,11:36:13,52.24701,0.99957,14879,0,0,7,-9.9,4.6*E260","F5APQ,G0MEK,PB0AHX,G8ZBJ,G8KNN,G1DYQ,F1OIL,G8FJG,G0WXI,PD3T,M0UPU",144,11:36:13,52.24701,0.99957,14879,0,0,7,-9.9,4.6
"$$SVC_PI_SKY,145,11:36:53,52.24725,1.00774,15060,0,0,7,-10.2,4.4*DF27","M0UPU,G0MEK,PB0AHX,G6GZH,F5APQ,G8KNN,F1OIL,G8FJG,G0WXI,PD3T",145,11:36:53,52.24725,1.00774,15060,0,0,7,-10.2,4.4
"$$SVC_PI_SKY,146,11:37:33,52.24726,1.01654,15237,0,0,7,-10.4,4.5*C609","G8ZBJ,G0MEK,PB0AHX,G6GZH,F5APQ,G8KNN,F1OIL,G8FJG,G0WXI,PD3T,M0UPU",146,11:37:33,52.24726,1.01654,15237,0,0,7,-10.4,4.5
"$$SVC_PI_SKY,147,11:38:14,52.24775,1.02507,15428,0,0,7,-10.6,4.5*B773","M0UPU,G0MEK,PB0AHX,G6GZH,F5APQ,G8KNN,F1OIL,G8FJG,G0WXI,PD3T",147,11:38:14,52.24775,1.02507,15428,0,0,7,-10.6,4.5
"$$SVC_PI_SKY,148,11:38:54,52.24777,1.03371,15613,0,0,7,-10.8,4.2*8EE6","M0UPU,G8ZBJ,G0MEK,PB0AHX,F5APQ,G8KNN,F1OIL,G8FJG,G0WXI,G6GZH",148,11:38:54,52.24777,1.03371,15613,0,0,7,-10.8,4.2
"$$SVC_PI_SKY,149,11:39:25,52.24758,1.04036,15760,0,0,6,-10.9,4.4*F525","F5APQ,G0MEK,G1DYQ,PB0AHX,PD3T,G8ZBJ,G8KNN,RevSpace,F1OIL,G8FJG,G0WXI,G6GZH,M0UPU",149,11:39:25,52.24758,1.04036,15760,0,0,6,-10.9,4.4
"$$SVC_PI_SKY,150,11:40:05,52.24819,1.04798,15946,0,0,7,-11.1,4.3*A1AD","F5APQ,G0MEK,PB0AHX,G8ZBJ,G8KNN,RevSpace,F1OIL,G8FJG,G0WXI,PD3T,M0UPU",150,11:40:05,52.24819,1.04798,15946,0,0,7,-11.1,4.3
"$$SVC_PI_SKY,151,11:40:46,52.24861,1.05421,16144,0,0,7,-11.3,4.4*6603","G0MEK,0x17,PB0AHX,F5APQ,G8KNN,RevSpace,F1OIL,G8FJG,G0WXI,PD3T",151,11:40:46,52.24861,1.05421,16144,0,0,7,-11.3,4.4
"$$SVC_PI_SKY,152,11:41:26,52.25016,1.05969,16332,0,0,6,-11.4,4.3*B445","M0UPU,G0MEK,PB0AHX,F5APQ,G8KNN,RevSpace,F1OIL,G8FJG,G0WXI,PD3T",152,11:41:26,52.25016,1.05969,16332,0,0,6,-11.4,4.3
"$$SVC_PI_SKY,153,11:42:06,52.25195,1.06605,16511,0,0,7,-11.6,4.0*B417","G8ZBJ,G0MEK,0x17,PB0AHX,G6GZH,F5APQ,G8KNN,RevSpace,F1OIL,G8FJG,G0WXI,PD3T,M0UPU",153,11:42:06,52.25195,1.06605,16511,0,0,7,-11.6,4.0
"$$SVC_PI_SKY,154,11:42:46,52.25333,1.07289,16692,0,0,7,-11.8,4.2*F144","G8ZBJ,G0MEK,0x17,PB0AHX,F5APQ,G8KNN,F1OIL,G8FJG,G0WXI,PD3T,M0UPU",154,11:42:46,52.25333,1.07289,16692,0,0,7,-11.8,4.2
"$$SVC_PI_SKY,156,11:44:34,52.25385,1.08711,17189,0,0,4,-12.0,4.2*5F64","F5APQ,G0MEK,0x17,PB0AHX,G0TDJ,G8ZBJ,G8KNN,G1DYQ,F1OIL,G8FJG,G0WXI,PD3T,M0UPU",156,11:44:34,52.25385,1.08711,17189,0,0,4,-12.0,4.2
"$$SVC_PI_SKY,157,11:45:14,52.25359,1.09026,17366,0,0,7,-12.1,4.2*6A94","F5APQ,G0MEK,0x17,PB0AHX,M0UPU,F1OIL,G8FJG,PD3T",157,11:45:14,52.25359,1.09026,17366,0,0,7,-12.1,4.2
"$$SVC_PI_SKY,158,11:45:54,52.25408,1.09249,17551,0,0,7,-12.2,4.1*6189","F5APQ,G0MEK,0x17,PB0AHX,G6GZH,G8ZBJ,F1OIL,G8KNN,G0TDJ,G8FJG,G0WXI,PD3T,M0UPU",158,11:45:54,52.25408,1.09249,17551,0,0,7,-12.2,4.1
"$$SVC_PI_SKY,159,11:46:34,52.25544,1.09513,17727,0,0,7,-12.2,4.1*DF16","G0TDJ,G0MEK,0x17,PB0AHX,G6GZH,F5APQ,G8KNN,RevSpace,F1OIL,G8FJG,G0WXI,PD3T,M0UPU",159,11:46:34,52.25544,1.09513,17727,0,0,7,-12.2,4.1
"$$SVC_PI_SKY,160,11:47:15,52.25627,1.09701,17909,0,0,7,-12.2,4.0*CE75","G0TDJ,G8ZBJ,G0MEK,0x17,PB0AHX,PD3T,F5APQ,G8KNN,G1DYQ,F1OIL,G8FJG,G0WXI,G6GZH,M0UPU",160,11:47:15,52.25627,1.09701,17909,0,0,7,-12.2,4.0
"$$SVC_PI_SKY,161,11:47:55,52.25729,1.09757,18092,0,0,7,-12.2,4.0*71AB","F5APQ,G0MEK,0x17,PB0AHX,G8ZBJ,G8KNN,G1DYQ,F1OIL,G8FJG,M0UPU",161,11:47:55,52.25729,1.09757,18092,0,0,7,-12.2,4.0
"$$SVC_PI_SKY,162,11:48:35,52.25812,1.09835,18272,0,0,7,-12.3,4.1*D8D9","M0UPU,G0MEK,0x17,PB0AHX,G6GZH,F5APQ,G8KNN,F1OIL,G8FJG,PD3T",162,11:48:35,52.25812,1.09835,18272,0,0,7,-12.3,4.1
"$$SVC_PI_SKY,163,11:49:15,52.25866,1.09974,18458,0,0,6,-12.3,3.9*7A36","G8ZBJ,G0MEK,0x17,PB0AHX,F5APQ,G8KNN,G0TDJ,G8FJG,G0WXI,G6GZH,M0UPU",163,11:49:15,52.25866,1.09974,18458,0,0,6,-12.3,3.9
"$$SVC_PI_SKY,164,11:49:55,52.25914,1.10121,18648,0,0,7,-12.2,3.9*0780","G0TDJ,G8ZBJ,G0MEK,0x17,PB0AHX,F5APQ,G8KNN,F1OIL,G8FJG,G0WXI,PD3T,M0UPU",164,11:49:55,52.25914,1.10121,18648,0,0,7,-12.2,3.9
"$$SVC_PI_SKY,165,11:50:36,52.26015,1.10179,18843,0,0,6,-12.2,4.0*164C","F5APQ,G0MEK,0x17,PB0AHX,G8ZBJ,G8KNN,G0TDJ,G8FJG,G0WXI,G6GZH,M0UPU",165,11:50:36,52.26015,1.10179,18843,0,0,6,-12.2,4.0
"$$SVC_PI_SKY,166,11:51:16,52.26120,1.10290,19029,0,0,7,-12.2,3.8*4CC0","g0nzo,G0MEK,0x17,PB0AHX,F5APQ,G8KNN,F1OIL,G8FJG,PD3T",166,11:51:16,52.2612,1.1029,19029,0,0,7,-12.2,3.8
"$$SVC_PI_SKY,167,11:51:56,52.26162,1.10336,19217,0,0,7,-12.2,3.9*DFAC","M0UPU,G0MEK,0x17,PB0AHX,G6GZH,F5APQ,F1OIL,G8FJG,PD3T",167,11:51:56,52.26162,1.10336,19217,0,0,7,-12.2,3.9
"$$SVC_PI_SKY,168,11:52:36,52.26206,1.10395,19412,0,0,7,-12.2,3.9*FC95","g0nzo,G8ZBJ,G0MEK,0x17,PB0AHX,PD3T,F5APQ,G8KNN,G1DYQ,G0TDJ,G8FJG,G0WXI,G6GZH,M0UPU",168,11:52:36,52.26206,1.10395,19412,0,0,7,-12.2,3.9
"$$SVC_PI_SKY,169,11:53:16,52.26307,1.10343,19611,0,0,7,-12.1,3.8*2788","F5APQ,G0MEK,0x17,PB0AHX,M0UPU,G8KNN,F1OIL,G8FJG,PD3T",169,11:53:16,52.26307,1.10343,19611,0,0,7,-12.1,3.8
"$$SVC_PI_SKY,170,11:53:57,52.26454,1.10315,19812,0,0,7,-12.1,3.9*D106","g0nzo,G8ZBJ,G0MEK,0x17,PB0AHX,PD3T,F5APQ,G8KNN,F1OIL,G8FJG,G6GZH,M0UPU",170,11:53:57,52.26454,1.10315,19812,0,0,7,-12.1,3.9
"$$SVC_PI_SKY,171,11:54:37,52.26504,1.10133,20014,0,0,7,-11.9,3.8*1FCD","M0UPU,G0MEK,0x17,PB0AHX,F5APQ,G8KNN,RevSpace,G8FJG,PD3T",171,11:54:37,52.26504,1.10133,20014,0,0,7,-11.9,3.8
"$$SVC_PI_SKY,172,11:55:17,52.26657,1.09838,20215,0,0,7,-11.9,3.3*9307","g0nzo,G0MEK,0x17,PB0AHX,F5APQ,G8KNN,F1OIL,G8FJG,G0WXI,PD3T,M0UPU",172,11:55:17,52.26657,1.09838,20215,0,0,7,-11.9,3.3
"$$SVC_PI_SKY,173,11:55:57,52.26893,1.09782,20414,0,0,7,-11.8,3.8*51C5","g0nzo,G8ZBJ,G0MEK,0x17,ASTRA_J,PB0AHX,F5APQ,G8KNN,F1OIL,G8FJG,PD3T,M0UPU",173,11:55:57,52.26893,1.09782,20414,0,0,7,-11.8,3.8
"$$SVC_PI_SKY,174,11:56:37,52.27003,1.09751,20610,0,0,7,-11.6,3.8*8346","g0nzo,G8ZBJ,G0MEK,0x17,ASTRA_J,PB0AHX,F5APQ,G8KNN,F1OIL,G8FJG,G0WXI,PD3T,ASTRA,M0UPU",174,11:56:37,52.27003,1.09751,20610,0,0,7,-11.6,3.8
"$$SVC_PI_SKY,175,11:57:18,52.27038,1.09607,20797,0,0,6,-11.6,3.6*4515","g0nzo,F5APQ,ASTRA_J,0x17,G0MEK,PB0AHX,G8ZBJ,G8KNN,RevSpace,F1OIL,G8FJG,G0WXI,ASTRA,M0UPU",175,11:57:18,52.27038,1.09607,20797,0,0,6,-11.6,3.6
"$$SVC_PI_SKY,176,11:57:58,52.27053,1.09344,20998,0,0,6,-11.4,3.8*31E0","g0nzo,G0MEK,0x17,ASTRA_J,PB0AHX,F5APQ,G8KNN,F1OIL,G8FJG,G0WXI,ASTRA,M0UPU",176,11:57:58,52.27053,1.09344,20998,0,0,6,-11.4,3.8
"$$SVC_PI_SKY,177,11:58:38,52.27170,1.08974,21205,0,0,5,-11.2,3.8*3631","F5APQ,ASTRA_J,0x17,PB0AHX,G8ZBJ,G8KNN,F1OIL,G8FJG,PD3T,ASTRA,M0UPU",177,11:58:38,52.2717,1.08974,21205,0,0,5,-11.2,3.8
"$$SVC_PI_SKY,178,11:59:18,52.27346,1.08820,21421,0,0,6,-11.1,3.7*6AFC","g0nzo,G8FJG,G0MEK,0x17,ASTRA_J,PB0AHX,F5APQ,G8KNN,G1DYQ,G8ZBJ,G0WXI,G6GZH,ASTRA,M0UPU",178,11:59:18,52.27346,1.0882,21421,0,0,6,-11.1,3.7
"$$SVC_PI_SKY,179,11:59:59,52.27475,1.08576,21645,0,0,6,-10.9,3.7*BC95","G8ZBJ,ASTRA_J,0x17,G0MEK,PB0AHX,F5APQ,G8KNN,G8FJG,PD3T,M0UPU",179,11:59:59,52.27475,1.08576,21645,0,0,6,-10.9,3.7
"$$SVC_PI_SKY,180,12:00:39,52.27637,1.08525,21861,0,0,6,-10.8,3.7*002E","G8ZBJ,G0MEK,0x17,ASTRA_J,PB0AHX,G0TDJ,F5APQ,G8KNN,F1OIL,G8FJG,G0WXI,ASTRA,M0UPU",180,12:00:39,52.27637,1.08525,21861,0,0,6,-10.8,3.7
"$$SVC_PI_SKY,181,12:01:19,52.27661,1.08533,22076,0,0,5,-10.6,3.7*0CF5","g0nzo,G8FJG,G0MEK,0x17,ASTRA_J,PB0AHX,F5APQ,F1OIL,G8KNN,G1DYQ,G0TDJ,G8ZBJ,G0WXI,G6GZH,ASTRA,M0UPU",181,12:01:19,52.27661,1.08533,22076,0,0,5,-10.6,3.7
"$$SVC_PI_SKY,182,12:01:59,52.27753,1.08399,22288,0,0,6,-10.4,3.6*8FF5","g0nzo,F5APQ,ASTRA_J,0x17,G0MEK,G8ZBJ,G8KNN,G8FJG,G0WXI,ASTRA,M0UPU",182,12:01:59,52.27753,1.08399,22288,0,0,6,-10.4,3.6
"$$SVC_PI_SKY,184,12:03:19,52.27687,1.08026,22699,0,0,6,-10.1,3.8*13B1","g0nzo,ASTRA_J,0x17,PB0AHX,F5APQ,G8KNN,G8FJG,F1OIL,G8ZBJ,G0WXI,PD3T,ASTRA,M0UPU",184,12:03:19,52.27687,1.08026,22699,0,0,6,-10.1,3.8
"$$SVC_PI_SKY,183,12:02:39,52.27772,1.08303,22490,0,0,6,-10.3,3.6*AA6B","g0nzo,G8ZBJ,G0MEK,0x17,ASTRA_J,PB0AHX,G6GZH,F5APQ,G8KNN,G1DYQ,G8FJG,G0WXI,PD3T,ASTRA,M0UPU",183,12:02:39,52.27772,1.08303,22490,0,0,6,-10.3,3.6
"$$SVC_PI_SKY,185,12:04:00,52.27730,1.07560,22918,0,0,6,-9.9,3.5*0BC9","g0nzo,G8ZBJ,ASTRA_J,0x17,G0MEK,PB0AHX,F5APQ,G8KNN,F1OIL,G8FJG,G0WXI,PD3T,ASTRA,M0UPU",185,12:04:00,52.2773,1.0756,22918,0,0,6,-9.9,3.5
"$$SVC_PI_SKY,186,12:04:31,52.27747,1.07302,23091,0,0,6,-9.8,3.8*39E0","F5APQ,G0MEK,ASTRA_J,PB0AHX,G8ZBJ,g0nzo,G8KNN,G8FJG,G0WXI,ASTRA,M0UPU",186,12:04:31,52.27747,1.07302,23091,0,0,6,-9.8,3.8
"$$SVC_PI_SKY,187,12:05:11,52.27743,1.07007,23304,0,0,6,-9.6,3.6*FE4B","G8ZBJ,g0nzo,0x17,G0MEK,PB0AHX,F5APQ,G8KNN,RevSpace,F1OIL,G8FJG,G0WXI,PD3T,ASTRA,M0UPU",187,12:05:11,52.27743,1.07007,23304,0,0,6,-9.6,3.6
"$$SVC_PI_SKY,188,12:05:51,52.27741,1.06551,23530,0,0,5,-9.4,3.6*829C","g0nzo,F5APQ,ASTRA_J,0x17,PB0AHX,G8ZBJ,F1OIL,G8FJG,G0WXI,ASTRA,M0UPU",188,12:05:51,52.27741,1.06551,23530,0,0,5,-9.4,3.6
"$$SVC_PI_SKY,189,12:06:31,52.27884,1.06032,23743,0,0,6,-9.1,3.6*EF3F","F5APQ,ASTRA_J,0x17,G0MEK,PB0AHX,G8ZBJ,g0nzo,G8KNN,G1DYQ,F1OIL,G8FJG,G0WXI,ASTRA,M0UPU",189,12:06:31,52.27884,1.06032,23743,0,0,6,-9.1,3.6
"$$SVC_PI_SKY,190,12:07:12,52.28140,1.05663,23962,0,0,6,-8.9,3.6*CC4F","G8ZBJ,F5APQ,ASTRA_J,0x17,G0MEK,PB0AHX,G0TDJ,G8KNN,F1OIL,G8FJG,G0WXI,ASTRA,M0UPU",190,12:07:12,52.2814,1.05663,23962,0,0,6,-8.9,3.6
"$$SVC_PI_SKY,191,12:07:52,52.28289,1.05475,24173,0,0,5,-8.7,2.9*93A8","g0nzo,ASTRA_J,0x17,G0MEK,F5APQ,F1OIL,G8KNN,G0TDJ,G8ZBJ,G0WXI,PD3T,ASTRA,M0UPU",191,12:07:52,52.28289,1.05475,24173,0,0,5,-8.7,2.9
"$$SVC_PI_SKY,192,12:08:32,52.28378,1.05255,24401,0,0,6,-8.4,3.6*F5B3","g0nzo,ASTRA_J,0x17,G0MEK,PB0AHX,F5APQ,G8KNN,G8FJG,G8ZBJ,G0WXI,G6GZH,ASTRA,M0UPU",192,12:08:32,52.28378,1.05255,24401,0,0,6,-8.4,3.6
"$$SVC_PI_SKY,193,12:09:12,52.28526,1.04988,24625,0,0,6,-8.1,3.6*90A5","g0nzo,F5APQ,ASTRA_J,0x17,G0MEK,PB0AHX,G8ZBJ,G8KNN,RevSpace,F1OIL,G8FJG,G0WXI,PD3T,M0UPU",193,12:09:12,52.28526,1.04988,24625,0,0,6,-8.1,3.6
"$$SVC_PI_SKY,194,12:09:52,52.28547,1.04617,24852,0,0,5,-7.8,3.4*F411","g0nzo,F5APQ,0x17,PB0AHX,G8ZBJ,G8KNN,F1OIL,G8FJG,G0WXI,ASTRA,M0UPU",194,12:09:52,52.28547,1.04617,24852,0,0,5,-7.8,3.4
"$$SVC_PI_SKY,195,12:10:32,52.28527,1.04231,25094,0,0,6,-7.5,3.6*46B7","G8ZBJ,G8NWC,G0MEK,PB0AHX,F5APQ,G8KNN,G8FJG,ASTRA,M0UPU",195,12:10:32,52.28527,1.04231,25094,0,0,6,-7.5,3.6
"$$SVC_PI_SKY,196,12:11:12,52.28547,1.03668,25323,0,0,6,-7.2,3.6*09C9","g0nzo,G0MEK,0x17,ASTRA_J,PB0AHX,F5APQ,F1OIL,G8KNN,G8FJG,G0TDJ,G8ZBJ,G0WXI,ASTRA,M0UPU",196,12:11:12,52.28547,1.03668,25323,0,0,6,-7.2,3.6
"$$SVC_PI_SKY,197,12:11:53,52.28634,1.03112,25562,0,0,5,-6.9,3.4*2077","F5APQ,G0MEK,0x17,PB0AHX,G8ZBJ,G8KNN,G8FJG,G0WXI,M0UPU",197,12:11:53,52.28634,1.03112,25562,0,0,5,-6.9,3.4
"$$SVC_PI_SKY,198,12:12:33,52.28674,1.02641,25795,0,0,6,-6.6,3.6*B990","g0nzo,F5APQ,ASTRA_J,0x17,PB0AHX,G0TDJ,G8ZBJ,G8KNN,F1OIL,G8FJG,G0WXI,PD3T,ASTRA,M0UPU",198,12:12:33,52.28674,1.02641,25795,0,0,6,-6.6,3.6
"$$SVC_PI_SKY,199,12:13:13,52.28695,1.02091,26022,0,0,6,-6.3,3.7*50B0","g0nzo,G0MEK,0x17,ASTRA_J,PB0AHX,F5APQ,G8KNN,G8FJG,G0TDJ,G8ZBJ,G0WXI,ASTRA,M0UPU",199,12:13:13,52.28695,1.02091,26022,0,0,6,-6.3,3.7
"$$SVC_PI_SKY,200,12:13:53,52.28727,1.01840,26251,0,0,6,-6.0,3.6*B98B","g0nzo,F5APQ,G8ZBJ,ASTRA_J,0x17,G0MEK,PB0AHX,G0TDJ,F1OIL,G8FJG,G0WXI,PD3T,M0UPU",200,12:13:53,52.28727,1.0184,26251,0,0,6,-6.0,3.6
"$$SVC_PI_SKY,201,12:14:33,52.28603,1.01527,26473,0,0,6,-5.8,3.6*B220","g0nzo,G8ZBJ,G0MEK,0x17,ASTRA_J,PB0AHX,F5APQ,G8KNN,G1DYQ,G8FJG,G0WXI,ASTRA,M0UPU",201,12:14:33,52.28603,1.01527,26473,0,0,6,-5.8,3.6
"$$SVC_PI_SKY,202,12:15:13,52.28480,1.00774,26693,0,0,6,-5.4,3.6*EC11","F5APQ,G0MEK,0x17,PB0AHX,G8ZBJ,G8KNN,F1OIL,G8FJG,PD3T,ASTRA,M0UPU",202,12:15:13,52.2848,1.00774,26693,0,0,6,-5.4,3.6
"$$SVC_PI_SKY,203,12:15:54,52.28519,1.00086,26908,0,0,6,-5.1,3.6*FB54","g0nzo,G8ZBJ,G0MEK,0x17,ASTRA_J,PB0AHX,F5APQ,G8KNN,F1OIL,G8FJG,G0WXI,ASTRA,M0UPU",203,12:15:54,52.28519,1.00086,26908,0,0,6,-5.1,3.6
"$$SVC_PI_SKY,204,12:16:34,52.28516,0.99845,27132,0,0,6,-4.8,3.6*0A14","g0nzo,ASTRA_J,0x17,PB0AHX,F5APQ,G8KNN,F1OIL,G8FJG,PD3T,ASTRA,M0UPU",204,12:16:34,52.28516,0.99845,27132,0,0,6,-4.8,3.6
"$$SVC_PI_SKY,205,12:17:14,52.28390,0.99610,27366,0,0,6,-4.4,3.6*B208","F5APQ,G0MEK,0x17,ASTRA_J,PB0AHX,G6GZH,G0TDJ,g0nzo,F1OIL,G8FJG,G0WXI,PD3T,ASTRA,M0UPU",205,12:17:14,52.2839,0.9961,27366,0,0,6,-4.4,3.6
"$$SVC_PI_SKY,206,12:17:54,52.28188,0.99116,27592,0,0,6,-4.0,3.7*76F3","M0UPU,G0MEK,0x17,PB0AHX,F5APQ,G8KNN,G0WXI,ASTRA",206,12:17:54,52.28188,0.99116,27592,0,0,6,-4.0,3.7
"$$SVC_PI_SKY,207,12:18:34,52.28070,0.98509,27817,0,0,6,-3.6,3.6*6EA5","g0nzo,G0MEK,0x17,ASTRA_J,PB0AHX,F5APQ,G8KNN,RevSpace,F1OIL,G8FJG,PD3T,ASTRA,M0UPU",207,12:18:34,52.2807,0.98509,27817,0,0,6,-3.6,3.6
"$$SVC_PI_SKY,208,12:19:14,52.27934,0.98010,28049,0,0,6,-3.2,3.6*2BCB","g0nzo,G8NWC,G0MEK,0x17,ASTRA_J,PB0AHX,F5APQ,G8KNN,F1OIL,G8FJG,G0WXI,PD3T,ASTRA,M0UPU",208,12:19:14,52.27934,0.9801,28049,0,0,6,-3.2,3.6
"$$SVC_PI_SKY,209,12:19:54,52.27835,0.97212,28282,0,0,6,-2.9,3.7*E255","g0nzo,ASTRA_J,0x17,PB0AHX,F5APQ,G8KNN,F1OIL,G0WXI,PD3T,ASTRA,M0UPU",209,12:19:54,52.27835,0.97212,28282,0,0,6,-2.9,3.7
"$$SVC_PI_SKY,210,12:20:35,52.27722,0.96374,28524,0,0,6,-2.4,3.5*CE36","g0nzo,G0MEK,0x17,ASTRA_J,PB0AHX,F5APQ,G8KNN,F1OIL,G0WXI,ASTRA,M0UPU",210,12:20:35,52.27722,0.96374,28524,0,0,6,-2.4,3.5
"$$SVC_PI_SKY,211,12:21:15,52.27829,0.95490,28759,0,0,6,-2.0,3.6*B07A","g0nzo,ASTRA_J,0x17,PB0AHX,F5APQ,M0DTS,G8KNN,F1OIL,ASTRA,M0UPU",211,12:21:15,52.27829,0.9549,28759,0,0,6,-2,3.6
"$$SVC_PI_SKY,212,12:21:55,52.28028,0.94584,29001,0,0,6,-1.5,3.7*7ED9","g0nzo,ASTRA_J,0x17,PB0AHX,F5APQ,G8KNN,PD3T,ASTRA,M0UPU",212,12:21:55,52.28028,0.94584,29001,0,0,6,-1.5,3.7
"$$SVC_PI_SKY,213,12:22:35,52.28257,0.93823,29255,0,0,6,-1.1,3.6*25A0","g0nzo,G0MEK,0x17,ASTRA_J,F5APQ,G8KNN,F1OIL,G8FJG,G0WXI,PD3T,ASTRA,M0UPU",213,12:22:35,52.28257,0.93823,29255,0,0,6,-1.1,3.6
"$$SVC_PI_SKY,215,12:23:55,52.28775,0.92619,29725,0,0,6,-0.2,3.7*89FC","g0nzo,ASTRA_J,0x17,PB0AHX,F5APQ,G8KNN,F1OIL,G8FJG,G0WXI,PD3T,ASTRA,M0UPU",215,12:23:55,52.28775,0.92619,29725,0,0,6,-0.2,3.7
"$$SVC_PI_SKY,214,12:23:15,52.28500,0.93191,29489,0,0,6,-0.6,3.8*2580","g0nzo,G8NWC,G0MEK,0x17,PB0AHX,F5APQ,G8KNN,G0TDJ,G8FJG,G0WXI,PD3T,M0UPU",214,12:23:15,52.285,0.93191,29489,0,0,6,-0.6,3.8
"$$SVC_PI_SKY,216,12:24:35,52.28942,0.92109,29963,0,0,6,0.2,3.5*3626","g0nzo,ASTRA_J,0x17,PB0AHX,F5APQ,G8KNN,F1OIL,PD3T,ASTRA,M0UPU",216,12:24:35,52.28942,0.92109,29963,0,0,6,0.2,3.5
"$$SVC_PI_SKY,217,12:25:16,52.29071,0.91496,30213,0,0,6,0.8,3.7*E5FF","g0nzo,ASTRA_J,0x17,PB0AHX,F5APQ,G8KNN,F1OIL,G8FJG,G0WXI,PD3T,ASTRA,M0UPU",217,12:25:16,52.29071,0.91496,30213,0,0,6,0.8,3.7
"$$SVC_PI_SKY,218,12:25:56,52.29134,0.90959,30456,0,0,6,1.2,3.8*B1FF","g0nzo,ASTRA_J,0x17,F5APQ,F1OIL,G8FJG,G0WXI,PD3T,ASTRA,M0UPU",218,12:25:56,52.29134,0.90959,30456,0,0,6,1.2,3.8
"$$SVC_PI_SKY,219,12:26:36,52.29282,0.90269,30449,0,0,6,1.6,3.4*1F47","g0nzo,ASTRA_J,0x17,G0MEK,PB0AHX,G0TDJ,F5APQ,G8KNN,F1OIL,G8FJG,G0WXI,PD3T,M0UPU",219,12:26:36,52.29282,0.90269,30449,0,0,6,1.6,3.4
"$$SVC_PI_SKY,220,12:27:16,52.29477,0.89675,28928,0,0,6,2.0,3.8*BDB8","M0UPU,G8NWC,ASTRA_J,0x17,PB0AHX,F5APQ,F1OIL,G8FJG,G0WXI,PD3T,ASTRA",220,12:27:16,52.29477,0.89675,28928,0,0,6,2.0,3.8
"$$SVC_PI_SKY,221,12:27:56,52.29465,0.88870,27554,0,0,6,2.4,3.8*5922","g0nzo,G8ZBJ,G0MEK,0x17,ASTRA_J,PB0AHX,F5APQ,G8KNN,F1OIL,G8FJG,PD3T,M0UPU",221,12:27:56,52.29465,0.8887,27554,0,0,6,2.4,3.8
"$$SVC_PI_SKY,222,12:28:36,52.29366,0.88314,26310,0,0,6,2.5,3.6*B0E6","F5APQ,G0MEK,0x17,ASTRA_J,PB0AHX,G8ZBJ,g0nzo,G8KNN,RevSpace,F1OIL,G8FJG,G0WXI,M0UPU",222,12:28:36,52.29366,0.88314,26310,0,0,6,2.5,3.6
"$$SVC_PI_SKY,223,12:29:16,52.29404,0.87856,25185,0,0,6,2.6,3.8*F17C","G8ZBJ,ASTRA_J,0x17,PB0AHX,F5APQ,G8KNN,RevSpace,F1OIL,G8FJG,ASTRA,M0UPU",223,12:29:16,52.29404,0.87856,25185,0,0,6,2.6,3.8
"$$SVC_PI_SKY,225,12:30:37,52.29513,0.87198,23123,0,0,6,2.1,3.9*2FA9","M0UPU,ASTRA_J,0x17,G0MEK,F5APQ,G8KNN,F1OIL,G8FJG,G0WXI,PD3T,ASTRA",225,12:30:37,52.29513,0.87198,23123,0,0,6,2.1,3.9
"$$SVC_PI_SKY,224,12:29:56,52.29416,0.87524,24121,0,0,6,2.4,3.8*FFFF","M0UPU,G8ZBJ,0x17,PB0AHX,F5APQ,G8KNN,F1OIL,G8FJG,G0WXI",224,12:29:56,52.29416,0.87524,24121,0,0,6,2.4,3.8
"$$SVC_PI_SKY,226,12:31:08,52.29512,0.86915,22427,0,0,6,1.8,3.9*C55D","F5APQ,ASTRA_J,0x17,PB0AHX,M0UPU,G8KNN,F1OIL,G8FJG,G0WXI,PD3T,ASTRA",226,12:31:08,52.29512,0.86915,22427,0,0,6,1.8,3.9
"$$SVC_PI_SKY,227,12:31:48,52.29567,0.86836,21582,0,0,7,1.2,4.1*A3F0","F5APQ,ASTRA_J,0x17,PB0AHX,M0UPU,G8KNN,F1OIL,G8FJG,G0WXI,ASTRA",227,12:31:48,52.29567,0.86836,21582,0,0,7,1.2,4.1
"$$SVC_PI_SKY,226,12:31:08,52.29512,0.86915,22427,0,0,6,1.8,3.9*c55D",G0MEK,226,12:31:08,52.29512,0.86915,22427,0,0,6,1.8,3.9
"$$SVC_PI_SKY,228,12:32:28,52.29689,0.86585,20784,0,0,7,0.6,3.9*A7BA","g0nzo,G8ZBJ,G0MEK,0x17,ASTRA_J,PB0AHX,F5APQ,G8KNN,F1OIL,G8FJG,G0WXI,G6GZH,ASTRA,M0UPU",228,12:32:28,52.29689,0.86585,20784,0,0,7,0.6,3.9
"$$SVC_PI_SKY,229,12:33:08,52.29847,0.86474,20037,0,0,6,-0.2,3.9*0DE8","G8ZBJ,ASTRA_J,0x17,G0MEK,PB0AHX,F5APQ,G8KNN,G8FJG,G0WXI,ASTRA,M0UPU",229,12:33:08,52.29847,0.86474,20037,0,0,6,-0.2,3.9
"$$SVC_PI_SKY,230,12:33:48,52.29953,0.86419,19329,0,0,7,-1.1,3.8*26CE","F5APQ,G0MEK,0x17,ASTRA_J,PB0AHX,M0UPU,G8KNN,F1OIL,G8FJG,G0WXI,PD3T,ASTRA",230,12:33:48,52.29953,0.86419,19329,0,0,7,-1.1,3.8
"$$SVC_PI_SKY,231,12:34:29,52.30021,0.86502,18644,0,0,7,-2.1,3.8*3EB8","F5APQ,G0MEK,0x17,ASTRA_J,PB0AHX,M0UPU,G8KNN,F1OIL,G8FJG,G0WXI,PD3T,ASTRA",231,12:34:29,52.30021,0.86502,18644,0,0,7,-2.1,3.8
"$$SVC_PI_SKY,232,12:35:09,52.30129,0.86609,18004,0,0,8,-3.1,3.8*17CC","G8ZBJ,G8NWC,F5APQ,G0MEK,0x17,ASTRA_J,PB0AHX,G0TDJ,G8KNN,F1OIL,G8FJG,G0WXI,G6GZH,ASTRA,M0UPU",232,12:35:09,52.30129,0.86609,18004,0,0,8,-3.1,3.8
"$$SVC_PI_SKY,233,12:35:49,52.30222,0.86818,17391,0,0,8,-4.1,3.8*D13E","F5APQ,ASTRA_J,0x17,PB0AHX,M0UPU,G8KNN,F1OIL,G8FJG,PD3T,ASTRA",233,12:35:49,52.30222,0.86818,17391,0,0,8,-4.1,3.8
"$$SVC_PI_SKY,234,12:36:29,52.30220,0.87129,16809,0,0,7,-5.4,3.8*1792","F5APQ,G0MEK,0x17,ASTRA_J,PB0AHX,G0TDJ,G8KNN,RevSpace,F1OIL,G8FJG,G0WXI,PD3T,ASTRA,M0UPU",234,12:36:29,52.3022,0.87129,16809,0,0,7,-5.4,3.8
"$$SVC_PI_SKY,235,12:37:09,52.30341,0.87768,16254,0,0,8,-6.6,3.8*485F","F5APQ,G8NWC,G0MEK,0x17,ASTRA_J,PB0AHX,M0UPU,G8KNN,F1OIL,G0WXI,PD3T,ASTRA",235,12:37:09,52.30341,0.87768,16254,0,0,8,-6.6,3.8
"$$SVC_PI_SKY,236,12:37:49,52.30410,0.88333,15709,0,0,7,-7.9,3.8*6F25","F5APQ,ASTRA_J,PB0AHX,G0TDJ,G8KNN,F1OIL,G8FJG,PD3T,ASTRA,M0UPU",236,12:37:49,52.3041,0.88333,15709,0,0,7,-7.9,3.8
"$$SVC_PI_SKY,237,12:38:29,52.30372,0.89150,15185,0,0,8,-9.2,3.7*C068","G0MEK,PB0AHX,F5APQ,G8KNN,F1OIL,G8FJG,G0WXI,PD3T,ASTRA",237,12:38:29,52.30372,0.8915,15185,0,0,8,-9.2,3.7
"$$SVC_PI_SKY,238,12:39:10,52.30404,0.90103,14673,0,0,8,-10.5,3.8*8F2E","F5APQ,G8NWC,G0MEK,ASTRA_J,PB0AHX,PD3T,M0UPU,G8KNN,F1OIL,G8FJG,G0WXI,G6GZH,ASTRA",238,12:39:10,52.30404,0.90103,14673,0,0,8,-10.5,3.8
"$$SVC_PI_SKY,239,12:39:50,52.30371,0.91025,14199,0,0,6,-11.8,3.8*062A","G8NWC,G0MEK,ASTRA_J,PB0AHX,F5APQ,G8KNN,F1OIL,G0WXI,ASTRA",239,12:39:50,52.30371,0.91025,14199,0,0,6,-11.8,3.8
"$$SVC_PI_SKY,240,12:40:30,52.30393,0.92179,13754,0,0,8,-13.2,3.6*CE5F","G8NWC,ASTRA_J,PB0AHX,PD3T,F5APQ,G8KNN,F1OIL,G8FJG,G0WXI,G6GZH",240,12:40:30,52.30393,0.92179,13754,0,0,8,-13.2,3.6
"$$SVC_PI_SKY,242,12:41:51,52.30362,0.94085,12862,0,0,8,-15.8,3.7*5F82","F5APQ,G8NWC,G0MEK,ASTRA_J,PB0AHX,M0UPU,G8KNN,F1OIL,G8FJG,PD3T,ASTRA",242,12:41:51,52.30362,0.94085,12862,0,0,8,-15.8,3.7
"$$SVC_PI_SKY,241,12:41:10,52.30442,0.93124,13313,0,0,8,-14.6,3.7*5525","M0UPU,G8NWC,G0MEK,ASTRA_J,PB0AHX,PD3T,F5APQ,G8FJG,G6GZH,ASTRA",241,12:41:10,52.30442,0.93124,13313,0,0,8,-14.6,3.7
"$$SVC_PI_SKY,243,12:42:31,52.30256,0.95191,12435,0,0,8,-16.9,3.3*433E","F5APQ,G8NWC,ASTRA_J,G0MEK,PB0AHX,PD3T,M0UPU,F1OIL,G8KNN,G0TDJ,G8FJG,G0WXI,G6GZH,ASTRA",243,12:42:31,52.30256,0.95191,12435,0,0,8,-16.9,3.3
"$$SVC_PI_SKY,244,12:43:11,52.30039,0.96183,12027,0,0,8,-18.1,3.6*CD2B","M0UPU,G8NWC,G0MEK,PB0AHX,F5APQ,G8KNN,F1OIL,G8FJG,G0WXI,G6GZH",244,12:43:11,52.30039,0.96183,12027,0,0,8,-18.1,3.6
"$$SVC_PI_SKY,245,12:43:51,52.29859,0.97362,11629,0,0,8,-19.4,3.6*9C6E","F5APQ,G8NWC,G0MEK,PB0AHX,PD3T,M0UPU,G8KNN,F1OIL,G8FJG,G6GZH,ASTRA",245,12:43:51,52.29859,0.97362,11629,0,0,8,-19.4,3.6
"$$SVC_PI_SKY,246,12:44:31,52.29619,0.98245,11242,0,0,8,-20.7,3.6*1E4C","F5APQ,G8NWC,G0MEK,PB0AHX,M0UPU,G8KNN,F1OIL,G8FJG,G6GZH",246,12:44:31,52.29619,0.98245,11242,0,0,8,-20.7,3.6
"$$SVC_PI_SKY,247,12:45:12,52.29501,0.99169,10851,0,0,8,-21.9,3.4*6AC2","G8NWC,PB0AHX,F5APQ,G8KNN,F1OIL,G8FJG,G0WXI,G6GZH,ASTRA",247,12:45:12,52.29501,0.99169,10851,0,0,8,-21.9,3.4
"$$SVC_PI_SKY,248,12:45:52,52.29369,0.99940,10486,0,0,9,-23.1,3.4*052D","F5APQ,G8NWC,2E0NRD,G0MEK,ASTRA_J,PB0AHX,M0UPU,G8KNN,G8FJG,G0WXI,G6GZH,ASTRA",248,12:45:52,52.29369,0.9994,10486,0,0,9,-23.1,3.4
"$$SVC_PI_SKY,249,12:46:32,52.29269,1.00732,10137,0,0,9,-24.1,3.5*48AA","F5APQ,G8NWC,2E0NRD,G0MEK,ASTRA_J,PB0AHX,G6GZH,M0UPU,G8KNN,RevSpace,G8FJG,PD3T,ASTRA",249,12:46:32,52.29269,1.00732,10137,0,0,9,-24.1,3.5
"$$SVC_PI_SKY,250,12:47:12,52.29168,1.01578,09786,0,0,8,-24.9,2.8*12E8","G8NWC,2E0NRD,G0MEK,ASTRA_J,PB0AHX,G6GZH,F5APQ,G8KNN,F1OIL,G8FJG,G0WXI,PD3T",250,12:47:12,52.29168,1.01578,9786,0,0,8,-24.9,2.8
"$$SVC_PI_SKY,251,12:47:53,52.29023,1.02332,09443,0,0,9,-25.4,3.4*39EF","G8NWC,G0MEK,ASTRA_J,PB0AHX,PD3T,F5APQ,G8KNN,F1OIL,G8FJG,G6GZH,ASTRA",251,12:47:53,52.29023,1.02332,9443,0,0,9,-25.4,3.4
"$$SVC_PI_SKY,252,12:48:33,52.28828,1.03075,09110,0,0,9,-25.8,3.3*E5EF","G8NWC,2E0NRD,G0MEK,PB0AHX,F5APQ,G8KNN,F1OIL,G8FJG,G6GZH",252,12:48:33,52.28828,1.03075,9110,0,0,9,-25.8,3.3
"$$SVC_PI_SKY,253,12:49:13,52.28699,1.03841,08786,0,0,7,-25.9,3.0*45BD","G8NWC,2E0NRD,ASTRA_J,G0MEK,F5APQ,G8KNN,F1OIL,G8FJG,G0WXI,G6GZH",253,12:49:13,52.28699,1.03841,8786,0,0,7,-25.9,3
"$$SVC_PI_SKY,254,12:49:53,52.28625,1.04726,08470,0,0,9,-25.9,3.2*E7ED","G8NWC,2E0NRD,G0MEK,PB0AHX,F5APQ,G8KNN,F1OIL,G8FJG,G0WXI,G6GZH",254,12:49:53,52.28625,1.04726,8470,0,0,9,-25.9,3.2
"$$SVC_PI_SKY,255,12:50:33,52.28566,1.05595,08160,0,0,9,-25.7,3.3*0049","F5APQ,G8NWC,2E0NRD,G0MEK,PB0AHX,G6GZH,M0UPU,G8KNN,G8FJG,G0WXI,PD3T",255,12:50:33,52.28566,1.05595,8160,0,0,9,-25.7,3.3
"$$SVC_PI_SKY,256,12:51:13,52.28596,1.06501,07857,0,0,9,-25.2,3.2*6DB0","G8NWC,2E0NRD,ASTRA_J,G0MEK,PB0AHX,G6GZH,F5APQ,G8KNN,F1OIL,G8FJG,G0WXI,PD3T",256,12:51:13,52.28596,1.06501,7857,0,0,9,-25.2,3.2
"$$SVC_PI_SKY,257,12:51:54,52.28588,1.07381,07553,0,0,9,-24.7,3.1*A115","M0UPU,G8NWC,2E0NRD,G0MEK,ASTRA_J,PB0AHX,F5APQ,G8KNN,F1OIL,G8FJG,G0WXI,G6GZH,ASTRA",257,12:51:54,52.28588,1.07381,7553,0,0,9,-24.7,3.1
"$$SVC_PI_SKY,258,12:52:34,52.28585,1.08240,07258,0,0,9,-23.9,3.1*EAD7","G8NWC,ASTRA_J,G0MEK,PB0AHX,G6GZH,F5APQ,G8KNN,F1OIL,G8FJG,G0WXI,PD3T,ASTRA",258,12:52:34,52.28585,1.0824,7258,0,0,9,-23.9,3.1
"$$SVC_PI_SKY,259,12:53:14,52.28526,1.09036,06968,0,0,8,-23.1,3.1*67FC","M0UPU,G8NWC,2E0NRD,G0MEK,PB0AHX,PD3T,F5APQ,G8KNN,F1OIL,G8FJG,G6GZH",259,12:53:14,52.28526,1.09036,6968,0,0,8,-23.1,3.1
"$$SVC_PI_SKY,260,12:53:54,52.28508,1.09767,06676,0,0,8,-22.1,3.0*52B5","G8NWC,G0MEK,PB0AHX,F5APQ,G8KNN,F1OIL,G8FJG,PD3T",260,12:53:54,52.28508,1.09767,6676,0,0,8,-22.1,3.0
"$$SVC_PI_SKY,262,12:55:15,52.28477,1.11235,06094,0,0,4,-19.8,3.1*7A6E","G8NWC,2E0NRD,G0MEK,ASTRA_J,F5APQ,G8KNN,F1OIL,G8FJG,G6GZH,ASTRA",262,12:55:15,52.28477,1.11235,6094,0,0,4,-19.8,3.1
"$$SVC_PI_SKY,261,12:54:35,52.28518,1.10547,06383,0,0,8,-21.0,3.0*2640","M0UPU,G8NWC,2E0NRD,ASTRA_J,G0MEK,PB0AHX,F5APQ,G8KNN,F1OIL,G8FJG,G0WXI,G6GZH,ASTRA",261,12:54:35,52.28518,1.10547,6383,0,0,8,-21,3
"$$SVC_PI_SKY,263,12:55:55,52.28502,1.11825,05810,0,0,8,-18.6,3.0*D88C","F5APQ,G8NWC,2E0NRD,ASTRA_J,G0MEK,PB0AHX,M0UPU,G8KNN,F1OIL,G8FJG,G6GZH,ASTRA",263,12:55:55,52.28502,1.11825,5810,0,0,8,-18.6,3.0
"$$SVC_PI_SKY,264,12:56:35,52.28537,1.12442,05537,0,0,8,-17.5,3.0*2C08","G8NWC,G0MEK,ASTRA_J,F5APQ,G8KNN,F1OIL,G8FJG,G6GZH,ASTRA",264,12:56:35,52.28537,1.12442,5537,0,0,8,-17.5,3.0
"$$SVC_PI_SKY,265,12:57:15,52.28598,1.12948,05267,0,0,4,-16.2,3.0*E3F6","G0MEK,ASTRA_J,F5APQ,G8KNN,F1OIL,G8FJG,G0WXI,G6GZH,ASTRA",265,12:57:15,52.28598,1.12948,5267,0,0,4,-16.2,3
"$$SVC_PI_SKY,266,12:57:56,52.28680,1.13376,04998,0,0,8,-14.8,2.9*4F61","G8NWC,G0MEK,ASTRA_J,F5APQ,G8KNN,G8FJG,G6GZH,ASTRA",266,12:57:56,52.2868,1.13376,4998,0,0,8,-14.8,2.9
"$$SVC_PI_SKY,267,12:58:36,52.28756,1.13851,04738,0,0,8,-13.4,3.0*A98A","G8NWC,ASTRA_J,G0MEK,PB0AHX,F5APQ,G8KNN,F1OIL,G8FJG,G6GZH,ASTRA",267,12:58:36,52.28756,1.13851,4738,0,0,8,-13.4,3.0
"$$SVC_PI_SKY,268,12:59:07,52.28788,1.14227,04537,0,0,8,-12.2,3.0*BAB2","G8NWC,G0MEK,ASTRA_J,PB0AHX,F5APQ,G8KNN,G8FJG,G6GZH",268,12:59:07,52.28788,1.14227,4537,0,0,8,-12.2,3
"$$SVC_PI_SKY,269,12:59:47,52.28798,1.14697,04281,0,0,8,-11.0,3.0*5FD0","G8NWC,G0MEK,F5APQ,G8KNN,G8FJG,G6GZH",269,12:59:47,52.28798,1.14697,4281,0,0,8,-11.0,3.0
"$$SVC_PI_SKY,270,13:00:27,52.28827,1.15113,04025,0,0,7,-9.5,3.1*08A0","G8NWC,G0MEK,F5APQ,G8KNN,F1OIL,G8FJG,G6GZH",270,13:00:27,52.28827,1.15113,4025,0,0,7,-9.5,3.1
"$$SVC_PI_SKY,271,13:01:07,52.28855,1.15527,03777,0,0,8,-8.1,3.0*1B17","G8NWC,G0MEK,F5APQ,G8KNN,G8FJG,G6GZH",271,13:01:07,52.28855,1.15527,3777,0,0,8,-8.1,3.0
"$$SVC_PI_SKY,272,13:01:48,52.28905,1.15922,03529,0,0,8,-6.6,3.1*2C8E","G8NWC,G0MEK,G8KNN,G6GZH",272,13:01:48,52.28905,1.15922,3529,0,0,8,-6.6,3.1
"$$SVC_PI_SKY,273,13:02:28,52.29041,1.16287,03290,0,0,8,-5.1,3.1*BF93","G8KNN,G8FJG,G8NWC,G6GZH,G0MEK",273,13:02:28,52.29041,1.16287,3290,0,0,8,-5.1,3.1
"$$SVC_PI_SKY,274,13:03:08,52.29160,1.16636,03060,0,0,9,-3.6,3.1*F65D","G8NWC,G0MEK,F5APQ,G8KNN,G8FJG,G6GZH",274,13:03:08,52.2916,1.16636,3060,0,0,9,-3.6,3.1
"$$SVC_PI_SKY,275,13:03:48,52.29262,1.16969,02838,0,0,9,-2.1,3.1*5E2D","F5APQ,G8FJG,G6GZH,G8KNN,G0MEK",275,13:03:48,52.29262,1.16969,2838,0,0,9,-2.1,3.1
"$$SVC_PI_SKY,276,13:04:28,52.29437,1.17312,02613,0,0,9,-0.7,3.2*CE05","F5APQ,G8FJG,G6GZH,G8KNN,G0MEK",276,13:04:28,52.29437,1.17312,2613,0,0,9,-0.7,3.2
"$$SVC_PI_SKY,277,13:05:08,52.29603,1.17715,02377,0,0,8,0.8,3.3*7D68","G0MEK,F5APQ,G8KNN,F1OIL,G8FJG,G6GZH",277,13:05:08,52.29603,1.17715,2377,0,0,8,0.8,3.3
"$$SVC_PI_SKY,278,13:05:49,52.29744,1.18036,02136,0,0,10,2.6,3.4*3322","G0MEK,F5APQ,G8KNN,F1OIL,G8FJG,G6GZH",278,13:05:49,52.29744,1.18036,2136,0,0,10,2.6,3.4
"$$SVC_PI_SKY,279,13:06:29,52.29808,1.18270,01925,0,0,9,4.1,3.6*4EC4","G8KNN,G8FJG,G6GZH,G0MEK",279,13:06:29,52.29808,1.1827,1925,0,0,9,4.1,3.6
"$$SVC_PI_SKY,280,13:07:09,52.29889,1.18409,01705,0,0,10,5.6,3.7*3C60","G8FJG,G0MEK,G6GZH,G8KNN",280,13:07:09,52.29889,1.18409,1705,0,0,10,5.6,3.7
"$$SVC_PI_SKY,281,13:07:49,52.29971,1.18484,01462,0,0,10,7.1,4.1*827D","G8FJG,G0MEK,G8KNN,G6GZH",281,13:07:49,52.29971,1.18484,1462,0,0,10,7.1,4.1
"$$SVC_PI_SKY,282,13:08:29,52.30087,1.18450,01256,0,0,8,8.7,4.8*5BD6","G0MEK,G6GZH,G8KNN",282,13:08:29,52.30087,1.1845,1256,0,0,8,8.7,4.8
"$$SVC_PI_SKY,283,13:09:09,52.30202,1.18444,01053,0,0,10,10.1,4.8*6D0E","G8FJG,G8KNN,G6GZH",283,13:09:09,52.30202,1.18444,1053,0,0,10,10.1,4.8
"$$SVC_PI_SKY,284,13:09:49,52.30305,1.18343,00858,0,0,10,11.2,5.0*ABFE","G6GZH,G8KNN",284,13:09:49,52.30305,1.18343,858,0,0,10,11.2,5.0
