_sentence,_receivers,sentence_id,time,latitude,longitude,altitude,gps_lock,satellites,temperature_internal,temperature_external,battery
"$$VR2SC,2,11:22:42,0.00000,0.00000,0,1,0,15.4,14.5,4.9*4D65",EARS_chase,2,11:22:42,0.0,0.0,0,1,0,15.4,14.5,4.9
"$$VR2SC,3,11:22:55,0.00000,0.00000,0,1,0,15.4,14.5,4.9*ECB4",EARS_chase,3,11:22:55,0.0,0.0,0,1,0,15.4,14.5,4.9
"$$VR2SC,19,12:11:10,52.24702,-0.15242,105,3,6,19.3,15.4,4.9*CA6D",M6EVT,19,12:11:10,52.24702,-0.15242,105,3,6,19.3,15.4,4.9
"$$VR2SC,20,12:11:24,52.24702,-0.15241,104,3,6,19.3,14.5,4.9*7C9A",M6EVT,20,12:11:24,52.24702,-0.15241,104,3,6,19.3,14.5,4.9
"$$VR2SC,22,12:11:52,52.24704,-0.15237,101,3,6,19.3,15.4,4.9*02B9",M6EVT,22,12:11:52,52.24704,-0.15237,101,3,6,19.3,15.4,4.9
"$$VR2SC,24,12:12:20,52.24703,-0.15239,102,3,6,19.3,15.4,4.9*0CF0",M6EVT,24,12:12:20,52.24703,-0.15239,102,3,6,19.3,15.4,4.9
"$$VR2SC,8,12:16:12,39.49162,48.74526,8605,1,0,17.4,15.4,4.9*EBBF",M6EVT,8,12:16:12,39.49162,48.74526,8605,1,0,17.4,15.4,4.9
"$$VR2SC,11,12:17:07,52.24696,-0.15239,109,3,5,17.4,15.4,4.9*4A67",M6EVT,11,12:17:07,52.24696,-0.15239,109,3,5,17.4,15.4,4.9
"$$VR2SC,13,12:17:35,52.24708,-0.15234,101,3,5,17.4,14.5,4.9*3D57",M6EVT,13,12:17:35,52.24708,-0.15234,101,3,5,17.4,14.5,4.9
"$$VR2SC,14,12:17:49,52.24706,-0.15235,99,3,5,18.4,14.5,4.9*70F4",M6EVT,14,12:17:49,52.24706,-0.15235,99,3,5,18.4,14.5,4.9
"$$VR2SC,15,12:17:49,52.24706,-0.15235,99,3,5,18.4,15.4,4.9*DFA0",M6EVT,15,12:17:49,52.24706,-0.15235,99,3,5,18.4,15.4,4.9
"$$VR2SC,16,12:18:16,52.24694,-0.15241,123,3,6,19.3,15.4,4.9*0421",M6EVT,16,12:18:16,52.24694,-0.15241,123,3,6,19.3,15.4,4.9
"$$VR2SC,18,12:18:44,52.24694,-0.15238,125,3,7,19.3,14.5,4.9*D64D",M6EVT,18,12:18:44,52.24694,-0.15238,125,3,7,19.3,14.5,4.9
"$$VR2SC,19,12:18:58,52.24696,-0.15236,124,3,7,19.3,14.5,4.9*6C3C",M6EVT,19,12:18:58,52.24696,-0.15236,124,3,7,19.3,14.5,4.9
"$$VR2SC,22,12:19:40,52.24695,-0.15244,116,3,8,20.3,15.4,4.9*DF9C",M6EVT,22,12:19:40,52.24695,-0.15244,116,3,8,20.3,15.4,4.9
"$$VR2SC,25,12:20:22,52.24695,-0.15247,112,3,9,20.3,15.4,4.9*0AE3",M6EVT,25,12:20:22,52.24695,-0.15247,112,3,9,20.3,15.4,4.9
"$$VR2SC,28,12:21:04,52.24697,-0.15242,110,3,9,20.3,15.4,4.9*4520",M6EVT,28,12:21:04,52.24697,-0.15242,110,3,9,20.3,15.4,4.9
"$$VR2SC,29,12:21:18,52.24696,-0.15245,108,3,9,20.3,15.4,4.9*1239",M6EVT,29,12:21:18,52.24696,-0.15245,108,3,9,20.3,15.4,4.9
"$$VR2SC,31,12:21:46,52.24694,-0.15248,103,3,9,21.3,15.4,4.9*B77A",M6EVT,31,12:21:46,52.24694,-0.15248,103,3,9,21.3,15.4,4.9
"$$VR2SC,32,12:22:00,52.24697,-0.15246,109,3,10,21.3,15.4,4.9*1A37",M6EVT,32,12:22:00,52.24697,-0.15246,109,3,10,21.3,15.4,4.9
"$$VR2SC,33,12:22:14,52.24700,-0.15242,112,3,10,21.3,15.4,4.9*3EBC",M6EVT,33,12:22:14,52.247,-0.15242,112,3,10,21.3,15.4,4.9
"$$VR2SC,34,12:22:28,52.24701,-0.15242,113,3,10,21.3,15.4,4.9*8944",M6EVT,34,12:22:28,52.24701,-0.15242,113,3,10,21.3,15.4,4.9
"$$VR2SC,36,12:22:56,52.24702,-0.15243,116,3,10,21.3,14.5,4.9*A4CA",M6EVT,36,12:22:56,52.24702,-0.15243,116,3,10,21.3,14.5,4.9
"$$VR2SC,37,12:23:10,52.24703,-0.15243,117,3,10,21.3,14.5,4.9*8054",M6EVT,37,12:23:10,52.24703,-0.15243,117,3,10,21.3,14.5,4.9
"$$VR2SC,38,12:23:24,52.24705,-0.15241,118,3,10,21.3,14.5,4.9*9D4A",M6EVT,38,12:23:24,52.24705,-0.15241,118,3,10,21.3,14.5,4.9
"$$VR2SC,39,12:23:38,52.24703,-0.15242,119,3,10,21.3,14.5,4.9*BEDF",M6EVT,39,12:23:38,52.24703,-0.15242,119,3,10,21.3,14.5,4.9
"$$VR2SC,40,12:23:52,52.24703,-0.15241,120,3,11,21.3,14.5,4.9*3C9B",M6EVT,40,12:23:52,52.24703,-0.15241,120,3,11,21.3,14.5,4.9
"$$VR2SC,41,12:24:06,52.24703,-0.15240,119,3,11,22.3,14.5,4.9*5B42",M6EVT,41,12:24:06,52.24703,-0.1524,119,3,11,22.3,14.5,4.9
"$$VR2SC,42,12:24:20,52.24703,-0.15239,121,3,11,21.3,14.5,4.9*7561",M6EVT,42,12:24:20,52.24703,-0.15239,121,3,11,21.3,14.5,4.9
"$$VR2SC,43,12:24:34,52.24703,-0.15238,120,3,11,22.3,14.5,4.9*7798",M6EVT,43,12:24:34,52.24703,-0.15238,120,3,11,22.3,14.5,4.9
"$$VR2SC,46,12:25:16,52.24701,-0.15236,117,1,11,21.3,15.4,4.9*BED2",M6EVT,46,12:25:16,52.24701,-0.15236,117,1,11,21.3,15.4,4.9
"$$VR2SC,48,12:25:44,52.24700,-0.15238,116,1,11,21.3,14.5,4.9*C96B",M6EVT,48,12:25:44,52.247,-0.15238,116,1,11,21.3,14.5,4.9
"$$VR2SC,50,12:26:12,52.24698,-0.15240,109,1,11,21.3,14.5,4.9*4F04",M6EVT,50,12:26:12,52.24698,-0.1524,109,1,11,21.3,14.5,4.9
"$$VR2SC,51,12:26:26,52.24697,-0.15241,111,1,11,21.3,14.5,4.9*7F99",M6EVT,51,12:26:26,52.24697,-0.15241,111,1,11,21.3,14.5,4.9
"$$VR2SC,52,12:26:40,52.24698,-0.15241,111,1,9,20.3,14.5,4.9*263B",M6EVT,52,12:26:40,52.24698,-0.15241,111,1,9,20.3,14.5,4.9
"$$VR2SC,53,12:26:54,52.24698,-0.15240,110,1,10,21.3,14.5,4.9*7C30",M6EVT,53,12:26:54,52.24698,-0.1524,110,1,10,21.3,14.5,4.9
"$$VR2SC,54,12:27:08,52.24697,-0.15235,113,1,11,21.3,15.4,4.9*B6B1",M6EVT,54,12:27:08,52.24697,-0.15235,113,1,11,21.3,15.4,4.9
"$$VR2SC,57,12:27:50,52.24697,-0.15234,114,1,10,21.3,15.4,4.9*ED1F",M6EVT,57,12:27:50,52.24697,-0.15234,114,1,10,21.3,15.4,4.9
"$$VR2SC,58,12:28:04,52.24698,-0.15230,115,1,11,21.3,15.4,4.9*ED34",M6EVT,58,12:28:04,52.24698,-0.1523,115,1,11,21.3,15.4,4.9
"$$VR2SC,61,12:28:46,52.24704,-0.15227,106,1,11,21.3,15.4,4.9*28A7",M6EVT,61,12:28:46,52.24704,-0.15227,106,1,11,21.3,15.4,4.9
"$$VR2SC,62,12:29:00,52.24707,-0.15228,107,1,10,21.3,14.5,4.9*1EBA",M6EVT,62,12:29:00,52.24707,-0.15228,107,1,10,21.3,14.5,4.9
"$$VR2SC,64,12:29:28,52.24708,-0.15239,103,1,9,21.3,14.5,4.9*4666",M6EVT,64,12:29:28,52.24708,-0.15239,103,1,9,21.3,14.5,4.9
"$$VR2SC,65,12:29:42,52.24709,-0.15235,111,1,11,21.3,14.5,4.9*06A1",M6EVT,65,12:29:42,52.24709,-0.15235,111,1,11,21.3,14.5,4.9
"$$VR2SC,67,12:30:10,52.24703,-0.15233,101,1,9,21.3,14.5,4.9*4F6A",M6EVT,67,12:30:10,52.24703,-0.15233,101,1,9,21.3,14.5,4.9
"$$VR2SC,68,12:30:24,52.24706,-0.15234,100,1,10,21.3,14.5,4.9*E2FD",M6EVT,68,12:30:24,52.24706,-0.15234,100,1,10,21.3,14.5,4.9
"$$VR2SC,69,12:30:38,52.24712,-0.15237,94,1,8,21.3,14.5,4.9*C6CE",M6EVT,69,12:30:38,52.24712,-0.15237,94,1,8,21.3,14.5,4.9
"$$VR2SC,71,12:31:05,52.24704,-0.15239,91,1,10,21.3,14.5,4.9*46F5",M6EVT,71,12:31:05,52.24704,-0.15239,91,1,10,21.3,14.5,4.9
"$$VR2SC,72,12:31:19,52.24700,-0.15230,94,1,11,21.3,15.4,4.9*B561",M6EVT,72,12:31:19,52.247,-0.1523,94,1,11,21.3,15.4,4.9
"$$VR2SC,74,12:31:47,52.24710,-0.15232,100,1,10,21.3,14.5,4.9*4964",M6EVT,74,12:31:47,52.2471,-0.15232,100,1,10,21.3,14.5,4.9
"$$VR2SC,78,12:32:43,52.24705,-0.15227,108,1,8,21.3,15.4,4.9*DA98",M6EVT,78,12:32:43,52.24705,-0.15227,108,1,8,21.3,15.4,4.9
"$$VR2SC,80,12:33:11,52.24712,-0.15219,88,1,9,22.3,15.4,4.9*B732",M6EVT,80,12:33:11,52.24712,-0.15219,88,1,9,22.3,15.4,4.9
"$$VR2SC,81,12:33:11,52.24712,-0.15219,88,1,9,21.3,15.4,4.9*0FC9",M6EVT,81,12:33:11,52.24712,-0.15219,88,1,9,21.3,15.4,4.9
"$$VR2SC,83,12:33:38,52.24713,-0.15219,98,1,9,22.3,15.4,4.9*51A7",M6EVT,83,12:33:38,52.24713,-0.15219,98,1,9,22.3,15.4,4.9
"$$VR2SC,84,12:34:05,52.24702,-0.15222,90,1,10,22.3,15.4,4.9*FE08",M6EVT,84,12:34:05,52.24702,-0.15222,90,1,10,22.3,15.4,4.9
"$$VR2SC,85,12:34:19,52.24705,-0.15224,93,1,11,22.3,15.4,4.9*5E0B",M6EVT,85,12:34:19,52.24705,-0.15224,93,1,11,22.3,15.4,4.9
"$$VR2SC,86,12:34:33,52.24703,-0.15226,103,1,7,21.3,15.4,4.9*05DE",M6EVT,86,12:34:33,52.24703,-0.15226,103,1,7,21.3,15.4,4.9
"$$VR2SC,87,12:34:47,52.24706,-0.15227,106,3,9,21.3,15.4,4.9*AB8F",M6EVT,87,12:34:47,52.24706,-0.15227,106,3,9,21.3,15.4,4.9
"$$VR2SC,88,12:35:01,52.24707,-0.15229,106,3,10,22.3,15.4,4.9*5E03",M6EVT,88,12:35:01,52.24707,-0.15229,106,3,10,22.3,15.4,4.9
"$$VR2SC,90,12:35:29,52.24710,-0.15234,116,3,10,23.2,15.4,4.9*17C5",M6EVT,90,12:35:29,52.2471,-0.15234,116,3,10,23.2,15.4,4.9
"$$VR2SC,91,12:35:43,52.24711,-0.15235,119,3,8,22.3,15.4,4.9*DC2D",M6EVT,91,12:35:43,52.24711,-0.15235,119,3,8,22.3,15.4,4.9
"$$VR2SC,92,12:35:57,52.24706,-0.15235,119,3,8,23.2,15.4,4.9*90B9",M6EVT,92,12:35:57,52.24706,-0.15235,119,3,8,23.2,15.4,4.9
"$$VR2SC,93,12:36:11,52.24701,-0.15233,108,3,9,23.2,15.4,4.9*564F",M6EVT,93,12:36:11,52.24701,-0.15233,108,3,9,23.2,15.4,4.9
"$$VR2SC,94,12:36:25,52.24704,-0.15226,108,3,10,23.2,15.4,4.9*725D",M6EVT,94,12:36:25,52.24704,-0.15226,108,3,10,23.2,15.4,4.9
"$$VR2SC,95,12:36:39,52.24704,-0.15228,101,3,8,23.2,14.5,4.9*6FEE",M6EVT,95,12:36:39,52.24704,-0.15228,101,3,8,23.2,14.5,4.9
"$$VR2SC,96,12:36:53,52.24704,-0.15230,91,3,10,24.2,15.4,4.9*C5BB",M6EVT,96,12:36:53,52.24704,-0.1523,91,3,10,24.2,15.4,4.9
"$$VR2SC,97,12:37:07,52.24705,-0.15229,95,3,10,23.2,15.4,4.9*73ED",M6EVT,97,12:37:07,52.24705,-0.15229,95,3,10,23.2,15.4,4.9
"$$VR2SC,99,12:37:35,52.24703,-0.15236,115,3,9,23.2,15.4,4.9*98BD",M6EVT,99,12:37:35,52.24703,-0.15236,115,3,9,23.2,15.4,4.9
"$$VR2SC,100,12:37:49,52.24705,-0.15234,114,3,11,24.2,15.4,4.9*FCC0",M6EVT,100,12:37:49,52.24705,-0.15234,114,3,11,24.2,15.4,4.9
"$$VR2SC,101,12:38:03,52.24710,-0.15244,105,3,10,24.2,15.4,4.9*8449",M6EVT,101,12:38:03,52.2471,-0.15244,105,3,10,24.2,15.4,4.9
"$$VR2SC,103,12:38:31,52.24713,-0.15246,122,3,7,24.2,14.5,4.9*7A51",M6EVT,103,12:38:31,52.24713,-0.15246,122,3,7,24.2,14.5,4.9
"$$VR2SC,127,12:44:07,52.24231,-0.15274,1031,3,10,23.2,9.6,4.9*A52B",M6EVT,127,12:44:07,52.24231,-0.15274,1031,3,10,23.2,9.6,4.9
"$$VR2SC,128,12:44:21,52.24200,-0.15212,1126,3,10,23.2,9.6,4.9*D46E",M6EVT,128,12:44:21,52.242,-0.15212,1126,3,10,23.2,9.6,4.9
"$$VR2SC,129,12:44:35,52.24218,-0.15156,1224,3,10,23.2,9.6,4.9*9FA2",M6EVT,129,12:44:35,52.24218,-0.15156,1224,3,10,23.2,9.6,4.9
"$$VR2SC,130,12:44:49,52.24225,-0.15110,1309,3,10,23.2,9.6,4.9*D73C",M6EVT,130,12:44:49,52.24225,-0.1511,1309,3,10,23.2,9.6,4.9
"$$VR2SC,131,12:45:03,52.24239,-0.15077,1390,3,10,23.2,8.6,4.9*4974",M6EVT,131,12:45:03,52.24239,-0.15077,1390,3,10,23.2,8.6,4.9
"$$VR2SC,133,12:45:31,52.24234,-0.14904,1587,3,9,22.3,7.6,4.9*DBCD",M6EVT,133,12:45:31,52.24234,-0.14904,1587,3,9,22.3,7.6,4.9
"$$VR2SC,136,12:46:13,52.24245,-0.14592,1855,3,10,22.3,6.6,4.9*4163",M6EVT,136,12:46:13,52.24245,-0.14592,1855,3,10,22.3,6.6,4.9
"$$VR2SC,137,12:46:27,52.24262,-0.14512,1953,3,10,22.3,6.6,4.9*14A9",M6EVT,137,12:46:27,52.24262,-0.14512,1953,3,10,22.3,6.6,4.9
"$$VR2SC,138,12:46:41,52.24267,-0.14422,2060,3,9,22.3,5.7,4.9*1A2B",M6EVT,138,12:46:41,52.24267,-0.14422,2060,3,9,22.3,5.7,4.9
"$$VR2SC,139,12:46:55,52.24285,-0.14357,2158,3,9,21.3,5.7,4.9*EF0B",M6EVT,139,12:46:55,52.24285,-0.14357,2158,3,9,21.3,5.7,4.9
"$$VR2SC,140,12:47:09,52.24310,-0.14242,2240,3,10,22.3,4.7,4.9*6CE0",M6EVT,140,12:47:09,52.2431,-0.14242,2240,3,10,22.3,4.7,4.9
"$$VR2SC,144,12:48:05,52.24406,-0.13871,2626,3,8,21.3,2.7,4.9*9226",M6EVT,144,12:48:05,52.24406,-0.13871,2626,3,8,21.3,2.7,4.9
"$$VR2SC,145,12:48:19,52.24382,-0.13780,2718,3,9,20.3,1.8,4.9*88BE",M6EVT,145,12:48:19,52.24382,-0.1378,2718,3,9,20.3,1.8,4.9
"$$VR2SC,147,12:48:47,52.24398,-0.13678,2890,3,10,20.3,0.8,4.9*643C",G8FJG,147,12:48:47,52.24398,-0.13678,2890,3,10,20.3,0.8,4.9
"$$VR2SC,148,12:49:01,52.24347,-0.13612,2945,3,7,20.3,0.8,4.9*6C0C","G8FJG_2,M6EVT",148,12:49:01,52.24347,-0.13612,2945,3,7,20.3,0.8,4.9
"$$VR2SC,149,12:49:15,52.24320,-0.13554,3027,3,10,20.3,0.8,4.9*2C4E","G8FJG_2,M6EVT",149,12:49:15,52.2432,-0.13554,3027,3,10,20.3,0.8,4.9
"$$VR2SC,150,12:49:29,52.24305,-0.13418,3112,3,9,20.3,-0.2,4.9*1065","G8FJG_2,M6EVT",150,12:49:29,52.24305,-0.13418,3112,3,9,20.3,-0.2,4.9
"$$VR2SC,151,12:49:43,52.24287,-0.13273,3211,3,10,20.3,-0.2,4.9*1458","G8FJG_2,G8KNN,M6EVT",151,12:49:43,52.24287,-0.13273,3211,3,10,20.3,-0.2,4.9
"$$VR2SC,152,12:49:57,52.24314,-0.13151,3311,3,8,19.3,-1.2,4.9*C05F","G8FJG_2,G8KNN,M6EVT",152,12:49:57,52.24314,-0.13151,3311,3,8,19.3,-1.2,4.9
"$$VR2SC,153,12:50:11,52.24308,-0.13030,3407,3,10,20.3,-1.2,4.9*B163","G8KNN,M6EVT",153,12:50:11,52.24308,-0.1303,3407,3,10,20.3,-1.2,4.9
"$$VR2SC,154,12:50:25,52.24286,-0.12994,3500,3,8,19.3,-2.1,4.9*FA38","G8FJG_2,G8KNN,M6EVT",154,12:50:25,52.24286,-0.12994,3500,3,8,19.3,-2.1,4.9
"$$VR2SC,155,12:50:39,52.24268,-0.12842,3590,3,9,19.3,-2.1,4.9*3454","G8FJG_2,G8KNN,M6EVT",155,12:50:39,52.24268,-0.12842,3590,3,9,19.3,-2.1,4.9
"$$VR2SC,156,12:50:53,52.24257,-0.12761,3678,3,9,19.3,-3.1,4.9*85AB","G8FJG_2,G8KNN,M6EVT",156,12:50:53,52.24257,-0.12761,3678,3,9,19.3,-3.1,4.9
"$$VR2SC,157,12:51:07,52.24227,-0.12691,3767,3,9,19.3,-3.1,4.9*2905","G8FJG_2,G8KNN,M6EVT",157,12:51:07,52.24227,-0.12691,3767,3,9,19.3,-3.1,4.9
"$$VR2SC,158,12:51:21,52.24222,-0.12616,3865,3,10,18.4,-4.1,4.9*572B","G8FJG_2,G8KNN,M6EVT",158,12:51:21,52.24222,-0.12616,3865,3,10,18.4,-4.1,4.9
"$$VR2SC,159,12:51:35,52.24224,-0.12545,3972,3,10,18.4,-4.1,4.9*55D5","G8FJG_2,G8KNN,M6EVT",159,12:51:35,52.24224,-0.12545,3972,3,10,18.4,-4.1,4.9
"$$VR2SC,160,12:51:49,52.24182,-0.12400,4066,3,10,18.4,-5.1,4.9*FD46","G8FJG_2,G8KNN,EARS_chase",160,12:51:49,52.24182,-0.124,4066,3,10,18.4,-5.1,4.9
"$$VR2SC,161,12:52:03,52.24166,-0.12297,4162,3,10,18.4,-6.1,4.9*813B","G8FJG_2,G8KNN",161,12:52:03,52.24166,-0.12297,4162,3,10,18.4,-6.1,4.9
"$$VR2SC,162,12:52:17,52.24122,-0.12215,4273,3,9,18.4,-7.0,4.9*3EDC","G8FJG_2,G8KNN,EARS_chase",162,12:52:17,52.24122,-0.12215,4273,3,9,18.4,-7.0,4.9
"$$VR2SC,163,12:52:31,52.24060,-0.12118,4382,3,7,17.4,-7.0,4.9*5E59","G8FJG_2,G8KNN",163,12:52:31,52.2406,-0.12118,4382,3,7,17.4,-7.0,4.9
"$$VR2SC,164,12:52:45,52.24046,-0.11984,4461,3,10,17.4,-7.0,4.9*8EF9","G8FJG_2,G8KNN,EARS_chase",164,12:52:45,52.24046,-0.11984,4461,3,10,17.4,-7.0,4.9
"$$VR2SC,165,12:52:59,52.24014,-0.11872,4561,3,8,16.4,-7.0,4.9*04B9","G8FJG_2,G8KNN,EARS_chase",165,12:52:59,52.24014,-0.11872,4561,3,8,16.4,-7.0,4.9
"$$VR2SC,166,12:53:13,52.23997,-0.11775,4655,3,8,16.4,-8.0,4.9*CBF7","G8FJG_2,G8KNN,EARS_chase",166,12:53:13,52.23997,-0.11775,4655,3,8,16.4,-8.0,4.9
"$$VR2SC,167,12:53:27,52.23969,-0.11676,4718,3,10,16.4,-9.0,4.9*E184","G0HDI,G8FJG_2,M6EVT,EARS_chase,G8KNN",167,12:53:27,52.23969,-0.11676,4718,3,10,16.4,-9.0,4.9
"$$VR2SC,168,12:53:41,52.23924,-0.11542,4825,3,10,16.4,-9.0,4.9*D756","G8FJG_2,G8KNN,G0HDI",168,12:53:41,52.23924,-0.11542,4825,3,10,16.4,-9.0,4.9
"$$VR2SC,169,12:53:55,52.23885,-0.11415,4942,3,10,16.4,-10.0,4.9*0A72","G8FJG_2,G8KNN,G0HDI",169,12:53:55,52.23885,-0.11415,4942,3,10,16.4,-10.0,4.9
"$$VR2SC,170,12:53:55,52.23885,-0.11415,4942,3,10,15.4,-10.0,4.9*E928","G8FJG_2,G8KNN,G0HDI",170,12:53:55,52.23885,-0.11415,4942,3,10,15.4,-10.0,4.9
"$$VR2SC,171,12:54:24,52.23839,-0.11156,5168,3,9,14.5,-10.9,4.9*7173",G8KNN,171,12:54:24,52.23839,-0.11156,5168,3,9,14.5,-10.9,4.9
"$$VR2SC,172,12:54:38,52.23813,-0.11023,5267,3,10,14.5,-11.9,4.9*090D","G8FJG_2,G8KNN",172,12:54:38,52.23813,-0.11023,5267,3,10,14.5,-11.9,4.9
"$$VR2SC,173,12:54:38,52.23813,-0.11023,5267,3,10,14.5,-11.9,4.9*86F1","G8FJG_2,G8KNN",173,12:54:38,52.23813,-0.11023,5267,3,10,14.5,-11.9,4.9
"$$VR2SC,174,12:55:07,52.23706,-0.10722,5439,3,10,14.5,-12.9,4.9*71A1","G8FJG_2,G8KNN,G0HDI",174,12:55:07,52.23706,-0.10722,5439,3,10,14.5,-12.9,4.9
"$$VR2SC,175,12:55:07,52.23706,-0.10722,5439,3,10,13.5,-13.9,4.9*8C34","G8FJG_2,G8KNN,G0HDI",175,12:55:07,52.23706,-0.10722,5439,3,10,13.5,-13.9,4.9
"$$VR2SC,176,12:55:36,52.23606,-0.10363,5652,3,10,13.5,-13.9,4.9*AFF1","G8FJG_2,G8KNN,G0HDI",176,12:55:36,52.23606,-0.10363,5652,3,10,13.5,-13.9,4.9
"$$VR2SC,177,12:55:36,52.23606,-0.10363,5652,3,10,12.5,-14.8,4.9*D67B","G0TDJ,G8FJG_2,G8KNN,G0HDI",177,12:55:36,52.23606,-0.10363,5652,3,10,12.5,-14.8,4.9
"$$VR2SC,178,12:56:05,52.23617,-0.10037,5851,3,10,12.5,-15.8,4.9*E675","G8FJG_2,G8KNN,G0HDI",178,12:56:05,52.23617,-0.10037,5851,3,10,12.5,-15.8,4.9
"$$VR2SC,179,12:56:05,52.23617,-0.10037,5851,3,10,12.5,-15.8,4.9*6989","G0TDJ,G8FJG_2,G8KNN,G0HDI",179,12:56:05,52.23617,-0.10037,5851,3,10,12.5,-15.8,4.9
"$$VR2SC,180,12:56:34,52.23570,-0.09737,6065,3,9,11.5,-16.8,4.9*3BF4","G8FJG_2,G8KNN",180,12:56:34,52.2357,-0.09737,6065,3,9,11.5,-16.8,4.9
"$$VR2SC,181,12:56:48,52.23549,-0.09620,6157,3,8,11.5,-17.8,4.9*C417","EDU0001,G8FJG_2,G8KNN,EARS_chase,G0HDI",181,12:56:48,52.23549,-0.0962,6157,3,8,11.5,-17.8,4.9
"$$VR2SC,182,12:57:02,52.23567,-0.09447,6246,3,8,12.5,-18.8,4.9*6046","EDU0001,G8FJG_2,G8KNN,G0HDI",182,12:57:02,52.23567,-0.09447,6246,3,8,12.5,-18.8,4.9
"$$VR2SC,183,12:57:16,52.23540,-0.09241,6333,3,8,11.5,-18.8,4.9*765E","G0TDJ,G8FJG_2,G8KNN,G0HDI",183,12:57:16,52.2354,-0.09241,6333,3,8,11.5,-18.8,4.9
"$$VR2SC,184,12:57:30,52.23509,-0.09071,6444,3,10,11.5,-19.7,4.9*6779","EDU0001,G8FJG_2,G8KNN,EARS_chase,G0HDI",184,12:57:30,52.23509,-0.09071,6444,3,10,11.5,-19.7,4.9
"$$VR2SC,186,12:57:59,52.23480,-0.08722,6629,3,8,10.5,-21.7,4.9*4B75","G0TDJ,G8FJG_2,G8KNN,EARS_chase",186,12:57:59,52.2348,-0.08722,6629,3,8,10.5,-21.7,4.9
"$$VR2SC,185,12:57:30,52.23509,-0.09071,6444,3,10,11.5,-19.7,4.9*E885","G0TDJ,G8KNN,EARS_chase,G0HDI",185,12:57:30,52.23509,-0.09071,6444,3,10,11.5,-19.7,4.9
"$$VR2SC,187,12:58:13,52.23475,-0.08555,6744,3,9,10.5,-21.7,4.9*C319","G8FJG_2,G8KNN,EARS_chase,G0HDI",187,12:58:13,52.23475,-0.08555,6744,3,9,10.5,-21.7,4.9
"$$VR2SC,188,12:58:27,52.23459,-0.08377,6850,3,9,9.6,-22.7,4.9*B83C","G0TDJ,G8FJG_2,G8KNN,EARS_chase,G0HDI",188,12:58:27,52.23459,-0.08377,6850,3,9,9.6,-22.7,4.9
"$$VR2SC,189,12:58:41,52.23382,-0.08264,6915,3,8,10.5,-22.7,4.9*B782","G0TDJ,G8FJG_2,EARS_chase,G0HDI",189,12:58:41,52.23382,-0.08264,6915,3,8,10.5,-22.7,4.9
"$$VR2SC,190,12:58:55,52.23343,-0.08111,6988,3,10,9.6,-23.6,4.9*C439","G0TDJ,G8FJG_2,G8KNN,EARS_chase,G0HDI",190,12:58:55,52.23343,-0.08111,6988,3,10,9.6,-23.6,4.9
"$$VR2SC,191,12:59:09,52.23328,-0.07901,7121,3,10,10.5,-24.6,4.9*AA5F","G0TDJ,G8FJG_2,G8KNN,EARS_chase,G0HDI",191,12:59:09,52.23328,-0.07901,7121,3,10,10.5,-24.6,4.9
"$$VR2SC,192,12:59:09,52.23328,-0.07901,7121,3,10,9.6,-24.6,4.9*491B","G0TDJ,G8FJG_2,G8KNN,EARS_chase,G0HDI",192,12:59:09,52.23328,-0.07901,7121,3,10,9.6,-24.6,4.9
"$$VR2SC,193,12:59:38,52.23334,-0.07519,7353,3,10,9.6,-25.6,4.9*58B6","G0TDJ,G8FJG_2,G8KNN,EARS_chase,G0HDI",193,12:59:38,52.23334,-0.07519,7353,3,10,9.6,-25.6,4.9
"$$VR2SC,194,12:59:52,52.23345,-0.07344,7470,3,10,9.6,-26.6,4.9*8051","G0TDJ,G8FJG_2,G8KNN,EARS_chase,G0HDI",194,12:59:52,52.23345,-0.07344,7470,3,10,9.6,-26.6,4.9
"$$VR2SC,195,13:00:06,52.23345,-0.07123,7576,3,7,9.6,-27.5,4.9*5361","G0TDJ,G8FJG_2,G8KNN,EARS_chase,G0HDI",195,13:00:06,52.23345,-0.07123,7576,3,7,9.6,-27.5,4.9
"$$VR2SC,196,13:00:20,52.23405,-0.06924,7640,3,7,8.6,-27.5,4.9*BB7B","G0TDJ,G8FJG_2,G8KNN,G0HDI",196,13:00:20,52.23405,-0.06924,7640,3,7,8.6,-27.5,4.9
"$$VR2SC,197,13:00:34,52.23470,-0.06682,7721,3,10,8.6,-28.5,4.9*7260","G0TDJ,G8FJG_2,G8KNN,EARS_chase,G0HDI",197,13:00:34,52.2347,-0.06682,7721,3,10,8.6,-28.5,4.9
"$$VR2SC,198,13:00:48,52.23512,-0.06421,7813,3,10,7.6,-29.5,4.9*1E72","G0TDJ,G8FJG_2,G8KNN,EARS_chase,G0HDI",198,13:00:48,52.23512,-0.06421,7813,3,10,7.6,-29.5,4.9
"$$VR2SC,199,13:01:02,52.23528,-0.06141,7916,3,9,7.6,-29.5,4.9*84FB","G0TDJ,G8FJG_2,G8KNN,EARS_chase,G0HDI",199,13:01:02,52.23528,-0.06141,7916,3,9,7.6,-29.5,4.9
"$$VR2SC,200,13:01:16,52.23562,-0.05876,8044,3,9,7.6,-30.5,4.9*7B1C","G0TDJ,G8FJG_2,G8KNN,EARS_chase,G0HDI",200,13:01:16,52.23562,-0.05876,8044,3,9,7.6,-30.5,4.9
"$$VR2SC,201,13:01:30,52.23584,-0.05685,8152,3,8,7.6,-31.4,4.9*57A2","G0TDJ,G8KNN,EARS_chase,G0HDI",201,13:01:30,52.23584,-0.05685,8152,3,8,7.6,-31.4,4.9
"$$VR2SC,202,13:01:44,52.23632,-0.05500,8250,3,9,6.6,-32.4,4.9*E6CF","G0TDJ,G8KNN,G0HDI",202,13:01:44,52.23632,-0.055,8250,3,9,6.6,-32.4,4.9
"$$VR2SC,203,13:01:58,52.23681,-0.05268,8357,3,7,6.6,-33.4,4.9*D0A2","M0UPU,G0TDJ,G8KNN,EARS_chase,G0HDI",203,13:01:58,52.23681,-0.05268,8357,3,7,6.6,-33.4,4.9
"$$VR2SC,204,13:02:12,52.23673,-0.05047,8440,3,8,6.6,-33.4,4.9*F9A6","G0TDJ,G8KNN,EARS_chase,G0HDI",204,13:02:12,52.23673,-0.05047,8440,3,8,6.6,-33.4,4.9
"$$VR2SC,205,13:02:26,52.23632,-0.04865,8544,3,10,5.7,-34.4,4.9*E188","G0TDJ,G8KNN",205,13:02:26,52.23632,-0.04865,8544,3,10,5.7,-34.4,4.9
"$$VR2SC,206,13:02:40,52.23634,-0.04576,8663,3,8,5.7,-35.4,4.9*3899","M0UPU,G0TDJ,G8KNN,EARS_chase,G0HDI",206,13:02:40,52.23634,-0.04576,8663,3,8,5.7,-35.4,4.9
"$$VR2SC,207,13:02:54,52.23609,-0.04328,8751,3,8,5.7,-36.3,4.9*25B2","M0UPU,G0TDJ,G8KNN,EARS_chase,G0HDI",207,13:02:54,52.23609,-0.04328,8751,3,8,5.7,-36.3,4.9
"$$VR2SC,208,13:03:08,52.23611,-0.04066,8863,3,9,4.7,-37.3,4.9*BF02","G0TDJ,G8KNN",208,13:03:08,52.23611,-0.04066,8863,3,9,4.7,-37.3,4.9
"$$VR2SC,209,13:03:22,52.23563,-0.03761,8944,3,10,4.7,-37.3,4.9*D3D4","M0UPU,G0TDJ,G8FJG_2,G8KNN,EARS_chase,G0HDI",209,13:03:22,52.23563,-0.03761,8944,3,10,4.7,-37.3,4.9
"$$VR2SC,210,13:03:36,52.23527,-0.03452,9028,3,8,4.7,-38.3,4.9*C227","M0UPU,G0TDJ,G8KNN,F1OIL,EARS_chase,G0HDI",210,13:03:36,52.23527,-0.03452,9028,3,8,4.7,-38.3,4.9
"$$VR2SC,211,13:03:50,52.23520,-0.03177,9155,3,10,3.7,-39.3,4.9*E180","F1OIL,G8FJG_2,G8KNN,G0HDI",211,13:03:50,52.2352,-0.03177,9155,3,10,3.7,-39.3,4.9
"$$VR2SC,212,13:04:04,52.23569,-0.02931,9265,3,9,3.7,-40.2,4.9*38B5","G0TDJ,G8FJG_2,G8KNN,F1OIL,EARS_chase,G0HDI",212,13:04:04,52.23569,-0.02931,9265,3,9,3.7,-40.2,4.9
"$$VR2SC,213,13:04:18,52.23567,-0.02692,9378,3,8,3.7,-41.2,4.9*3072","M0UPU,G0TDJ,G8FJG_2,G8KNN,EARS_chase",213,13:04:18,52.23567,-0.02692,9378,3,8,3.7,-41.2,4.9
"$$VR2SC,214,13:04:32,52.23563,-0.02405,9470,3,10,2.7,-42.2,4.9*0BE3","M0UPU,G8FJG_2,G8KNN,F1OIL,EARS_chase,G0HDI",214,13:04:32,52.23563,-0.02405,9470,3,10,2.7,-42.2,4.9
"$$VR2SC,215,13:04:46,52.23558,-0.02186,9567,3,10,1.8,-42.2,4.9*789C","G8FJG_2,G8KNN,G0HDI",215,13:04:46,52.23558,-0.02186,9567,3,10,1.8,-42.2,4.9
"$$VR2SC,216,13:05:00,52.23531,-0.01940,9666,3,8,2.7,-43.2,4.9*C2E1","G8FJG_2,G8KNN,EARS_chase,G0HDI",216,13:05:00,52.23531,-0.0194,9666,3,8,2.7,-43.2,4.9
"$$VR2SC,217,13:05:14,52.23597,-0.01617,9787,3,10,1.8,-44.1,4.9*2137","G0TDJ,M0DNY_websdr,M0UPU,G8FJG_2,G8KNN,F1OIL,EARS_chase,G0HDI",217,13:05:14,52.23597,-0.01617,9787,3,10,1.8,-44.1,4.9
"$$VR2SC,218,13:05:28,52.23613,-0.01350,9902,3,9,0.8,-44.1,4.9*14F1","M0UPU,M0DNY_websdr,G0TDJ,G8FJG_2,G8KNN,F1OIL,G0HDI",218,13:05:28,52.23613,-0.0135,9902,3,9,0.8,-44.1,4.9
"$$VR2SC,219,13:05:42,52.23666,-0.01018,10001,3,9,0.8,-46.1,4.9*402D","G0TDJ,M0DNY_websdr,M0UPU,G8FJG_2,G8KNN,F1OIL,EARS_chase,G0HDI",219,13:05:42,52.23666,-0.01018,10001,3,9,0.8,-46.1,4.9
"$$VR2SC,220,13:05:56,52.23640,-0.00731,10117,3,6,-0.2,-47.1,4.9*DF92","M0UPU,G0TDJ,G8FJG_2,G8KNN,F1OIL,EARS_chase,G0HDI",220,13:05:56,52.2364,-0.00731,10117,3,6,-0.2,-47.1,4.9
"$$VR2SC,221,13:05:56,52.23640,-0.00731,10117,3,6,-0.2,-48.0,4.9*70D6","M0DNY_websdr,G0TDJ,G8FJG_2,G8KNN,F1OIL,G0HDI",221,13:05:56,52.2364,-0.00731,10117,3,6,-0.2,-48.0,4.9
"$$VR2SC,222,13:06:25,52.23669,-0.00161,10304,3,7,-0.2,-48.0,4.9*2D26","M0UPU,G0TDJ,G8FJG_2,G8KNN,F1OIL,G0HDI",222,13:06:25,52.23669,-0.00161,10304,3,7,-0.2,-48.0,4.9
"$$VR2SC,223,13:06:25,52.23669,-0.00161,10304,3,7,-1.2,-48.0,4.9*E7B9","G0TDJ,M0DNY_websdr,M0UPU,G8FJG_2,G8KNN,F1OIL,EARS_chase",223,13:06:25,52.23669,-0.00161,10304,3,7,-1.2,-48.0,4.9
"$$VR2SC,224,13:06:54,52.23665,0.00617,10549,3,10,-1.2,-50.0,4.9*CE70","M0UPU,M0DNY_websdr,G0TDJ,G8FJG_2,G8KNN,F1OIL",224,13:06:54,52.23665,0.00617,10549,3,10,-1.2,-50.0,4.9
"$$VR2SC,225,13:06:54,52.23665,0.00617,10549,3,10,-1.2,-50.0,4.9*418C","M0UPU,VR2SPC,M0DNY_websdr,G0TDJ,G8FJG_2,G8KNN,F1OIL,EARS_chase",225,13:06:54,52.23665,0.00617,10549,3,10,-1.2,-50.0,4.9
"$$VR2SC,226,13:07:23,52.23678,0.01322,10780,3,8,-3.1,-50.0,4.9*4258","G0TDJ,VR2SPC,M0DNY_websdr,M0UPU,G8KNN,F1OIL,G0HDI",226,13:07:23,52.23678,0.01322,10780,3,8,-3.1,-50.0,4.9
"$$VR2SC,227,13:07:37,52.23684,0.01687,10899,3,10,-3.1,-50.0,4.9*DFA0","F1OIL,M0UPU,G0TDJ,VR2SPC,G0HDI",227,13:07:37,52.23684,0.01687,10899,3,10,-3.1,-50.0,4.9
"$$VR2SC,228,13:07:37,52.23684,0.01687,10899,3,10,-3.1,-50.0,4.9*7F53","M0UPU,VR2SPC,M0DNY_websdr,G0TDJ,G8FJG_2,G8KNN,F1OIL,G0HDI",228,13:07:37,52.23684,0.01687,10899,3,10,-3.1,-50.0,4.9
"$$VR2SC,229,13:08:06,52.23700,0.02419,11109,3,9,-4.1,-50.0,4.9*7DEF","M0UPU,M0DNY_websdr,G0TDJ,G8FJG_2,G8KNN,F1OIL,G0HDI",229,13:08:06,52.237,0.02419,11109,3,9,-4.1,-50.0,4.9
"$$VR2SC,230,13:08:20,52.23741,0.02738,11211,3,7,-4.1,-50.0,4.9*772D","M0UPU,M0DNY_websdr,G0TDJ,G8FJG_2,G8KNN,F1OIL,G0HDI",230,13:08:20,52.23741,0.02738,11211,3,7,-4.1,-50.0,4.9
"$$VR2SC,231,13:08:34,52.23776,0.03018,11307,3,7,-4.1,-50.0,4.9*9C0D","G0TDJ,M0DNY_websdr,M0UPU,G8FJG_2,G8KNN,F1OIL,EARS_chase,G0HDI",231,13:08:34,52.23776,0.03018,11307,3,7,-4.1,-50.0,4.9
"$$VR2SC,232,13:08:48,52.23869,0.03398,11454,3,9,-4.1,-50.0,4.9*44BE","2E0NRD,M0DNY_websdr,M0UPU,G8FJG_2,G8KNN,F1OIL,EARS_chase,G0HDI",232,13:08:48,52.23869,0.03398,11454,3,9,-4.1,-50.0,4.9
"$$VR2SC,233,13:09:02,52.23893,0.03723,11567,3,10,-5.1,-50.0,4.9*EB0E","2E0NRD,M0DNY_websdr,M0UPU,G8FJG_2,G8KNN,F1OIL,G0HDI",233,13:09:02,52.23893,0.03723,11567,3,10,-5.1,-50.0,4.9
"$$VR2SC,234,13:09:02,52.23893,0.03723,11567,3,10,-5.1,-50.0,4.9*7499","M0UPU,2E0NRD,M6EVT,M0DNY_websdr,G0TDJ,F1OIL,G8FJG_2,PE1ANS,G0HDI",234,13:09:02,52.23893,0.03723,11567,3,10,-5.1,-50.0,4.9
"$$VR2SC,235,13:09:31,52.23914,0.04279,11826,3,10,-6.1,-50.0,4.9*9B8A","M0UPU,2E0NRD,M0DNY_websdr,G0TDJ,G8FJG_2,G8KNN,F1OIL,EARS_chase,G0HDI",235,13:09:31,52.23914,0.04279,11826,3,10,-6.1,-50.0,4.9
"$$VR2SC,236,13:09:31,52.23914,0.04279,11826,3,10,-7.0,-50.0,4.9*8685","F1OIL,G0TDJ,G8FJG_2",236,13:09:31,52.23914,0.04279,11826,3,10,-7.0,-50.0,4.9
"$$VR2SC,237,13:10:00,52.23935,0.04882,12098,3,10,-7.0,-50.0,4.9*DC8B","2E0NRD,M0DNY_websdr,G0TDJ,G8FJG_2,G8KNN,F1OIL,G0HDI",237,13:10:00,52.23935,0.04882,12098,3,10,-7.0,-50.0,4.9
"$$VR2SC,238,13:10:00,52.23935,0.04882,12098,3,10,-7.0,-50.0,4.9*7C78","2E0NRD,M0DNY_websdr,G0TDJ,PE1ANS,G8FJG_2,G8KNN,F1OIL,G0HDI",238,13:10:00,52.23935,0.04882,12098,3,10,-7.0,-50.0,4.9
"$$VR2SC,239,13:10:29,52.23993,0.05315,12338,3,10,-7.0,-50.0,4.9*F6F3","2E0NRD,VR2SPC,M0DNY_websdr,G0TDJ,G8FJG_2,G8KNN,PE1ANS,EARS_chase,G0HDI",239,13:10:29,52.23993,0.05315,12338,3,10,-7.0,-50.0,4.9
"$$VR2SC,241,13:10:58,52.24121,0.05753,12593,3,10,-8.0,-50.0,4.9*70D2","2E0NRD,M0DNY_websdr,G0TDJ,F1OIL,G8FJG_2,G8KNN,PE1ANS",241,13:10:58,52.24121,0.05753,12593,3,10,-8.0,-50.0,4.9
"$$VR2SC,243,13:11:27,52.24152,0.06307,12796,3,10,-8.0,-50.0,4.9*6280","VR2SPC,M0DNY_websdr,G0TDJ,PE1ANS,G8FJG_2,G8KNN,F1OIL",243,13:11:27,52.24152,0.06307,12796,3,10,-8.0,-50.0,4.9
"$$VR2SC,240,13:10:29,52.23993,0.05315,12338,3,10,-7.0,-50.0,4.9*A33D","2E0NRD,VR2SPC,M0DNY_websdr,G0TDJ,PE1ANS,G8FJG_2,G8KNN,F1OIL,EARS_chase",240,13:10:29,52.23993,0.05315,12338,3,10,-7.0,-50.0,4.9
"$$VR2SC,245,13:11:56,52.24311,0.06734,13023,3,10,-9.0,-50.0,4.9*6F5B","PE1ANS,M0UPU,G8FJG_2,M0DNY_websdr,G0TDJ",245,13:11:56,52.24311,0.06734,13023,3,10,-9.0,-50.0,4.9
"$$VR2SC,242,13:10:58,52.24121,0.05753,12593,3,10,-8.0,-50.0,4.9*F0F7","2E0NRD,VR2SPC,M0DNY_websdr,G0TDJ,G8FJG_2,G8KNN,F1OIL",242,13:10:58,52.24121,0.05753,12593,3,10,-8.0,-50.0,4.9
"$$VR2SC,244,13:11:27,52.24152,0.06307,12796,3,10,-8.0,-50.0,4.9*FD17","2E0NRD,VR2SPC,M0DNY_websdr,F1OIL,G8FJG_2,G8KNN,PE1ANS,EARS_chase",244,13:11:27,52.24152,0.06307,12796,3,10,-8.0,-50.0,4.9
"$$VR2SC,246,13:11:56,52.24311,0.06734,13023,3,10,-9.0,-50.0,4.9*EF7E","VR2SPC,M6EVT,M0DNY_websdr,G0TDJ,G8FJG_2,G8KNN,PE1ANS,EARS_chase",246,13:11:56,52.24311,0.06734,13023,3,10,-9.0,-50.0,4.9
"$$VR2SC,247,13:12:25,52.24342,0.07220,13283,3,10,-9.0,-50.0,4.9*F30B","M0UPU,VR2SPC,M0DNY_websdr,G0TDJ,F1OIL,G8FJG_2,G8KNN,PE1ANS,EARS_chase",247,13:12:25,52.24342,0.0722,13283,3,10,-9.0,-50.0,4.9
"$$VR2SC,250,13:12:54,52.24430,0.07669,13504,3,10,-9.0,-50.0,4.9*E56C","M0UPU,G0TDJ,F1OIL,G8FJG_2,G8KNN,PE1ANS,EARS_chase",250,13:12:54,52.2443,0.07669,13504,3,10,-9.0,-50.0,4.9
"$$VR2SC,248,13:12:25,52.24342,0.07220,13283,3,10,-9.0,-50.0,4.9*53F8","G0TDJ,VR2SPC,M0DNY_websdr,M0UPU,F1OIL,G8FJG_2,G8KNN,PE1ANS,EARS_chase",248,13:12:25,52.24342,0.0722,13283,3,10,-9.0,-50.0,4.9
"$$VR2SC,251,13:13:23,52.24542,0.08117,13760,3,10,-10.0,-50.0,4.9*1623","M0UPU,M0DNY_websdr,G0TDJ,PE1ANS,G8FJG_2,G8KNN,F1OIL,EARS_chase,G0HDI",251,13:13:23,52.24542,0.08117,13760,3,10,-10.0,-50.0,4.9
"$$VR2SC,252,13:13:38,52.24591,0.08417,13888,3,10,-10.0,-50.0,4.9*1360","VR2SPC,M0DNY_websdr,G0TDJ,PE1ANS,M0DTS,G8FJG_2,F1OIL",252,13:13:38,52.24591,0.08417,13888,3,10,-10.0,-50.0,4.9
"$$VR2SC,249,13:12:54,52.24430,0.07669,13504,3,10,-9.0,-50.0,4.9*C993","G0TDJ,VR2SPC,M0DNY_websdr,M0UPU,F1OIL,G8FJG_2,G8KNN,PE1ANS",249,13:12:54,52.2443,0.07669,13504,3,10,-9.0,-50.0,4.9
"$$VR2SC,253,13:13:53,52.24610,0.08684,14023,3,10,-10.0,-50.0,4.9*04DB","G0TDJ,VR2SPC,M0DNY_websdr,M0UPU,F1OIL,G8FJG_2,G8KNN,PE1ANS",253,13:13:53,52.2461,0.08684,14023,3,10,-10.0,-50.0,4.9
"$$VR2SC,254,13:14:08,52.24627,0.08899,14143,3,10,-10.0,-50.0,4.9*7497","M0UPU,VR2SPC,M0DNY_websdr,G0TDJ,F1OIL,M0DTS,G8FJG_2,G8KNN,PE1ANS,EARS_chase",254,13:14:08,52.24627,0.08899,14143,3,10,-10.0,-50.0,4.9
"$$VR2SC,257,13:14:53,52.24887,0.09717,14467,3,10,-10.0,-50.0,4.9*240F","G0TDJ,M0DNY_websdr,M0UPU,PE1ANS,M0DTS,G8FJG_2,G8KNN,F1OIL,EARS_chase",257,13:14:53,52.24887,0.09717,14467,3,10,-10.0,-50.0,4.9
"$$VR2SC,256,13:14:38,52.24792,0.09429,14365,3,10,-10.0,-50.0,4.9*CF5F","G0TDJ,VR2SPC,M0DNY_websdr,M0UPU,F1OIL,M0DTS,G8FJG_2,G8KNN,PE1ANS,EARS_chase,G0HDI",256,13:14:38,52.24792,0.09429,14365,3,10,-10.0,-50.0,4.9
"$$VR2SC,255,13:14:23,52.24720,0.09039,14261,3,10,-10.0,-50.0,4.9*B6AD","VR2SPC,G0TDJ,F1OIL,G8FJG_2,G8KNN,PE1ANS,EARS_chase",255,13:14:23,52.2472,0.09039,14261,3,10,-10.0,-50.0,4.9
"$$VR2SC,258,13:15:08,52.24925,0.09850,14576,3,10,-10.0,-50.0,4.9*D6B2","M0UPU,VR2SPC,M0DNY_websdr,G0TDJ,PE1ANS,M0DTS,G8KNN,F1OIL,EARS_chase",258,13:15:08,52.24925,0.0985,14576,3,10,-10.0,-50.0,4.9
"$$VR2SC,261,13:15:53,52.25013,0.10600,14907,3,9,-10.9,-50.0,4.9*7A70","2E0NRD,M0DNY_websdr,G0TDJ,PE1ANS,M0DTS,G8FJG_2,G8KNN,F1OIL,G0HDI",261,13:15:53,52.25013,0.106,14907,3,9,-10.9,-50.0,4.9
"$$VR2SC,259,13:15:23,52.24901,0.10156,14686,3,10,-10.0,-50.0,4.9*ED3D","VR2SPC,G0TDJ,M0DTS,G8KNN,F1OIL,EARS_chase",259,13:15:23,52.24901,0.10156,14686,3,10,-10.0,-50.0,4.9
"$$VR2SC,262,13:15:53,52.25013,0.10600,14907,3,9,-10.9,-50.0,4.9*FA55","2E0NRD,G0TDJ,F1OIL,M0DTS,G8FJG_2,PE1ANS",262,13:15:53,52.25013,0.106,14907,3,9,-10.9,-50.0,4.9
"$$VR2SC,260,13:15:38,52.24903,0.10460,14801,3,10,-10.0,-50.0,4.9*0E69","2E0NRD,VR2SPC,M0DNY_websdr,G0TDJ,M0DTS,G8KNN,F1OIL,G0HDI",260,13:15:38,52.24903,0.1046,14801,3,10,-10.0,-50.0,4.9
"$$VR2SC,263,13:16:22,52.25044,0.10903,15175,3,10,-10.9,-50.0,4.9*CB0C","2E0NRD,M0DNY_websdr,G0TDJ,F1OIL,M0DTS,G8FJG_2,G8KNN,PE1ANS,EARS_chase,G0HDI",263,13:16:22,52.25044,0.10903,15175,3,10,-10.9,-50.0,4.9
"$$VR2SC,264,13:16:37,52.25124,0.11103,15289,3,10,-10.9,-50.0,4.9*9A11","M0UPU,2E0NRD,M0DNY_websdr,G0TDJ,F1OIL,G8FJG_2,G8KNN,PE1ANS,G0HDI",264,13:16:37,52.25124,0.11103,15289,3,10,-10.9,-50.0,4.9
"$$VR2SC,265,13:16:52,52.25171,0.11208,15462,3,10,-11.9,-50.0,4.9*E210","G0TDJ,2E0NRD,M0DNY_websdr,M0UPU,F1OIL,G8FJG_2,G8KNN,PE1ANS,EARS_chase,G0HDI",265,13:16:52,52.25171,0.11208,15462,3,10,-11.9,-50.0,4.9
"$$VR2SC,266,13:17:07,52.25245,0.11507,15575,3,10,-10.9,-50.0,4.9*45EC","G0TDJ,2E0NRD,M0UPU,PE1ANS,M0DTS,G8FJG_2,G8KNN,F1OIL,EARS_chase",266,13:17:07,52.25245,0.11507,15575,3,10,-10.9,-50.0,4.9
"$$VR2SC,267,13:17:22,52.25319,0.11815,15693,3,10,-10.9,-50.0,4.9*8DA7","2E0NRD,M0DNY_websdr,G0TDJ,F1OIL,G8FJG_2,G8KNN,PE1ANS,EARS_chase",267,13:17:22,52.25319,0.11815,15693,3,10,-10.9,-50.0,4.9
"$$VR2SC,268,13:17:37,52.25381,0.11956,15835,3,10,-10.9,-50.0,4.9*8812","M0UPU,2E0NRD,M0DNY_websdr,G0TDJ,F1OIL,G8FJG_2,G8KNN,PE1ANS",268,13:17:37,52.25381,0.11956,15835,3,10,-10.9,-50.0,4.9
"$$VR2SC,269,13:17:52,52.25385,0.12206,15961,3,10,-11.9,-50.0,4.9*2171","2E0NRD,M0DNY_websdr,G0TDJ,PE1ANS,G8FJG_2,G8KNN,F1OIL",269,13:17:52,52.25385,0.12206,15961,3,10,-11.9,-50.0,4.9
"$$VR2SC,270,13:18:07,52.25404,0.12367,16078,3,11,-10.9,-50.0,4.9*2EF1","M0UPU,2E0NRD,M0DNY_websdr,G0TDJ,PE1ANS,G8FJG_2,F1OIL",270,13:18:07,52.25404,0.12367,16078,3,11,-10.9,-50.0,4.9
"$$VR2SC,271,13:18:22,52.25362,0.12654,16204,3,10,-11.9,-50.0,4.9*9ED5","G0TDJ,2E0NRD,M0DNY_websdr,M0UPU,F1OIL,M0DTS,G8FJG_2,G8KNN,PE1ANS,EARS_chase",271,13:18:22,52.25362,0.12654,16204,3,10,-11.9,-50.0,4.9
"$$VR2SC,272,13:18:37,52.25320,0.12922,16359,3,11,-11.9,-50.0,4.9*8955","2E0NRD,M0DNY_websdr,M0UPU,PE1ANS,G8FJG_2,F1OIL,EARS_chase",272,13:18:37,52.2532,0.12922,16359,3,11,-11.9,-50.0,4.9
"$$VR2SC,274,13:19:07,52.25317,0.13384,16627,3,11,-11.9,-50.0,4.9*CA74","G8FJG_2,G8KNN,M0DNY_websdr",274,13:19:07,52.25317,0.13384,16627,3,11,-11.9,-50.0,4.9
"$$VR2SC,275,13:19:22,52.25272,0.13504,16769,3,11,-11.9,-50.0,4.9*82E3","2E0NRD,M0DNY_websdr,M0UPU,F1OIL,G8KNN,PE1ANS",275,13:19:22,52.25272,0.13504,16769,3,11,-11.9,-50.0,4.9
"$$VR2SC,273,13:18:52,52.25328,0.13114,16480,3,11,-11.9,-50.0,4.9*6A4F","VR2SPC,G8KNN,M0DNY_websdr",273,13:18:52,52.25328,0.13114,16480,3,11,-11.9,-50.0,4.9
"$$VR2SC,276,13:19:37,52.25356,0.13601,16898,3,11,-11.9,-50.0,4.9*4D50","M0UPU,2E0NRD,M0DNY_websdr,G0TDJ,F1OIL,G8FJG_2,G8KNN,PE1ANS",276,13:19:37,52.25356,0.13601,16898,3,11,-11.9,-50.0,4.9
"$$VR2SC,277,13:19:52,52.25414,0.13884,17061,3,11,-11.9,-50.0,4.9*59B4","M0UPU,2E0NRD,M0DNY_websdr,G0TDJ,F1OIL,G8FJG_2,RevSpace,PE1ANS",277,13:19:52,52.25414,0.13884,17061,3,11,-11.9,-50.0,4.9
"$$VR2SC,278,13:20:07,52.25422,0.14117,17165,3,11,-11.9,-50.0,4.9*40A0","2E0NRD,M0DNY_websdr,G0TDJ,PE1ANS,G8FJG_2,G8KNN,F1OIL",278,13:20:07,52.25422,0.14117,17165,3,11,-11.9,-50.0,4.9
"$$VR2SC,279,13:20:22,52.25476,0.14238,17315,3,11,-11.9,-50.0,4.9*FD6F","F1OIL,G8KNN,M0DNY_websdr",279,13:20:22,52.25476,0.14238,17315,3,11,-11.9,-50.0,4.9
"$$VR2SC,280,13:20:37,52.25499,0.14457,17457,3,11,-11.9,-50.0,4.9*76A7","G8KNN,M0DNY_websdr",280,13:20:37,52.25499,0.14457,17457,3,11,-11.9,-50.0,4.9
"$$VR2SC,281,13:20:52,52.25478,0.14618,17601,3,11,-11.9,-50.0,4.9*A726","G8KNN,M0DNY_websdr",281,13:20:52,52.25478,0.14618,17601,3,11,-11.9,-50.0,4.9
"$$VR2SC,282,13:21:07,52.25468,0.14859,17754,3,11,-11.9,-50.0,4.9*27DE","G8KNN,M0DNY_websdr",282,13:21:07,52.25468,0.14859,17754,3,11,-11.9,-50.0,4.9
"$$VR2SC,283,13:21:22,52.25525,0.15068,17904,3,11,-12.9,-50.0,4.9*4AC0",G8KNN,283,13:21:22,52.25525,0.15068,17904,3,11,-12.9,-50.0,4.9
"$$VR2SC,284,13:21:37,52.25549,0.15293,18057,3,10,-11.9,-50.0,4.9*C98E","F1OIL,M0UPU,G8FJG_2,2E0NRD",284,13:21:37,52.25549,0.15293,18057,3,10,-11.9,-50.0,4.9
"$$VR2SC,285,13:21:52,52.25578,0.15486,18237,3,11,-12.9,-50.0,4.9*89D7",M0DNY_websdr,285,13:21:52,52.25578,0.15486,18237,3,11,-12.9,-50.0,4.9
"$$VR2SC,286,13:22:07,52.25615,0.15634,18399,3,11,-11.9,-50.0,4.9*DAC5","2E0NRD,M0DNY_websdr,M0UPU,G8FJG_2,G8KNN,RevSpace,F1OIL",286,13:22:07,52.25615,0.15634,18399,3,11,-11.9,-50.0,4.9
"$$VR2SC,287,13:22:22,52.25602,0.15710,18555,3,11,-12.9,-50.0,4.9*EBE8","G8FJG_2,M0DNY_websdr",287,13:22:22,52.25602,0.1571,18555,3,11,-12.9,-50.0,4.9
"$$VR2SC,288,13:22:37,52.25615,0.15746,18722,3,11,-12.9,-50.0,4.9*17E1","M0UPU,2E0NRD,M0DNY_websdr,G0TDJ,G8FJG_2,G8KNN,RevSpace,F1OIL",288,13:22:37,52.25615,0.15746,18722,3,11,-12.9,-50.0,4.9
"$$VR2SC,289,13:22:52,52.25618,0.15851,18857,3,11,-12.9,-50.0,4.9*9F45","F1OIL,M0UPU,G8FJG_2,G8KNN,G0TDJ",289,13:22:52,52.25618,0.15851,18857,3,11,-12.9,-50.0,4.9
"$$VR2SC,290,13:23:07,52.25617,0.15964,18993,3,11,-12.9,-50.0,4.9*C693","F1OIL,G0TDJ,G8FJG_2,G8KNN,M0DNY_websdr",290,13:23:07,52.25617,0.15964,18993,3,11,-12.9,-50.0,4.9
"$$VR2SC,291,13:23:22,52.25627,0.16078,19131,3,11,-12.9,-50.0,4.9*D28D","M0UPU,M0DNY_websdr,G0TDJ,F1OIL,G8FJG_2,G8KNN,RevSpace,PE1ANS",291,13:23:22,52.25627,0.16078,19131,3,11,-12.9,-50.0,4.9
"$$VR2SC,292,13:23:37,52.25622,0.16176,19267,3,11,-12.9,-50.0,4.9*D461","G8FJG_2,G8KNN,M0DNY_websdr",292,13:23:37,52.25622,0.16176,19267,3,11,-12.9,-50.0,4.9
"$$VR2SC,293,13:23:52,52.25658,0.16246,19402,3,11,-12.9,-50.0,4.9*F705",G8KNN,293,13:23:52,52.25658,0.16246,19402,3,11,-12.9,-50.0,4.9
"$$VR2SC,294,13:24:07,52.25678,0.16459,19558,3,11,-12.9,-50.0,4.9*9F4D",G8KNN,294,13:24:07,52.25678,0.16459,19558,3,11,-12.9,-50.0,4.9
"$$VR2SC,295,13:24:22,52.25699,0.16712,19715,3,11,-12.9,-50.0,4.9*DBE5","M0UPU,2E0NRD,M0DNY_websdr,G0TDJ,PE1ANS,G8FJG_2,G8KNN,RevSpace,F1OIL",295,13:24:22,52.25699,0.16712,19715,3,11,-12.9,-50.0,4.9
"$$VR2SC,296,13:24:37,52.25662,0.16848,19829,3,11,-12.9,-50.0,4.9*1F60","M0UPU,2E0NRD,M0DNY_websdr,G0TDJ,PE1ANS,G8FJG_2,G8KNN,RevSpace,F1OIL",296,13:24:37,52.25662,0.16848,19829,3,11,-12.9,-50.0,4.9
"$$VR2SC,297,13:24:52,52.25631,0.16978,19942,3,11,-12.9,-50.0,4.9*02BE","G0TDJ,G8FJG_2,G8KNN,M0DNY_websdr,2E0NRD",297,13:24:52,52.25631,0.16978,19942,3,11,-12.9,-50.0,4.9
"$$VR2SC,298,13:25:07,52.25612,0.17133,20088,3,11,-12.9,-50.0,4.9*F48E","M0UPU,G8FJG_2,G8KNN,M0DNY_websdr",298,13:25:07,52.25612,0.17133,20088,3,11,-12.9,-50.0,4.9
"$$VR2SC,299,13:25:22,52.25605,0.17249,20211,3,11,-12.9,-50.0,4.9*034F","M0UPU,M0DNY_websdr,G0TDJ,G8FJG_2,G8KNN,RevSpace,F1OIL",299,13:25:22,52.25605,0.17249,20211,3,11,-12.9,-50.0,4.9
"$$VR2SC,300,13:25:37,52.25620,0.17377,20340,3,11,-12.9,-50.0,4.9*5518","M0UPU,2E0NRD,G7OGX,M0DNY_websdr,G0TDJ,F1OIL,G8FJG_2,G8KNN,RevSpace,PE1ANS",300,13:25:37,52.2562,0.17377,20340,3,11,-12.9,-50.0,4.9
"$$VR2SC,301,13:25:52,52.25596,0.17537,20475,3,11,-12.9,-50.0,4.9*8EBB","G8FJG_2,G8KNN,M0DNY_websdr",301,13:25:52,52.25596,0.17537,20475,3,11,-12.9,-50.0,4.9
"$$VR2SC,302,13:26:07,52.25595,0.17653,20612,3,11,-12.9,-50.0,4.9*4B32","G8FJG_2,G8KNN",302,13:26:07,52.25595,0.17653,20612,3,11,-12.9,-50.0,4.9
"$$VR2SC,303,13:26:22,52.25579,0.17856,20750,3,11,-12.9,-50.0,4.9*B6E0","G8FJG_2,G8KNN,M0DNY_websdr",303,13:26:22,52.25579,0.17856,20750,3,11,-12.9,-50.0,4.9
"$$VR2SC,304,13:26:37,52.25541,0.18062,20872,3,11,-12.9,-50.0,4.9*5513","2E0NRD,M0DNY_websdr,M0UPU,G8FJG_2,G8KNN,RevSpace,F1OIL",304,13:26:37,52.25541,0.18062,20872,3,11,-12.9,-50.0,4.9
"$$VR2SC,305,13:26:52,52.25523,0.18219,21003,3,11,-12.9,-50.0,4.9*E601","M0UPU,G8FJG_2,G8KNN",305,13:26:52,52.25523,0.18219,21003,3,11,-12.9,-50.0,4.9
"$$VR2SC,308,13:27:37,52.25532,0.18541,21380,3,11,-12.9,-50.0,4.9*36C1",G8FJG_2,308,13:27:37,52.25532,0.18541,21380,3,11,-12.9,-50.0,4.9
"$$VR2SC,311,13:28:22,52.25571,0.19052,21802,3,11,-12.9,-50.0,4.9*353B","F1OIL,G8KNN,M0DNY_websdr",311,13:28:22,52.25571,0.19052,21802,3,11,-12.9,-50.0,4.9
"$$VR2SC,312,13:28:37,52.25546,0.19255,21937,3,11,-12.9,-50.0,4.9*F0E8","VR2SPC,G8FJG_2,G8KNN",312,13:28:37,52.25546,0.19255,21937,3,11,-12.9,-50.0,4.9
"$$VR2SC,306,13:27:07,52.25495,0.18316,21130,3,11,-12.9,-50.0,4.9*06A1","2E0NRD,VR2SPC,M0DNY_websdr,M0UPU,G8KNN,F1OIL",306,13:27:07,52.25495,0.18316,21130,3,11,-12.9,-50.0,4.9
"$$VR2SC,313,13:28:52,52.25476,0.19360,22069,3,11,-13.9,-50.0,4.9*9B50",G8KNN,313,13:28:52,52.25476,0.1936,22069,3,11,-13.9,-50.0,4.9
"$$VR2SC,314,13:29:07,52.25419,0.19482,22191,3,11,-12.9,-50.0,4.9*0A3E","F1OIL,M0UPU,G8KNN,M0DNY_websdr",314,13:29:07,52.25419,0.19482,22191,3,11,-12.9,-50.0,4.9
"$$VR2SC,315,13:29:22,52.25342,0.19552,22313,3,11,-12.9,-50.0,4.9*9873","F1OIL,VR2SPC,G8FJG_2,G8KNN",315,13:29:22,52.25342,0.19552,22313,3,11,-12.9,-50.0,4.9
"$$VR2SC,317,13:29:52,52.25264,0.19453,22560,3,11,-12.9,-50.0,4.9*3343","VR2SPC,G8FJG_2,G8KNN",317,13:29:52,52.25264,0.19453,22560,3,11,-12.9,-50.0,4.9
"$$VR2SC,309,13:27:52,52.25551,0.18696,21516,3,11,-12.9,-50.0,4.9*1DE8","F1OIL,VR2SPC,G8FJG_2,G8KNN",309,13:27:52,52.25551,0.18696,21516,3,11,-12.9,-50.0,4.9
"$$VR2SC,307,13:27:22,52.25505,0.18415,21255,3,11,-12.9,-50.0,4.9*22D0","VR2SPC,G8FJG_2,M0DNY_websdr",307,13:27:22,52.25505,0.18415,21255,3,11,-12.9,-50.0,4.9
"$$VR2SC,320,13:30:37,52.25257,0.19655,22947,3,11,-12.9,-49.0,4.9*C2F5",M0UPU,320,13:30:37,52.25257,0.19655,22947,3,11,-12.9,-49.0,4.9
"$$VR2SC,321,13:30:52,52.25238,0.19745,23078,3,11,-12.9,-49.0,4.9*76DD","G8FJG_2,G0WXI,G8KNN",321,13:30:52,52.25238,0.19745,23078,3,11,-12.9,-49.0,4.9
"$$VR2SC,323,13:31:22,52.25174,0.19890,23324,3,11,-12.9,-48.0,4.9*319A","M0DNY_websdr,M0UPU,G8FJG_2,G8KNN,F1OIL,G0WXI",323,13:31:22,52.25174,0.1989,23324,3,11,-12.9,-48.0,4.9
"$$VR2SC,324,13:31:37,52.25108,0.19973,23446,3,11,-12.9,-48.0,4.9*5BA7","2E0NRD,G7OGX,M0UPU,G8FJG_2,G8KNN,F1OIL,G0WXI,EARS_chase",324,13:31:37,52.25108,0.19973,23446,3,11,-12.9,-48.0,4.9
"$$VR2SC,326,13:32:07,52.24976,0.20057,23701,3,11,-12.9,-47.1,4.9*1D05","F1OIL,M0UPU,G0WXI,G8KNN,VR2SPC",326,13:32:07,52.24976,0.20057,23701,3,11,-12.9,-47.1,4.9
"$$VR2SC,325,13:31:52,52.25066,0.20027,23571,3,11,-12.9,-47.1,4.9*CCBF","2E0NRD,M0DNY_websdr,M0UPU,G8FJG_2,G8KNN,F1OIL,G0WXI,EARS_chase",325,13:31:52,52.25066,0.20027,23571,3,11,-12.9,-47.1,4.9
"$$VR2SC,328,13:32:37,52.24938,0.20150,23957,3,11,-12.9,-45.1,4.9*7396","G0WXI,G8FJG_2,G8KNN,EARS_chase",328,13:32:37,52.24938,0.2015,23957,3,11,-12.9,-45.1,4.9
"$$VR2SC,316,13:29:37,52.25273,0.19519,22436,3,11,-12.9,-49.0,4.9*B2B7","VR2SPC,EARS_chase,G8KNN,M0DNY_websdr",316,13:29:37,52.25273,0.19519,22436,3,11,-12.9,-49.0,4.9
"$$VR2SC,327,13:32:22,52.24928,0.20111,23824,3,11,-12.9,-46.1,4.9*7894","G8FJG_2,G0WXI,G8KNN",327,13:32:22,52.24928,0.20111,23824,3,11,-12.9,-46.1,4.9
"$$VR2SC,310,13:28:07,52.25567,0.18896,21666,3,11,-12.9,-50.0,4.9*FC4A","VR2SPC,G8KNN",310,13:28:07,52.25567,0.18896,21666,3,11,-12.9,-50.0,4.9
"$$VR2SC,329,13:32:52,52.24908,0.20188,24089,3,11,-12.9,-44.1,4.9*61E6","F1OIL,G0WXI,G8KNN",329,13:32:52,52.24908,0.20188,24089,3,11,-12.9,-44.1,4.9
"$$VR2SC,330,13:33:07,52.24874,0.20250,24212,3,11,-12.9,-44.1,4.9*D8E8","2E0NRD,G8FJG_2,G8KNN,F1OIL,G0WXI,EARS_chase",330,13:33:07,52.24874,0.2025,24212,3,11,-12.9,-44.1,4.9
"$$VR2SC,319,13:30:22,52.25256,0.19559,22815,3,11,-12.9,-49.0,4.9*1740","VR2SPC,G8FJG_2,G8KNN,EARS_chase",319,13:30:22,52.25256,0.19559,22815,3,11,-12.9,-49.0,4.9
"$$VR2SC,331,13:33:22,52.24811,0.20283,24338,3,11,-12.9,-44.1,4.9*C55D","M0DNY_websdr,M0UPU,G8FJG_2,RevSpace,F1OIL,G0WXI",331,13:33:22,52.24811,0.20283,24338,3,11,-12.9,-44.1,4.9
"$$VR2SC,332,13:33:37,52.24767,0.20310,24459,3,12,-12.9,-43.2,4.9*BF81","2E0NRD,M0DNY_websdr,M0UPU,G8FJG_2,RevSpace,F1OIL,G0WXI",332,13:33:37,52.24767,0.2031,24459,3,12,-12.9,-43.2,4.9
"$$VR2SC,333,13:33:52,52.24702,0.20379,24585,3,12,-12.9,-43.2,4.9*E53D","2E0NRD,M0DNY_websdr,M0UPU,G8FJG_2,G8KNN,F1OIL,G0WXI",333,13:33:52,52.24702,0.20379,24585,3,12,-12.9,-43.2,4.9
"$$VR2SC,336,13:34:37,52.24521,0.20332,24986,3,12,-11.9,-42.2,4.9*AFE4","G0WXI,G8KNN",336,13:34:37,52.24521,0.20332,24986,3,12,-11.9,-42.2,4.9
"$$VR2SC,334,13:34:07,52.24642,0.20363,24714,3,12,-12.9,-43.2,4.9*DD68","2E0NRD,M0DNY_websdr,M0UPU,G8FJG_2,G8KNN,F1OIL,G0WXI",334,13:34:07,52.24642,0.20363,24714,3,12,-12.9,-43.2,4.9
"$$VR2SC,335,13:34:22,52.24563,0.20390,24848,3,12,-12.9,-42.2,4.9*BD44","F1OIL,M0UPU,G0WXI,G8FJG_2",335,13:34:22,52.24563,0.2039,24848,3,12,-12.9,-42.2,4.9
"$$VR2SC,322,13:31:07,52.25214,0.19788,23204,3,11,-12.9,-48.0,4.9*3241","VR2SPC,G8KNN,EARS_chase",322,13:31:07,52.25214,0.19788,23204,3,11,-12.9,-48.0,4.9
"$$VR2SC,337,13:34:52,52.24480,0.20339,25126,3,12,-12.9,-42.2,4.9*0BD0","M0DNY_websdr,M0UPU,G8FJG_2,G8KNN,F1OIL,G0WXI",337,13:34:52,52.2448,0.20339,25126,3,12,-12.9,-42.2,4.9
"$$VR2SC,338,13:35:07,52.24470,0.20369,25268,3,12,-11.9,-42.2,4.9*34A6","F1OIL,G0WXI,G8FJG_2,G8KNN,M0UPU",338,13:35:07,52.2447,0.20369,25268,3,12,-11.9,-42.2,4.9
"$$VR2SC,318,13:30:07,52.25271,0.19469,22688,3,11,-12.9,-50.0,4.9*CF7A","VR2SPC,G8KNN",318,13:30:07,52.25271,0.19469,22688,3,11,-12.9,-50.0,4.9
"$$VR2SC,339,13:35:22,52.24452,0.20320,25408,3,12,-12.9,-42.2,4.9*27B1","M0UPU,G8FJG_2,G0WXI",339,13:35:22,52.24452,0.2032,25408,3,12,-12.9,-42.2,4.9
"$$VR2SC,340,13:35:37,52.24431,0.20273,25546,3,12,-12.9,-42.2,4.9*6B0D","2E0NRD,M0DNY_websdr,M0UPU,G8FJG_2,G8KNN,F1OIL,G0WXI",340,13:35:37,52.24431,0.20273,25546,3,12,-12.9,-42.2,4.9
"$$VR2SC,341,13:35:52,52.24448,0.20259,25687,3,12,-11.9,-41.2,4.9*2C80","F1OIL,G8FJG_2,G0WXI,M0DNY_websdr,M0UPU",341,13:35:52,52.24448,0.20259,25687,3,12,-11.9,-41.2,4.9
"$$VR2SC,342,13:36:07,52.24448,0.20333,25817,3,12,-11.9,-40.2,4.9*815B","F1OIL,M0UPU,G0WXI,G8KNN,M0DNY_websdr",342,13:36:07,52.24448,0.20333,25817,3,12,-11.9,-40.2,4.9
"$$VR2SC,343,13:36:22,52.24438,0.20412,25950,3,12,-11.9,-39.3,4.9*0B16","M0DNY_websdr,M0UPU,G8FJG_2,G8KNN,F1OIL,G0WXI",343,13:36:22,52.24438,0.20412,25950,3,12,-11.9,-39.3,4.9
"$$VR2SC,345,13:36:52,52.24486,0.20549,26218,3,12,-11.9,-39.3,4.9*DD36","F1OIL,G8FJG_2,G0WXI,G8KNN,M0UPU",345,13:36:52,52.24486,0.20549,26218,3,12,-11.9,-39.3,4.9
"$$VR2SC,344,13:36:37,52.24460,0.20482,26084,3,12,-11.9,-38.3,4.9*0D92","F1OIL,M0UPU,G0WXI",344,13:36:37,52.2446,0.20482,26084,3,12,-11.9,-38.3,4.9
"$$VR2SC,346,13:37:07,52.24488,0.20652,26356,3,12,-11.9,-38.3,4.9*2AA4","F1OIL,M0UPU,G0WXI,G8KNN,EARS_chase",346,13:37:07,52.24488,0.20652,26356,3,12,-11.9,-38.3,4.9
"$$VR2SC,347,13:37:22,52.24465,0.20712,26484,3,12,-11.9,-37.3,4.9*897E","2E0NRD,M0DNY_websdr,M0UPU,G8FJG_2,G8KNN,F1OIL",347,13:37:22,52.24465,0.20712,26484,3,12,-11.9,-37.3,4.9
"$$VR2SC,348,13:37:37,52.24422,0.20756,26611,3,12,-11.9,-37.3,4.9*542D","2E0NRD,M0DNY_websdr,M0UPU,G8FJG_2,G8KNN,RevSpace,F1OIL,G0WXI",348,13:37:37,52.24422,0.20756,26611,3,12,-11.9,-37.3,4.9
"$$VR2SC,349,13:37:52,52.24378,0.20762,26734,3,12,-11.9,-36.3,4.9*2069","2E0NRD,MH,M0DNY_websdr,M0UPU,G8FJG_2,G8KNN,RevSpace,F1OIL,2E0PNP,G0WXI,EARS_chase",349,13:37:52,52.24378,0.20762,26734,3,12,-11.9,-36.3,4.9
"$$VR2SC,350,13:38:07,52.24354,0.20772,26840,3,12,-10.9,-35.4,4.9*9A36","2E0NRD,MH,M0DNY_websdr,G8FJG_2,G8KNN,RevSpace,F1OIL,G0WXI",350,13:38:07,52.24354,0.20772,26840,3,12,-10.9,-35.4,4.9
"$$VR2SC,351,13:38:22,52.24325,0.20801,26955,3,12,-11.9,-33.4,4.9*A382","2E0NRD,MH,M0DNY_websdr,M0UPU,G8FJG_2,RevSpace,F1OIL,G0WXI",351,13:38:22,52.24325,0.20801,26955,3,12,-11.9,-33.4,4.9
"$$VR2SC,352,13:38:37,52.24311,0.20795,27073,3,12,-11.9,-33.4,4.9*2C6A","2E0NRD,MH,M0DNY_websdr,M0UPU,G8FJG_2,RevSpace,F1OIL,G0WXI",352,13:38:37,52.24311,0.20795,27073,3,12,-11.9,-33.4,4.9
"$$VR2SC,353,13:38:52,52.24275,0.20917,27190,3,12,-11.9,-33.4,4.9*89DD","2E0NRD,MH,M0DNY_websdr,M0UPU,M0DTS,G8FJG_2,G8KNN,RevSpace,F1OIL,G0WXI",353,13:38:52,52.24275,0.20917,27190,3,12,-11.9,-33.4,4.9
"$$VR2SC,354,13:39:07,52.24221,0.20987,27299,3,12,-11.9,-32.4,4.9*7CD7","2E0NRD,MH,M0DNY_websdr,M0UPU,G8FJG_2,F1OIL,G0WXI",354,13:39:07,52.24221,0.20987,27299,3,12,-11.9,-32.4,4.9
"$$VR2SC,355,13:39:22,52.24135,0.21113,27408,3,12,-10.9,-32.4,4.9*CD5D","2E0NRD,MH,M0DNY_websdr,M0UPU,G8FJG_2,RevSpace,F1OIL,G0WXI",355,13:39:22,52.24135,0.21113,27408,3,12,-10.9,-32.4,4.9
"$$VR2SC,356,13:39:37,52.24059,0.21245,27520,3,12,-10.9,-31.4,4.9*DFDE","2E0NRD,MH,M0DNY_websdr,G8FJG_2,G8KNN,RevSpace,F1OIL,G0WXI,G0HDI",356,13:39:37,52.24059,0.21245,27520,3,12,-10.9,-31.4,4.9
"$$VR2SC,357,13:39:52,52.23926,0.21389,27624,3,12,-10.9,-31.4,4.9*4809","2E0NRD,MH,M0DNY_websdr,M0UPU,M0DTS,G8FJG_2,G8KNN,RevSpace,F1OIL,EARS_chase,G0HDI",357,13:39:52,52.23926,0.21389,27624,3,12,-10.9,-31.4,4.9
"$$VR2SC,358,13:40:07,52.23812,0.21517,27729,3,12,-10.9,-30.5,4.9*7CC1","2E0NRD,MH,M0DNY_websdr,M0UPU,G8FJG_2,G8KNN,F1OIL,G0WXI",358,13:40:07,52.23812,0.21517,27729,3,12,-10.9,-30.5,4.9
"$$VR2SC,359,13:40:22,52.23726,0.21653,27842,3,12,-10.9,-30.5,4.9*8697","2E0NRD,MH,M0DNY_websdr,M0UPU,RevSpace,F1OIL,G0WXI,G0HDI",359,13:40:22,52.23726,0.21653,27842,3,12,-10.9,-30.5,4.9
"$$VR2SC,360,13:40:37,52.23667,0.21778,27953,3,12,-10.9,-29.5,4.9*14B3","2E0NRD,MH,M0DNY_websdr,M0UPU,M0DTS,G8FJG_2,RevSpace,F1OIL,G0WXI,G0HDI",360,13:40:37,52.23667,0.21778,27953,3,12,-10.9,-29.5,4.9
"$$VR2SC,361,13:40:52,52.23575,0.21886,28064,3,12,-10.9,-29.5,4.9*1C92","2E0NRD,MH,M0DNY_websdr,M0UPU,M0DTS,G8FJG_2,G8KNN,RevSpace,F1OIL,G0WXI,G0HDI",361,13:40:52,52.23575,0.21886,28064,3,12,-10.9,-29.5,4.9
"$$VR2SC,362,13:41:07,52.23445,0.21893,28172,3,12,-10.9,-28.5,4.9*E5B5","2E0NRD,MH,M0DNY_websdr,M0DTS,G8FJG_2,RevSpace,F1OIL,G0WXI,G0HDI",362,13:41:07,52.23445,0.21893,28172,3,12,-10.9,-28.5,4.9
"$$VR2SC,363,13:41:22,52.23319,0.21881,28280,3,12,-10.9,-27.5,4.9*7BDE","2E0NRD,MH,M0DNY_websdr,M0UPU,M0DTS,G8FJG_2,RevSpace,F1OIL,G0WXI,G0HDI",363,13:41:22,52.23319,0.21881,28280,3,12,-10.9,-27.5,4.9
"$$VR2SC,364,13:41:37,52.23220,0.21864,28398,3,12,-10.9,-27.5,4.9*561C","2E0NRD,MH,M0DNY_websdr,M0UPU,G8FJG_2,RevSpace,F1OIL,G0WXI,G0HDI",364,13:41:37,52.2322,0.21864,28398,3,12,-10.9,-27.5,4.9
"$$VR2SC,365,13:41:52,52.23154,0.21819,28509,3,12,-10.9,-26.6,4.9*4D1D","2E0NRD,MH,M0DNY_websdr,M0UPU,RevSpace,F1OIL,G0WXI,G0HDI",365,13:41:52,52.23154,0.21819,28509,3,12,-10.9,-26.6,4.9
"$$VR2SC,366,13:42:07,52.23121,0.21757,28631,3,12,-10.0,-25.6,4.9*49AB","2E0NRD,MH,M0DNY_websdr,M0UPU,M0DTS,G8FJG_2,RevSpace,F1OIL,G0WXI,G0HDI",366,13:42:07,52.23121,0.21757,28631,3,12,-10.0,-25.6,4.9
"$$VR2SC,367,13:42:22,52.23123,0.21784,28740,3,12,-10.0,-25.6,4.9*9AEC","2E0NRD,MH,M0DNY_websdr,M0UPU,M0DTS,G8FJG_2,F1OIL,G0WXI,G0HDI",367,13:42:22,52.23123,0.21784,28740,3,12,-10.0,-25.6,4.9
"$$VR2SC,368,13:42:37,52.23120,0.21826,28855,3,13,-10.0,-25.6,4.9*1107","2E0NRD,MH,M0DNY_websdr,M0UPU,M0DTS,G8FJG_2,RevSpace,F1OIL,G0WXI,G0HDI",368,13:42:37,52.2312,0.21826,28855,3,13,-10.0,-25.6,4.9
"$$VR2SC,371,13:43:22,52.22981,0.21767,29187,3,13,-10.0,-23.6,4.9*750D","M0UPU,G0WXI",371,13:43:22,52.22981,0.21767,29187,3,13,-10.0,-23.6,4.9
"$$VR2SC,369,13:42:52,52.23083,0.21832,28963,3,13,-10.0,-24.6,4.9*70B1","2E0NRD,MH,M0DNY_websdr,M0UPU,G8FJG_2,G8KNN,RevSpace,F1OIL,G0WXI,G0HDI",369,13:42:52,52.23083,0.21832,28963,3,13,-10.0,-24.6,4.9
"$$VR2SC,372,13:43:37,52.22892,0.21662,28918,3,14,-10.0,-24.6,4.9*BDA5","M0UPU,G0WXI",372,13:43:37,52.22892,0.21662,28918,3,14,-10.0,-24.6,4.9
"$$VR2SC,370,13:43:07,52.23032,0.21821,29074,3,13,-10.0,-24.6,4.9*DBD9","2E0NRD,MH,M0DNY_websdr,M0UPU,M0DTS,G8FJG_2,F1OIL,G0HDI",370,13:43:07,52.23032,0.21821,29074,3,13,-10.0,-24.6,4.9
"$$VR2SC,373,13:43:52,52.22808,0.21600,28257,3,14,-9.0,-27.5,4.9*FC4A","VR2SPC,G0WXI",373,13:43:52,52.22808,0.216,28257,3,14,-9.0,-27.5,4.9
"$$VR2SC,374,13:43:52,52.22808,0.21600,28257,3,14,-9.0,-30.5,4.9*3D4A","VR2SPC,G8FJG_2,G0WXI",374,13:43:52,52.22808,0.216,28257,3,14,-9.0,-30.5,4.9
"$$VR2SC,376,13:44:21,52.22614,0.21892,27023,3,14,-9.0,-35.4,4.9*5D82","VR2SPC,G0WXI",376,13:44:21,52.22614,0.21892,27023,3,14,-9.0,-35.4,4.9
"$$VR2SC,378,13:45:05,52.22508,0.21927,25418,3,14,-9.0,-38.3,4.9*31CF","G0WXI,G8KNN",378,13:45:05,52.22508,0.21927,25418,3,14,-9.0,-38.3,4.9
"$$VR2SC,375,13:44:21,52.22614,0.21892,27023,3,14,-9.0,-33.4,4.9*7C82","VR2SPC,G0WXI,G8KNN",375,13:44:21,52.22614,0.21892,27023,3,14,-9.0,-33.4,4.9
"$$VR2SC,377,13:44:50,52.22525,0.21928,25928,3,14,-10.0,-37.3,4.9*BC43","M0UPU,VR2SPC,G0WXI,G8KNN",377,13:44:50,52.22525,0.21928,25928,3,14,-10.0,-37.3,4.9
"$$VR2SC,379,13:45:05,52.22508,0.21927,25418,3,14,-9.0,-41.2,4.9*F8B6","G0WXI,G8FJG_2",379,13:45:05,52.22508,0.21927,25418,3,14,-9.0,-41.2,4.9
"$$VR2SC,381,13:45:49,52.22401,0.22038,24029,3,14,-9.0,-43.2,4.9*2224","M0UPU,G0WXI,G8KNN",381,13:45:49,52.22401,0.22038,24029,3,14,-9.0,-43.2,4.9
"$$VR2SC,382,13:45:49,52.22401,0.22038,24029,3,14,-10.0,-44.1,4.9*8221","G0WXI,G8KNN",382,13:45:49,52.22401,0.22038,24029,3,14,-10.0,-44.1,4.9
"$$VR2SC,380,13:45:34,52.22450,0.21983,24479,3,14,-10.0,-42.2,4.9*97B4","G8FJG_2,G0WXI,G8KNN",380,13:45:34,52.2245,0.21983,24479,3,14,-10.0,-42.2,4.9
"$$VR2SC,383,13:45:49,52.22401,0.22038,24029,3,14,-10.0,-44.1,4.9*1E46","G0WXI,G8KNN",383,13:45:49,52.22401,0.22038,24029,3,14,-10.0,-44.1,4.9
"$$VR2SC,388,13:47:33,52.22315,0.22757,21276,3,14,-10.0,-50.0,4.9*48C5",G0WXI,388,13:47:33,52.22315,0.22757,21276,3,14,-10.0,-50.0,4.9
"$$VR2SC,384,13:46:19,52.22382,0.22198,23184,3,14,-10.0,-45.1,4.9*C7CF","VR2SPC,M0UPU,G0WXI,G8KNN",384,13:46:19,52.22382,0.22198,23184,3,14,-10.0,-45.1,4.9
"$$VR2SC,385,13:46:48,52.22332,0.22313,22394,3,14,-10.0,-47.1,4.9*E819","VR2SPC,G0WXI,G8KNN",385,13:46:48,52.22332,0.22313,22394,3,14,-10.0,-47.1,4.9
"$$VR2SC,386,13:47:03,52.22282,0.22365,22003,3,14,-10.0,-48.0,4.9*9EB8","G0WXI,G8FJG_2,G8KNN",386,13:47:03,52.22282,0.22365,22003,3,14,-10.0,-48.0,4.9
"$$VR2SC,387,13:47:18,52.22300,0.22562,21632,3,14,-10.0,-49.0,4.9*ACC6","VR2SPC,G0WXI,G8KNN",387,13:47:18,52.223,0.22562,21632,3,14,-10.0,-49.0,4.9
"$$VR2SC,389,13:47:48,52.22288,0.22858,20925,3,14,-10.0,-50.0,4.9*5899","VR2SPC,M0DTS,G0WXI,G8KNN",389,13:47:48,52.22288,0.22858,20925,3,14,-10.0,-50.0,4.9
"$$VR2SC,392,13:48:33,52.22186,0.23279,19936,3,14,-10.0,-50.0,4.9*D086","VR2SPC,G0WXI",392,13:48:33,52.22186,0.23279,19936,3,14,-10.0,-50.0,4.9
"$$VR2SC,390,13:48:03,52.22214,0.23009,20584,3,14,-10.0,-50.0,4.9*0C00","VR2SPC,G8FJG_2,G0WXI,G8KNN",390,13:48:03,52.22214,0.23009,20584,3,14,-10.0,-50.0,4.9
"$$VR2SC,391,13:48:18,52.22168,0.23163,20258,3,14,-10.0,-50.0,4.9*4960","G0WXI,G8FJG_2,G8KNN",391,13:48:18,52.22168,0.23163,20258,3,14,-10.0,-50.0,4.9
"$$VR2SC,393,13:48:48,52.22157,0.23412,19616,3,14,-10.9,-50.0,4.9*9585","VR2SPC,G0WXI,G8FJG_2,G8KNN",393,13:48:48,52.22157,0.23412,19616,3,14,-10.9,-50.0,4.9
"$$VR2SC,397,13:49:48,52.22238,0.23882,18417,3,14,-10.9,-50.0,4.9*A3FF","G0WXI,G8KNN",397,13:49:48,52.22238,0.23882,18417,3,14,-10.9,-50.0,4.9
"$$VR2SC,394,13:49:03,52.22193,0.23547,19303,3,14,-10.9,-50.0,4.9*DAA1","VR2SPC,G0WXI,G8KNN",394,13:49:03,52.22193,0.23547,19303,3,14,-10.9,-50.0,4.9
"$$VR2SC,395,13:49:18,52.22220,0.23640,18996,3,14,-10.9,-50.0,4.9*0B46","VR2SPC,G8FJG_2,G0WXI,G8KNN",395,13:49:18,52.2222,0.2364,18996,3,14,-10.9,-50.0,4.9
"$$VR2SC,396,13:49:33,52.22214,0.23760,18703,3,14,-10.9,-50.0,4.9*AF17","VR2SPC,M0DTS,G0WXI,G8KNN",396,13:49:33,52.22214,0.2376,18703,3,14,-10.9,-50.0,4.9
"$$VR2SC,398,13:50:03,52.22269,0.24115,18126,3,14,-10.9,-50.0,4.9*8D4A","VR2SPC,G0WXI,G8KNN",398,13:50:03,52.22269,0.24115,18126,3,14,-10.9,-50.0,4.9
"$$VR2SC,399,13:50:18,52.22284,0.24307,17842,3,13,-10.9,-50.0,4.9*6394","VR2SPC,G0WXI,G8KNN",399,13:50:18,52.22284,0.24307,17842,3,13,-10.9,-50.0,4.9
"$$VR2SC,401,13:50:48,52.22338,0.24701,17292,3,15,-11.9,-50.0,4.9*0063","G0WXI,G8FJG_2,PE2G,G8KNN,VR2SPC",401,13:50:48,52.22338,0.24701,17292,3,15,-11.9,-50.0,4.9
"$$VR2SC,403,13:51:18,52.22335,0.25087,16755,3,15,-12.9,-50.0,4.9*4E84","G0WXI,G8KNN",403,13:51:18,52.22335,0.25087,16755,3,15,-12.9,-50.0,4.9
"$$VR2SC,400,13:50:33,52.22305,0.24485,17562,3,14,-11.9,-50.0,4.9*59E4","VR2SPC,G0WXI,G8FJG_2,G8KNN",400,13:50:33,52.22305,0.24485,17562,3,14,-11.9,-50.0,4.9
"$$VR2SC,405,13:51:48,52.22354,0.25586,16251,3,15,-12.9,-50.0,4.9*69EA","G0WXI,G8KNN",405,13:51:48,52.22354,0.25586,16251,3,15,-12.9,-50.0,4.9
"$$VR2SC,402,13:51:03,52.22315,0.24903,17016,3,15,-11.9,-50.0,4.9*B803","VR2SPC,G0WXI,G8KNN",402,13:51:03,52.22315,0.24903,17016,3,15,-11.9,-50.0,4.9
"$$VR2SC,406,13:52:03,52.22382,0.25792,16022,3,15,-12.9,-50.0,4.9*6F97","M0DTS,G0WXI,EARS_chase",406,13:52:03,52.22382,0.25792,16022,3,15,-12.9,-50.0,4.9
"$$VR2SC,404,13:51:33,52.22356,0.25299,16498,3,15,-12.9,-50.0,4.9*7988","VR2SPC,G0WXI,G8KNN,EARS_chase",404,13:51:33,52.22356,0.25299,16498,3,15,-12.9,-50.0,4.9
"$$VR2SC,407,13:52:18,52.22418,0.26025,15788,3,15,-12.9,-50.0,4.9*EF93","VR2SPC,M0UPU,G8FJG_2,G8KNN,F1OIL,G0WXI",407,13:52:18,52.22418,0.26025,15788,3,15,-12.9,-50.0,4.9
"$$VR2SC,408,13:52:33,52.22464,0.26207,15551,3,15,-13.9,-50.0,4.9*1C76","2E0NRD,M0UPU,G8FJG_2,F1OIL,G0WXI,EARS_chase",408,13:52:33,52.22464,0.26207,15551,3,15,-13.9,-50.0,4.9
"$$VR2SC,409,13:52:48,52.22516,0.26376,15320,3,15,-13.9,-50.0,4.9*3714","F1OIL,G8FJG_2,G0WXI,G8KNN,EARS_chase",409,13:52:48,52.22516,0.26376,15320,3,15,-13.9,-50.0,4.9
"$$VR2SC,411,13:53:18,52.22602,0.26796,14866,3,15,-13.9,-50.0,4.9*8129","G8FJG_2,G0WXI,EARS_chase",411,13:53:18,52.22602,0.26796,14866,3,15,-13.9,-50.0,4.9
"$$VR2SC,410,13:53:03,52.22550,0.26546,15092,3,15,-13.9,-50.0,4.9*FD34","G0WXI,G8KNN,EARS_chase",410,13:53:03,52.2255,0.26546,15092,3,15,-13.9,-50.0,4.9
"$$VR2SC,412,13:53:33,52.22617,0.27024,14643,3,15,-14.8,-50.0,4.9*A79B","M0UPU,G0WXI,G8FJG_2,EARS_chase",412,13:53:33,52.22617,0.27024,14643,3,15,-14.8,-50.0,4.9
"$$VR2SC,413,13:53:48,52.22643,0.27281,14416,3,15,-14.8,-50.0,4.9*ABB3","VR2SPC,G0WXI,G8FJG_2,EARS_chase",413,13:53:48,52.22643,0.27281,14416,3,15,-14.8,-50.0,4.9
"$$VR2SC,414,13:54:03,52.22687,0.27558,14199,3,15,-14.8,-50.0,4.9*25F4","VR2SPC,G8FJG_2,G0WXI",414,13:54:03,52.22687,0.27558,14199,3,15,-14.8,-50.0,4.9
"$$VR2SC,416,13:54:33,52.22852,0.28056,13782,3,15,-15.8,-50.0,4.9*5B86","G0WXI,G8FJG_2",416,13:54:33,52.22852,0.28056,13782,3,15,-15.8,-50.0,4.9
"$$VR2SC,415,13:54:18,52.22744,0.27797,13982,3,15,-15.8,-50.0,4.9*6590","M0UPU,G0WXI,G8FJG_2,G8KNN,VR2SPC",415,13:54:18,52.22744,0.27797,13982,3,15,-15.8,-50.0,4.9
"$$VR2SC,422,13:56:03,52.23153,0.29680,12626,3,14,-17.8,-49.0,4.9*90B8",G0WXI,422,13:56:03,52.23153,0.2968,12626,3,14,-17.8,-49.0,4.9
"$$VR2SC,419,13:55:18,52.22977,0.28881,13192,3,15,-16.8,-50.0,4.9*D0D7","VR2SPC,G0WXI",419,13:55:18,52.22977,0.28881,13192,3,15,-16.8,-50.0,4.9
"$$VR2SC,423,13:56:18,52.23205,0.29900,12444,3,14,-17.8,-49.0,4.9*AD6D",G0WXI,423,13:56:18,52.23205,0.299,12444,3,14,-17.8,-49.0,4.9
"$$VR2SC,417,13:54:48,52.22909,0.28309,13580,3,15,-15.8,-50.0,4.9*B665","VR2SPC,G0WXI,G8FJG_2,G8KNN",417,13:54:48,52.22909,0.28309,13580,3,15,-15.8,-50.0,4.9
"$$VR2SC,424,13:56:33,52.23257,0.30151,12261,3,14,-17.8,-49.0,4.9*D8A3",G0WXI,424,13:56:33,52.23257,0.30151,12261,3,14,-17.8,-49.0,4.9
"$$VR2SC,418,13:55:03,52.22943,0.28590,13384,3,15,-15.8,-50.0,4.9*E99B","VR2SPC,G0WXI,G8FJG_2,G8KNN",418,13:55:03,52.22943,0.2859,13384,3,15,-15.8,-50.0,4.9
"$$VR2SC,426,13:57:03,52.23312,0.30715,11905,3,14,-18.8,-50.0,4.9*5608",G0WXI,426,13:57:03,52.23312,0.30715,11905,3,14,-18.8,-50.0,4.9
"$$VR2SC,420,13:55:33,52.23023,0.29125,12998,3,15,-16.8,-50.0,4.9*792E","VR2SPC,G0WXI,G8KNN",420,13:55:33,52.23023,0.29125,12998,3,15,-16.8,-50.0,4.9
"$$VR2SC,427,13:57:18,52.23352,0.31043,11733,3,14,-18.8,-50.0,4.9*8E8D",G0WXI,427,13:57:18,52.23352,0.31043,11733,3,14,-18.8,-50.0,4.9
"$$VR2SC,421,13:55:48,52.23078,0.29419,12812,3,15,-16.8,-50.0,4.9*3623","VR2SPC,G0WXI,G8FJG_2,G8KNN",421,13:55:48,52.23078,0.29419,12812,3,15,-16.8,-50.0,4.9
"$$VR2SC,429,13:57:48,52.23471,0.31802,11397,3,14,-19.7,-50.0,4.9*9B0F",G0WXI,429,13:57:48,52.23471,0.31802,11397,3,14,-19.7,-50.0,4.9
"$$VR2SC,430,13:58:03,52.23561,0.32159,11231,3,14,-19.7,-50.0,4.9*2C45",G0WXI,430,13:58:03,52.23561,0.32159,11231,3,14,-19.7,-50.0,4.9
"$$VR2SC,425,13:56:48,52.23288,0.30404,12083,3,14,-17.8,-49.0,4.9*BBAB",G8KNN,425,13:56:48,52.23288,0.30404,12083,3,14,-17.8,-49.0,4.9
"$$VR2SC,435,13:59:18,52.23692,0.33989,10427,3,13,-21.7,-50.0,4.9*5F35",G0WXI,435,13:59:18,52.23692,0.33989,10427,3,13,-21.7,-50.0,4.9
"$$VR2SC,433,13:58:48,52.23686,0.33217,10740,3,13,-20.7,-50.0,4.9*4EB0","G0WXI,G8FJG_2",433,13:58:48,52.23686,0.33217,10740,3,13,-20.7,-50.0,4.9
"$$VR2SC,432,13:58:33,52.23661,0.32871,10899,3,13,-20.7,-50.0,4.9*EAB6","VR2SPC,G8FJG_2,G0WXI",432,13:58:33,52.23661,0.32871,10899,3,13,-20.7,-50.0,4.9
"$$VR2SC,431,13:58:18,52.23627,0.32506,11064,3,13,-19.7,-50.0,4.9*453F",G8FJG_2,431,13:58:18,52.23627,0.32506,11064,3,13,-19.7,-50.0,4.9
"$$VR2SC,437,13:59:48,52.23710,0.34709,10121,3,13,-21.7,-50.0,4.9*BC0C",G0WXI,437,13:59:48,52.2371,0.34709,10121,3,13,-21.7,-50.0,4.9
"$$VR2SC,438,14:00:03,52.23727,0.35061,9972,3,13,-21.7,-49.0,4.9*C430",G0WXI,438,14:00:03,52.23727,0.35061,9972,3,13,-21.7,-49.0,4.9
"$$VR2SC,439,14:00:03,52.23727,0.35061,9972,3,13,-22.7,-48.0,4.9*3C08",G0WXI,439,14:00:03,52.23727,0.35061,9972,3,13,-22.7,-48.0,4.9
"$$VR2SC,441,14:00:32,52.23750,0.35707,9687,3,12,-23.6,-45.1,4.9*7932",G0WXI,441,14:00:32,52.2375,0.35707,9687,3,12,-23.6,-45.1,4.9
"$$VR2SC,434,13:59:03,52.23694,0.33596,10583,3,13,-20.7,-50.0,4.9*61B4",VR2SPC,434,13:59:03,52.23694,0.33596,10583,3,13,-20.7,-50.0,4.9
"$$VR2SC,440,14:00:32,52.23750,0.35707,9687,3,12,-22.7,-47.1,4.9*0B07","G0WXI,G8FJG_2",440,14:00:32,52.2375,0.35707,9687,3,12,-22.7,-47.1,4.9
"$$VR2SC,445,14:01:30,52.23806,0.36824,9139,3,12,-24.6,-42.2,4.9*900B",G0WXI,445,14:01:30,52.23806,0.36824,9139,3,12,-24.6,-42.2,4.9
"$$VR2SC,446,14:01:59,52.23822,0.37326,8871,3,11,-24.6,-41.2,4.9*7294","G0WXI,G8KNN",446,14:01:59,52.23822,0.37326,8871,3,11,-24.6,-41.2,4.9
"$$VR2SC,448,14:02:28,52.23841,0.37825,8604,3,11,-24.6,-39.3,4.9*C22A","G0WXI,G8KNN",448,14:02:28,52.23841,0.37825,8604,3,11,-24.6,-39.3,4.9
"$$VR2SC,447,14:01:59,52.23822,0.37326,8871,3,11,-24.6,-41.2,4.9*FD68","G0WXI,G8FJG_2,G8KNN",447,14:01:59,52.23822,0.37326,8871,3,11,-24.6,-41.2,4.9
"$$VR2SC,449,14:02:28,52.23841,0.37825,8604,3,11,-24.6,-37.3,4.9*7F5E","G0WXI,G8KNN",449,14:02:28,52.23841,0.37825,8604,3,11,-24.6,-37.3,4.9
"$$VR2SC,450,14:02:57,52.23874,0.38338,8338,3,11,-24.6,-36.3,4.9*5C3C","G0WXI,G8FJG_2,G8KNN",450,14:02:57,52.23874,0.38338,8338,3,11,-24.6,-36.3,4.9
"$$VR2SC,451,14:02:57,52.23874,0.38338,8338,3,11,-24.6,-36.3,4.9*D3C0","G0WXI,G8FJG_2,G8KNN",451,14:02:57,52.23874,0.38338,8338,3,11,-24.6,-36.3,4.9
"$$VR2SC,456,14:04:24,52.24001,0.39898,7569,3,11,-24.6,-30.5,4.9*692C",G0WXI,456,14:04:24,52.24001,0.39898,7569,3,11,-24.6,-30.5,4.9
"$$VR2SC,453,14:03:26,52.23932,0.38858,8074,3,11,-24.6,-33.4,4.9*5E51","G0WXI,G8FJG_2",453,14:03:26,52.23932,0.38858,8074,3,11,-24.6,-33.4,4.9
"$$VR2SC,454,14:03:55,52.23977,0.39387,7821,3,11,-24.6,-33.4,4.9*B170","G0WXI,G8FJG_2,G8KNN",454,14:03:55,52.23977,0.39387,7821,3,11,-24.6,-33.4,4.9
"$$VR2SC,455,14:03:55,52.23977,0.39387,7821,3,11,-24.6,-31.4,4.9*5E6F","G0WXI,G8FJG_2",455,14:03:55,52.23977,0.39387,7821,3,11,-24.6,-31.4,4.9
"$$VR2SC,452,14:03:26,52.23932,0.38858,8074,3,11,-24.6,-35.4,4.9*7088","VR2SPC,G0WXI,G8KNN",452,14:03:26,52.23932,0.38858,8074,3,11,-24.6,-35.4,4.9
"$$VR2SC,457,14:04:24,52.24001,0.39898,7569,3,11,-24.6,-30.5,4.9*E6D0","G0WXI,G8FJG_2,G8KNN",457,14:04:24,52.24001,0.39898,7569,3,11,-24.6,-30.5,4.9
"$$VR2SC,458,14:04:53,52.23996,0.40334,7323,3,11,-24.6,-28.5,4.9*AB74","VR2SPC,G8FJG_2,G0WXI,G8KNN",458,14:04:53,52.23996,0.40334,7323,3,11,-24.6,-28.5,4.9
"$$VR2SC,459,14:04:53,52.23996,0.40334,7323,3,11,-24.6,-28.5,4.9*2488","VR2SPC,G8FJG_2,G0WXI,G8KNN",459,14:04:53,52.23996,0.40334,7323,3,11,-24.6,-28.5,4.9
"$$VR2SC,461,14:05:22,52.23992,0.40742,7082,3,11,-23.6,-26.6,4.9*26D5","VR2SPC,G8FJG_2,G0WXI,G8KNN",461,14:05:22,52.23992,0.40742,7082,3,11,-23.6,-26.6,4.9
"$$VR2SC,466,14:06:49,52.23951,0.41927,6389,3,11,-22.7,-21.7,4.9*1BB4",G0WXI,466,14:06:49,52.23951,0.41927,6389,3,11,-22.7,-21.7,4.9
"$$VR2SC,463,14:05:51,52.23982,0.41116,6846,3,11,-23.6,-24.6,4.9*9A9E","G0WXI,G8FJG_2",463,14:05:51,52.23982,0.41116,6846,3,11,-23.6,-24.6,4.9
"$$VR2SC,460,14:05:22,52.23992,0.40742,7082,3,11,-24.6,-27.5,4.9*3592","VR2SPC,G0WXI,G8KNN",460,14:05:22,52.23992,0.40742,7082,3,11,-24.6,-27.5,4.9
"$$VR2SC,462,14:05:51,52.23982,0.41116,6846,3,11,-23.6,-25.6,4.9*AD03","VR2SPC,G8FJG_2,G0WXI,G8KNN",462,14:05:51,52.23982,0.41116,6846,3,11,-23.6,-25.6,4.9
"$$VR2SC,464,14:06:20,52.23979,0.41492,6615,3,11,-23.6,-23.6,4.9*1A2E","G0WXI,G8FJG_2,G8KNN",464,14:06:20,52.23979,0.41492,6615,3,11,-23.6,-23.6,4.9
"$$VR2SC,465,14:06:20,52.23979,0.41492,6615,3,11,-22.7,-22.7,4.9*1AC8","G0WXI,G8FJG_2",465,14:06:20,52.23979,0.41492,6615,3,11,-22.7,-22.7,4.9
"$$VR2SC,471,14:07:47,52.23937,0.42774,5943,3,11,-21.7,-17.8,4.9*4A90",G0WXI,471,14:07:47,52.23937,0.42774,5943,3,11,-21.7,-17.8,4.9
"$$VR2SC,472,14:08:16,52.23899,0.43128,5720,3,11,-20.7,-16.8,4.9*9C3C",G0WXI,472,14:08:16,52.23899,0.43128,5720,3,11,-20.7,-16.8,4.9
"$$VR2SC,469,14:07:18,52.23938,0.42354,6166,3,11,-22.7,-18.8,4.9*304C","G0WXI,G8FJG_2",469,14:07:18,52.23938,0.42354,6166,3,11,-22.7,-18.8,4.9
"$$VR2SC,473,14:08:16,52.23899,0.43128,5720,3,11,-20.7,-15.8,4.9*CB42",G0WXI,473,14:08:16,52.23899,0.43128,5720,3,11,-20.7,-15.8,4.9
"$$VR2SC,470,14:07:47,52.23937,0.42774,5943,3,11,-21.7,-17.8,4.9*C56C","G0WXI,G8FJG_2",470,14:07:47,52.23937,0.42774,5943,3,11,-21.7,-17.8,4.9
"$$VR2SC,478,14:09:43,52.23701,0.44166,5060,3,11,-19.7,-11.9,4.9*D09F",G0WXI,478,14:09:43,52.23701,0.44166,5060,3,11,-19.7,-11.9,4.9
"$$VR2SC,479,14:09:43,52.23701,0.44166,5060,3,11,-18.8,-11.9,4.9*9133",G0WXI,479,14:09:43,52.23701,0.44166,5060,3,11,-18.8,-11.9,4.9
"$$VR2SC,482,14:10:41,52.23597,0.44792,4619,3,11,-17.8,-10.0,4.9*A4AC",G0WXI,482,14:10:41,52.23597,0.44792,4619,3,11,-17.8,-10.0,4.9
"$$VR2SC,484,14:11:10,52.23569,0.45097,4387,3,11,-16.8,-8.0,4.9*D93B",G0WXI,484,14:11:10,52.23569,0.45097,4387,3,11,-16.8,-8.0,4.9
"$$VR2SC,485,14:11:24,52.23552,0.45264,4276,3,11,-16.8,-8.0,4.9*FF24","G8FJG_2,G0WXI,G8KNN",485,14:11:24,52.23552,0.45264,4276,3,11,-16.8,-8.0,4.9
"$$VR2SC,489,14:12:20,52.23421,0.45791,3852,3,11,-14.8,-6.1,4.9*3C9D","G0WXI,G8FJG_2,G8KNN",489,14:12:20,52.23421,0.45791,3852,3,11,-14.8,-6.1,4.9
"$$VR2SC,487,14:11:52,52.23493,0.45532,4072,3,11,-15.8,-7.0,4.9*D5AA","VR2SPC,G8FJG_2,G0WXI,G8KNN",487,14:11:52,52.23493,0.45532,4072,3,11,-15.8,-7.0,4.9
"$$VR2SC,486,14:11:38,52.23531,0.45384,4175,3,11,-15.8,-7.0,4.9*A343","VR2SPC,G8FJG_2,G0WXI,G8KNN",486,14:11:38,52.23531,0.45384,4175,3,11,-15.8,-7.0,4.9
"$$VR2SC,488,14:12:06,52.23458,0.45657,3962,3,11,-15.8,-7.0,4.9*7E04","G8FJG_2,G8KNN",488,14:12:06,52.23458,0.45657,3962,3,11,-15.8,-7.0,4.9
"$$VR2SC,490,14:12:34,52.23362,0.45910,3752,3,11,-13.9,-5.1,4.9*5DD4","VR2SPC,G0WXI,G8FJG_2,G8KNN,M6EVT",490,14:12:34,52.23362,0.4591,3752,3,11,-13.9,-5.1,4.9
"$$VR2SC,494,14:13:30,52.23215,0.46389,3382,3,11,-11.9,-3.1,4.9*B0B6","G8FJG_2,G0WXI,G8KNN",494,14:13:30,52.23215,0.46389,3382,3,11,-11.9,-3.1,4.9
"$$VR2SC,492,14:13:02,52.23274,0.46128,3552,3,11,-12.9,-4.1,4.9*DAC2","VR2SPC,G0WXI",492,14:13:02,52.23274,0.46128,3552,3,11,-12.9,-4.1,4.9
"$$VR2SC,493,14:13:16,52.23245,0.46258,3464,3,11,-12.9,-4.1,4.9*6186","VR2SPC,G0WXI,G8KNN,M6EVT",493,14:13:16,52.23245,0.46258,3464,3,11,-12.9,-4.1,4.9
"$$VR2SC,491,14:12:48,52.23304,0.46024,3649,3,11,-13.9,-5.1,4.9*13C5","VR2SPC,G8FJG_2,G8KNN",491,14:12:48,52.23304,0.46024,3649,3,11,-13.9,-5.1,4.9
"$$VR2SC,495,14:13:44,52.23194,0.46524,3306,3,11,-11.9,-3.1,4.9*35E1","VR2SPC,G8FJG_2,G0WXI,G8KNN",495,14:13:44,52.23194,0.46524,3306,3,11,-11.9,-3.1,4.9
"$$VR2SC,499,14:14:40,52.23087,0.47023,3002,3,11,-10.0,-2.1,4.9*6DC6","G0WXI,G8KNN",499,14:14:40,52.23087,0.47023,3002,3,11,-10.0,-2.1,4.9
"$$VR2SC,497,14:14:12,52.23137,0.46780,3154,3,11,-10.9,-2.1,4.9*A426","VR2SPC,G8FJG_2,G0WXI,G8KNN",497,14:14:12,52.23137,0.4678,3154,3,11,-10.9,-2.1,4.9
"$$VR2SC,496,14:13:58,52.23163,0.46658,3228,3,11,-10.9,-3.1,4.9*E225","VR2SPC,G8FJG_2,G8KNN,M6EVT",496,14:13:58,52.23163,0.46658,3228,3,11,-10.9,-3.1,4.9
"$$VR2SC,498,14:14:26,52.23111,0.46908,3075,3,11,-10.0,-2.1,4.9*C369","VR2SPC,G0WXI,G8KNN",498,14:14:26,52.23111,0.46908,3075,3,11,-10.0,-2.1,4.9
"$$VR2SC,502,14:15:22,52.23010,0.47458,2793,3,11,-9.0,-1.2,4.9*7012","G0WXI,G8FJG_2",502,14:15:22,52.2301,0.47458,2793,3,11,-9.0,-1.2,4.9
"$$VR2SC,501,14:15:08,52.23030,0.47321,2870,3,11,-9.0,-1.2,4.9*DF5E","G8FJG_2,G0WXI,G8KNN,M6EVT",501,14:15:08,52.2303,0.47321,2870,3,11,-9.0,-1.2,4.9
"$$VR2SC,500,14:14:54,52.23062,0.47152,2942,3,11,-10.0,-2.1,4.9*A5ED",G8KNN,500,14:14:54,52.23062,0.47152,2942,3,11,-10.0,-2.1,4.9
"$$VR2SC,503,14:15:36,52.22996,0.47622,2711,3,11,-8.0,-1.2,4.9*F11B","VR2SPC,G8FJG_2,G0WXI,G8KNN",503,14:15:36,52.22996,0.47622,2711,3,11,-8.0,-1.2,4.9
"$$VR2SC,504,14:15:50,52.22983,0.47784,2627,3,11,-8.0,-0.2,4.9*0684","G8FJG_2,G0WXI,G8KNN",504,14:15:50,52.22983,0.47784,2627,3,11,-8.0,-0.2,4.9
"$$VR2SC,506,14:16:18,52.22997,0.48071,2456,3,12,-7.0,0.8,4.9*B7F4","G0WXI,G8FJG_2,G8KNN",506,14:16:18,52.22997,0.48071,2456,3,12,-7.0,0.8,4.9
"$$VR2SC,505,14:16:04,52.22992,0.47922,2544,3,12,-7.0,-0.2,4.9*2258",G8KNN,505,14:16:04,52.22992,0.47922,2544,3,12,-7.0,-0.2,4.9
"$$VR2SC,507,14:16:32,52.23014,0.48198,2361,3,12,-6.1,0.8,4.9*BC53","G0WXI,G8KNN,M6EVT",507,14:16:32,52.23014,0.48198,2361,3,12,-6.1,0.8,4.9
"$$VR2SC,508,14:16:46,52.23039,0.48325,2270,3,12,-6.1,1.8,4.9*605C","VR2SPC,G8FJG_2,G0WXI,G8KNN",508,14:16:46,52.23039,0.48325,2270,3,12,-6.1,1.8,4.9
"$$VR2SC,509,14:17:00,52.23053,0.48466,2176,3,12,-5.1,2.7,4.9*9D95","VR2SPC,G8FJG_2,G0WXI,G8KNN",509,14:17:00,52.23053,0.48466,2176,3,12,-5.1,2.7,4.9
"$$VR2SC,512,14:17:42,52.23052,0.48848,1914,3,12,-4.1,3.7,4.9*54F7","G0WXI,G8KNN",512,14:17:42,52.23052,0.48848,1914,3,12,-4.1,3.7,4.9
"$$VR2SC,511,14:17:28,52.23056,0.48721,1997,3,12,-5.1,3.7,4.9*1402","VR2SPC,G0WXI,G8FJG_2,G8KNN,M6EVT",511,14:17:28,52.23056,0.48721,1997,3,12,-5.1,3.7,4.9
"$$VR2SC,510,14:17:14,52.23065,0.48595,2084,3,12,-5.1,2.7,4.9*6023","VR2SPC,G0WXI,G8FJG_2,G8KNN,M6EVT",510,14:17:14,52.23065,0.48595,2084,3,12,-5.1,2.7,4.9
"$$VR2SC,513,14:17:56,52.23056,0.48947,1827,3,12,-4.1,4.7,4.9*579F","G0WXI,G8FJG_2,G8KNN",513,14:17:56,52.23056,0.48947,1827,3,12,-4.1,4.7,4.9
"$$VR2SC,514,14:18:10,52.23066,0.49033,1746,3,12,-3.1,4.7,4.9*ED66","VR2SPC,G0WXI,G8KNN",514,14:18:10,52.23066,0.49033,1746,3,12,-3.1,4.7,4.9
"$$VR2SC,515,14:18:24,52.23049,0.49099,1665,3,12,-3.1,4.7,4.9*94BB","VR2SPC,G0WXI,G8KNN",515,14:18:24,52.23049,0.49099,1665,3,12,-3.1,4.7,4.9
"$$VR2SC,516,14:18:38,52.23045,0.49154,1581,3,12,-2.1,5.7,4.9*0D85","VR2SPC,G8FJG_2,G0WXI,G8KNN",516,14:18:38,52.23045,0.49154,1581,3,12,-2.1,5.7,4.9
"$$VR2SC,518,14:19:06,52.23016,0.49258,1412,3,12,-1.2,6.6,4.9*333D","VR2SPC,G0WXI,G8KNN",518,14:19:06,52.23016,0.49258,1412,3,12,-1.2,6.6,4.9
"$$VR2SC,517,14:18:52,52.23031,0.49202,1497,3,11,-2.1,5.7,4.9*277A","VR2SPC,G8FJG_2,G0WXI,G8KNN",517,14:18:52,52.23031,0.49202,1497,3,11,-2.1,5.7,4.9
"$$VR2SC,520,14:19:34,52.22991,0.49373,1246,3,12,-0.2,7.6,4.9*7D8D","VR2SPC,G0WXI,G8KNN,M6EVT",520,14:19:34,52.22991,0.49373,1246,3,12,-0.2,7.6,4.9
"$$VR2SC,519,14:19:20,52.23007,0.49306,1330,3,12,-1.2,7.6,4.9*49FA","VR2SPC,G8FJG_2,G8KNN",519,14:19:20,52.23007,0.49306,1330,3,12,-1.2,7.6,4.9
"$$VR2SC,521,14:19:48,52.22977,0.49437,1159,3,12,-0.2,8.6,4.9*6A64","VR2SPC,G8FJG_2,G0WXI,G8KNN",521,14:19:48,52.22977,0.49437,1159,3,12,-0.2,8.6,4.9
"$$VR2SC,525,14:20:43,52.22830,0.49627,843,3,12,1.8,9.6,4.9*51FB","VR2SPC,G0WXI,G8KNN",525,14:20:43,52.2283,0.49627,843,3,12,1.8,9.6,4.9
"$$VR2SC,522,14:20:02,52.22970,0.49495,1076,3,12,0.8,8.6,4.9*CEDA","G0WXI,G8FJG_2,G8KNN",522,14:20:02,52.2297,0.49495,1076,3,12,0.8,8.6,4.9
"$$VR2SC,528,14:21:10,52.22676,0.49642,677,3,12,3.7,10.5,4.9*82ED","VR2SPC,G0WXI,G8KNN",528,14:21:10,52.22676,0.49642,677,3,12,3.7,10.5,4.9
"$$VR2SC,529,14:21:10,52.22676,0.49642,677,3,12,3.7,10.5,4.9*3F89",G8KNN,529,14:21:10,52.22676,0.49642,677,3,12,3.7,10.5,4.9
"$$VR2SC,523,14:20:16,52.22935,0.49558,996,3,12,0.8,9.6,4.9*7542","VR2SPC,G0WXI,G8KNN",523,14:20:16,52.22935,0.49558,996,3,12,0.8,9.6,4.9
"$$VR2SC,524,14:20:16,52.22935,0.49558,996,3,12,1.8,9.6,4.9*19EE","VR2SPC,G0WXI,G8KNN",524,14:20:16,52.22935,0.49558,996,3,12,1.8,9.6,4.9
"$$VR2SC,527,14:21:10,52.22676,0.49642,677,3,12,2.7,9.6,4.9*B899","VR2SPC,G0WXI,G8KNN,M6EVT",527,14:21:10,52.22676,0.49642,677,3,12,2.7,9.6,4.9
"$$VR2SC,531,14:22:05,52.22330,0.49646,353,3,12,4.7,10.5,4.9*1363","VR2SPC,G8KNN,EARS_chase,M6EVT",531,14:22:05,52.2233,0.49646,353,3,12,4.7,10.5,4.9
"$$VR2SC,526,14:20:43,52.22830,0.49627,843,3,12,2.7,9.6,4.9*9E57","VR2SPC,G8KNN",526,14:20:43,52.2283,0.49627,843,3,12,2.7,9.6,4.9
"$$VR2SC,532,14:22:19,52.22234,0.49659,274,3,11,4.7,11.5,4.9*D365","VR2SPC,EARS_chase",532,14:22:19,52.22234,0.49659,274,3,11,4.7,11.5,4.9
"$$VR2SC,530,14:21:38,52.22511,0.49636,509,3,12,3.7,10.5,4.9*076C",VR2SPC,530,14:21:38,52.22511,0.49636,509,3,12,3.7,10.5,4.9
"$$VR2SC,585,14:34:36,52.22116,0.49655,134,3,9,15.4,12.5,4.9*3687",M6EVT,585,14:34:36,52.22116,0.49655,134,3,9,15.4,12.5,4.9
"$$VR2SC,586,14:34:50,52.22115,0.49654,134,3,9,15.4,13.5,4.9*5B83",M6EVT,586,14:34:50,52.22115,0.49654,134,3,9,15.4,13.5,4.9
"$$VR2SC,587,14:35:04,52.22117,0.49654,135,3,9,15.4,13.5,4.9*AFD0",M6EVT,587,14:35:04,52.22117,0.49654,135,3,9,15.4,13.5,4.9
