_sentence,_receivers,sentence_id,time,latitude,longitude,altitude,speed,ascentrate,heading,satellites,dynamic_model,battery,temperature
"$$WG3,218,104733,52.723009,-3.020217,1456,14.1,5.9,42,10,6,3027,3248*3DEE","G8ZBJ,G8ZBJ_2,G1DYQ",218,10:47:33,52.723009,-3.020217,1456,14.1,5.9,42,10,6,3.03,32.5
"$$WG3,219,104749,52.724129,-3.018154,1540,14.1,6.3,58,10,6,3036,3175*5ADE","G8ZBJ,G8ZBJ_2,G1DYQ",219,10:47:49,52.724129,-3.018154,1540,14.1,6.3,58,10,6,3.04,31.8
"$$WG3,223,104923,52.729936,-3.000626,1959,18.8,4.9,58,10,6,3003,2848*C75A","G8ZBJ,G8ZBJ_2,G1DYQ",223,10:49:23,52.729936,-3.000626,1959,18.8,4.9,58,10,6,3.0,28.5
"$$WG3,224,104939,52.730914,-2.997298,2032,12.3,3.9,51,10,6,3027,2797*8A84","G8ZBJ,G8ZBJ_2,G1DYQ",224,10:49:39,52.730914,-2.997298,2032,12.3,3.9,51,10,6,3.03,28.0
"$$WG3,214,104613,52.717766,-3.029385,1054,11.1,4.3,26,9,6,3027,3569*2429",G8ZBJ,214,10:46:13,52.717766,-3.029385,1054,11.1,4.3,26,9,6,3.03,35.7
"$$WG3,215,104628,52.718644,-3.027682,1132,7.4,5.5,38,10,6,3027,3503*BA97",G8ZBJ,215,10:46:28,52.718644,-3.027682,1132,7.4,5.5,38,10,6,3.03,35.0
"$$WG3,220,104804,52.725218,-3.015829,1605,14.9,3.2,44,10,6,3027,3123*FAD9",G8ZBJ,220,10:48:04,52.725218,-3.015829,1605,14.9,3.2,44,10,6,3.03,31.2
"$$WG3,216,104628,52.718644,-3.027682,1132,7.4,5.5,38,10,6,3011,3365*68F7","G8ZBJ,G8ZBJ_2",216,10:46:28,52.718644,-3.027682,1132,7.4,5.5,38,10,6,3.01,33.6
"$$WG3,217,104718,52.722004,-3.022089,1384,9.3,4.8,28,10,6,3027,3301*E979","G8ZBJ,G8ZBJ_2,G1DYQ",217,10:47:18,52.722004,-3.022089,1384,9.3,4.8,28,10,6,3.03,33.0
"$$WG3,213,104523,52.714773,-3.034370,805,12.4,4.2,62,10,6,3027,3656*2777",G8ZBJ_2,213,10:45:23,52.714773,-3.03437,805,12.4,4.2,62,10,6,3.03,36.6
"$$WG3,221,104804,52.725218,-3.015829,1605,14.9,3.2,44,10,6,3011,3010*46F5","G8ZBJ,G8ZBJ_2",221,10:48:04,52.725218,-3.015829,1605,14.9,3.2,44,10,6,3.01,30.1
"$$WG3,222,104804,52.725218,-3.015829,1605,14.9,3.2,44,10,6,3027,2898*19D2","G8ZBJ,G8ZBJ_2",222,10:48:04,52.725218,-3.015829,1605,14.9,3.2,44,10,6,3.03,29.0
"$$WG3,225,104954,52.732286,-2.994453,2103,13.2,5.2,52,10,6,3027,2757*7913","G8ZBJ,G8ZBJ_2",225,10:49:54,52.732286,-2.994453,2103,13.2,5.2,52,10,6,3.03,27.6
"$$WG3,226,104954,52.732286,-2.994453,2103,13.2,5.2,52,10,6,3011,2667*93E3","G8ZBJ,G8ZBJ_2",226,10:49:54,52.732286,-2.994453,2103,13.2,5.2,52,10,6,3.01,26.7
"$$WG3,228,105113,52.739001,-2.982377,2500,15.6,3.8,53,10,6,3011,2559*A4B9","G8ZBJ,G8ZBJ_2",228,10:51:13,52.739001,-2.982377,2500,15.6,3.8,53,10,6,3.01,25.6
"$$WG3,229,105129,52.740351,-2.979975,2581,12.9,5.2,51,10,6,3019,2530*2DEA","G8ZBJ,G8ZBJ_2",229,10:51:29,52.740351,-2.979975,2581,12.9,5.2,51,10,6,3.02,25.3
"$$WG3,230,105144,52.741834,-2.977738,2660,15.5,4.6,50,10,6,3019,2500*3A2C","G8ZBJ,G8ZBJ_2",230,10:51:44,52.741834,-2.977738,2660,15.5,4.6,50,10,6,3.02,25.0
"$$WG3,227,104954,52.732286,-2.994453,2103,13.2,5.2,52,10,6,3011,2579*A303",G8ZBJ_2,227,10:49:54,52.732286,-2.994453,2103,13.2,5.2,52,10,6,3.01,25.8
"$$WG3,232,105234,52.746748,-2.970872,2937,13.5,5.2,24,10,6,3011,2373*903F","G8ZBJ,G8ZBJ_2",232,10:52:34,52.746748,-2.970872,2937,13.5,5.2,24,10,6,3.01,23.7
"$$WG3,231,105144,52.741834,-2.977738,2660,15.5,4.6,50,10,6,3003,2432*FD21","M0MKS/M,G8ZBJ_2",231,10:51:44,52.741834,-2.977738,2660,15.5,4.6,50,10,6,3.0,24.3
"$$WG3,233,105250,52.748247,-2.968600,3028,14.9,5.8,54,10,6,3003,2363*A975","G8ZBJ,G8ZBJ_2",233,10:52:50,52.748247,-2.9686,3028,14.9,5.8,54,10,6,3.0,23.6
"$$WG3,235,105305,52.749776,-2.966303,3114,19.7,5.6,42,10,6,3011,2266*4246","G8ZBJ,G8ZBJ_2",235,10:53:05,52.749776,-2.966303,3114,19.7,5.6,42,10,6,3.01,22.7
"$$WG3,236,105355,52.755191,-2.958460,3400,18.6,7.6,38,10,6,3011,2227*1853","G8ZBJ,G8ZBJ_2",236,10:53:55,52.755191,-2.95846,3400,18.6,7.6,38,10,6,3.01,22.3
"$$WG3,238,105426,52.759018,-2.953749,3577,19.0,6.8,33,10,6,3011,2169*D654","G8ZBJ,G8ZBJ_2",238,10:54:26,52.759018,-2.953749,3577,19.0,6.8,33,10,6,3.01,21.7
"$$WG3,234,105305,52.749776,-2.966303,3114,19.7,5.6,42,10,6,3019,2334*1CCC",G8ZBJ_2,234,10:53:05,52.749776,-2.966303,3114,19.7,5.6,42,10,6,3.02,23.3
"$$WG3,239,105426,52.759018,-2.953749,3577,19.0,6.8,33,10,6,3003,2092*C85F","G8ZBJ,G8ZBJ_2",239,10:54:26,52.759018,-2.953749,3577,19.0,6.8,33,10,6,3.0,20.9
"$$WG3,237,105411,52.757088,-2.956203,3488,14.1,5.2,49,10,6,3003,2208*B537",G8ZBJ_2,237,10:54:11,52.757088,-2.956203,3488,14.1,5.2,49,10,6,3.0,22.1
"$$WG3,240,105516,52.765333,-2.945110,3844,18.7,5.4,50,10,6,3003,2063*6B29","G8ZBJ,M0MKS/M,G8ZBJ_2",240,10:55:16,52.765333,-2.94511,3844,18.7,5.4,50,10,6,3.0,20.6
"$$WG3,241,105532,52.767492,-2.942197,3930,22.1,4.9,32,10,6,3003,2024*B64D","G8ZBJ,M0MKS/M,G8ZBJ_2",241,10:55:32,52.767492,-2.942197,3930,22.1,4.9,32,10,6,3.0,20.2
"$$WG3,242,105547,52.769563,-2.939829,4009,16.4,6.0,27,10,6,3011,1976*C50A","G8ZBJ,M0MKS/M,G8ZBJ_2",242,10:55:47,52.769563,-2.939829,4009,16.4,6.0,27,10,6,3.01,19.8
"$$WG3,243,105547,52.769563,-2.939829,4009,16.4,6.0,27,10,6,2995,1918*120B",G8ZBJ_2,243,10:55:47,52.769563,-2.939829,4009,16.4,6.0,27,10,6,3.0,19.2
"$$WG3,249,105814,52.787378,-2.910992,4757,21.8,4.8,37,10,6,2987,1697*47DA","G8KNN,G8ZBJ_2",249,10:58:14,52.787378,-2.910992,4757,21.8,4.8,37,10,6,2.99,17.0
"$$WG3,244,105637,52.776310,-2.931053,4264,21.0,4.5,43,10,6,2995,1879*7290",G8ZBJ_2,244,10:56:37,52.77631,-2.931053,4264,21.0,4.5,43,10,6,3.0,18.8
"$$WG3,245,105653,52.778218,-2.927875,4342,19.3,5.5,30,10,6,3003,1841*1E2C",G8ZBJ_2,245,10:56:53,52.778218,-2.927875,4342,19.3,5.5,30,10,6,3.0,18.4
"$$WG3,250,105829,52.789004,-2.907757,4839,19.3,7.1,52,10,6,2995,1648*84EB","G8ZBJ,G8ZBJ_2",250,10:58:29,52.789004,-2.907757,4839,19.3,7.1,52,10,6,3.0,16.5
"$$WG3,251,105829,52.789004,-2.907757,4839,19.3,7.1,52,10,6,2979,1591*B8EA","G8ZBJ,G8ZBJ_2",251,10:58:29,52.789004,-2.907757,4839,19.3,7.1,52,10,6,2.98,15.9
"$$WG3,247,105708,52.779800,-2.924670,4422,18.6,5.6,54,10,6,2987,1754*165C",G8ZBJ_2,247,10:57:08,52.7798,-2.92467,4422,18.6,5.6,54,10,6,2.99,17.5
"$$WG3,248,105758,52.785430,-2.914393,4676,15.6,5.3,48,10,6,2995,1725*2ADC",G8ZBJ_2,248,10:57:58,52.78543,-2.914393,4676,15.6,5.3,48,10,6,3.0,17.3
"$$WG3,252,105919,52.794755,-2.897348,5107,14.6,5.9,50,10,6,2979,1571*808F","G8ZBJ,M0MKS/M,G8ZBJ_2",252,10:59:19,52.794755,-2.897348,5107,14.6,5.9,50,10,6,2.98,15.7
"$$WG3,253,105935,52.796666,-2.893558,5199,22.0,5.1,37,10,6,2987,1562*F620","M0MKS/M,G8ZBJ_2",253,10:59:35,52.796666,-2.893558,5199,22.0,5.1,37,10,6,2.99,15.6
"$$WG3,254,105950,52.798407,-2.890462,5285,15.0,4.2,36,10,6,2987,1514*9212","M0MKS/M,G8ZBJ_2",254,10:59:50,52.798407,-2.890462,5285,15.0,4.2,36,10,6,2.99,15.1
"$$WG3,263,110255,52.818962,-2.846254,6383,28.3,5.5,56,10,6,2979,1204*60C3","0x17,M0MKS/M,G8ZBJ_2,G8KNN",263,11:02:55,52.818962,-2.846254,6383,28.3,5.5,56,10,6,2.98,12.0
"$$WG3,260,110111,52.807882,-2.871993,5756,19.4,7.6,56,10,6,2964,1272*DD59","M0MKS/M,G8ZBJ_2,G8KNN",260,11:01:11,52.807882,-2.871993,5756,19.4,7.6,56,10,6,2.96,12.7
"$$WG3,257,110056,52.806259,-2.875492,5666,22.2,4.7,59,10,6,2972,1408*4C6A","M0MKS/M,G8ZBJ_2",257,11:00:56,52.806259,-2.875492,5666,22.2,4.7,59,10,6,2.97,14.1
"$$WG3,255,105950,52.798407,-2.890462,5285,15.0,4.2,36,10,6,2979,1475*AEA0",G8ZBJ_2,255,10:59:50,52.798407,-2.890462,5285,15.0,4.2,36,10,6,2.98,14.8
"$$WG3,259,110111,52.807882,-2.871993,5756,19.4,7.6,56,10,6,2972,1340*71BA","M0MKS/M,G8ZBJ_2",259,11:01:11,52.807882,-2.871993,5756,19.4,7.6,56,10,6,2.97,13.4
"$$WG3,256,110040,52.804506,-2.879290,5574,21.6,4.3,41,10,6,2979,1446*E64D",G8ZBJ_2,256,11:00:40,52.804506,-2.87929,5574,21.6,4.3,41,10,6,2.98,14.5
"$$WG3,264,110311,52.820932,-2.841419,6474,23.3,7.4,57,10,6,2972,1174*B23C","0x17,G8ZBJ_2,G8KNN",264,11:03:11,52.820932,-2.841419,6474,23.3,7.4,57,10,6,2.97,11.7
"$$WG3,262,110240,52.817282,-2.850631,6299,25.0,6.8,64,10,6,2972,1223*5C59","G8ZBJ_2,G8KNN",262,11:02:40,52.817282,-2.850631,6299,25.0,6.8,64,10,6,2.97,12.2
"$$WG3,269,110441,52.832526,-2.814207,6953,23.0,4.0,58,10,6,2972,1007*D84E","0x17,G8ZBJ_2,G8KNN",269,11:04:41,52.832526,-2.814207,6953,23.0,4.0,58,10,6,2.97,10.1
"$$WG3,268,110426,52.830523,-2.818924,6873,30.1,5.8,55,10,6,2956,1027*66BF","0x17,M0MKS/M,G8KNN",268,11:04:26,52.830523,-2.818924,6873,30.1,5.8,55,10,6,2.96,10.3
"$$WG3,266,110326,52.822526,-2.836901,6547,24.4,5.0,65,10,6,2964,1086*B761","0x17,M0MKS/M,G8KNN,G8ZBJ_2",266,11:03:26,52.822526,-2.836901,6547,24.4,5.0,65,10,6,2.96,10.9
"$$WG3,265,110326,52.822526,-2.836901,6547,24.4,5.0,65,10,6,2972,1155*2E1E","0x17,G8ZBJ_2",265,11:03:26,52.822526,-2.836901,6547,24.4,5.0,65,10,6,2.97,11.6
"$$WG3,267,110410,52.828540,-2.824064,6786,25.1,5.5,51,10,6,2964,1076*6136",M0MKS/M,267,11:04:10,52.82854,-2.824064,6786,25.1,5.5,51,10,6,2.96,10.8
"$$WG3,272,110527,52.838711,-2.799792,7195,27.2,4.8,67,10,6,2972,938*EE38","0x17,G8ZBJ_2,G8KNN",272,11:05:27,52.838711,-2.799792,7195,27.2,4.8,67,10,6,2.97,9.38
"$$WG3,261,110224,52.815525,-2.854721,6198,19.9,6.9,45,10,6,2972,1243*3166",G8ZBJ_2,261,11:02:24,52.815525,-2.854721,6198,19.9,6.9,45,10,6,2.97,12.4
"$$WG3,270,110457,52.834592,-2.809130,7036,30.5,4.5,55,10,6,2979,988*026A","0x17,G8KNN,G8ZBJ_2",270,11:04:57,52.834592,-2.80913,7036,30.5,4.5,55,10,6,2.98,9.88
"$$WG3,271,110512,52.836708,-2.804325,7115,25.5,4.4,47,10,6,2972,958*9C2C","0x17,M0MKS/M,G8KNN,G8ZBJ_2",271,11:05:12,52.836708,-2.804325,7115,25.5,4.4,47,10,6,2.97,9.58
"$$WG3,276,110647,52.848935,-2.773067,7649,24.5,4.9,59,10,6,2956,788*0319","0x17,G8ZBJ_2,G8KNN",276,11:06:47,52.848935,-2.773067,7649,24.5,4.9,59,10,6,2.96,7.88
"$$WG3,273,110542,52.840889,-2.795139,7274,22.9,4.1,47,10,6,2972,908*C3AC","0x17,M0MKS/M,G8ZBJ_2,G8KNN",273,11:05:42,52.840889,-2.795139,7274,22.9,4.1,47,10,6,2.97,9.08
"$$WG3,274,110542,52.840889,-2.795139,7274,22.9,4.1,47,10,6,2956,818*8F12","0x17,M0MKS/M,G0HDI,G8KNN,G8ZBJ_2",274,11:05:42,52.840889,-2.795139,7274,22.9,4.1,47,10,6,2.96,8.18
"$$WG3,275,110632,52.847149,-2.778562,7559,26.8,6.2,66,10,6,2964,798*4490","0x17,M0MKS/M,G8ZBJ_2,G8KNN",275,11:06:32,52.847149,-2.778562,7559,26.8,6.2,66,10,6,2.96,7.98
"$$WG3,277,110647,52.848935,-2.773067,7649,24.5,4.9,59,10,6,2948,738*F0B5","0x17,M0MKS/M,G8ZBJ_2,G8KNN",277,11:06:47,52.848935,-2.773067,7649,24.5,4.9,59,10,6,2.95,7.38
"$$WG3,278,110731,52.854083,-2.756973,7909,29.2,6.7,54,10,6,2956,707*EB5F","0x17,M0MKS/M,G8KNN,G8ZBJ_2",278,11:07:31,52.854083,-2.756973,7909,29.2,6.7,54,10,6,2.96,7.07
"$$WG3,279,110746,52.856131,-2.752678,8002,21.7,7.5,56,10,6,2964,677*FAEC","0x17,M0MKS/M,G8ZBJ_2,G8KNN",279,11:07:46,52.856131,-2.752678,8002,21.7,7.5,56,10,6,2.96,6.77
"$$WG3,281,110817,52.860753,-2.743349,8181,27.9,4.9,41,10,6,2964,626*A214","0x17,G6GZH,G8ZBJ_2,G8KNN",281,11:08:17,52.860753,-2.743349,8181,27.9,4.9,41,10,6,2.96,6.26
"$$WG3,280,110802,52.858361,-2.747680,8094,28.9,5.8,49,10,6,2964,647*2033","0x17,M0MKS/M,G8ZBJ_2,G8KNN",280,11:08:02,52.858361,-2.74768,8094,28.9,5.8,49,10,6,2.96,6.47
"$$WG3,283,110847,52.865321,-2.734666,8354,24.1,5.7,56,10,6,2956,575*3FD2","0x17,G6GZH,G8ZBJ_2,G8KNN",283,11:08:47,52.865321,-2.734666,8354,24.1,5.7,56,10,6,2.96,5.75
"$$WG3,291,111049,52.882026,-2.693904,9111,23.5,6.7,64,10,6,2956,346*CE2B","0x17,G8ZBJ_2,G8KNN",291,11:10:49,52.882026,-2.693904,9111,23.5,6.7,64,10,6,2.96,3.46
"$$WG3,284,110902,52.867375,-2.729881,8441,28.5,6.7,62,10,6,2956,554*93B4","0x17,M0MKS/M,G6GZH,G8KNN,G8ZBJ_2",284,11:09:02,52.867375,-2.729881,8441,28.5,6.7,62,10,6,2.96,5.54
"$$WG3,282,110832,52.863198,-2.739389,8270,25.4,7.5,52,10,6,2964,596*7FE8","0x17,M0MKS/M,G8KNN,G8ZBJ_2",282,11:08:32,52.863198,-2.739389,8270,25.4,7.5,52,10,6,2.96,5.96
"$$WG3,285,110918,52.869672,-2.724568,8544,25.1,6.6,59,10,6,2956,523*EB09","0x17,M0MKS/M,G8KNN,G6GZH,G8ZBJ_2",285,11:09:18,52.869672,-2.724568,8544,25.1,6.6,59,10,6,2.96,5.23
"$$WG3,287,110948,52.873889,-2.715278,8733,23.8,5.8,43,10,6,2956,472*26AD","0x17,G8ZBJ_2,G8FJG,M0MKS/M,G6GZH,G8KNN",287,11:09:48,52.873889,-2.715278,8733,23.8,5.8,43,10,6,2.96,4.72
"$$WG3,286,110933,52.871732,-2.719831,8630,24.5,5.3,54,10,6,2956,492*B9A1","0x17,M0MKS/M,G8KNN,G6GZH,G8ZBJ_2",286,11:09:33,52.871732,-2.719831,8630,24.5,5.3,54,10,6,2.96,4.92
"$$WG3,288,111003,52.876104,-2.710347,8824,30.7,5.6,55,10,6,2956,440*2023","0x17,G8KNN,G8FJG,M0MKS/M,G6GZH,G8ZBJ_2",288,11:10:03,52.876104,-2.710347,8824,30.7,5.6,55,10,6,2.96,4.4
"$$WG3,292,111104,52.883645,-2.688240,9201,30.9,6.5,66,10,6,2948,325*2DBB","0x17,G8FJG,2E1FOV,G8ZBJ_2,G8KNN",292,11:11:04,52.883645,-2.68824,9201,30.9,6.5,66,10,6,2.95,3.25
"$$WG3,290,111034,52.880262,-2.699477,9023,23.3,4.7,61,10,6,2956,377*3E07","0x17,2E1FOV,G8KNN,G8FJG,M0MKS/M,G6GZH,G8ZBJ_2",290,11:10:34,52.880262,-2.699477,9023,23.3,4.7,61,10,6,2.96,3.77
"$$WG3,289,111018,52.878206,-2.705285,8918,25.4,4.8,70,10,6,2940,398*C466","0x17,G8ZBJ_2,G8FJG,M0MKS/M,G6GZH,G8KNN",289,11:10:18,52.878206,-2.705285,8918,25.4,4.8,70,10,6,2.94,3.98
"$$WG3,293,111119,52.885257,-2.682502,9298,29.1,5.3,52,10,6,2948,293*4124","0x17,G8FJG,G6GZH,G8KNN,G8ZBJ_2",293,11:11:19,52.885257,-2.682502,9298,29.1,5.3,52,10,6,2.95,2.93
"$$WG3,296,111205,52.891902,-2.666541,9576,32.0,7.5,57,10,6,2940,175*D4EE","0x17,G8KNN,G8ZBJ_2,G6GZH",296,11:12:05,52.891902,-2.666541,9576,32.0,7.5,57,10,6,2.94,1.75
"$$WG3,294,111134,52.887285,-2.677280,9379,31.5,4.3,50,10,6,2948,261*E6AB","0x17,G6GZH,G0WXI,G8ZBJ_2,G8KNN",294,11:11:34,52.887285,-2.67728,9379,31.5,4.3,50,10,6,2.95,2.61
"$$WG3,295,111150,52.889639,-2.671541,9481,24.9,7.7,62,10,6,2940,229*5940","0x17,G7OGX,G8ZBJ_2,G0WXI,G6GZH,G8KNN",295,11:11:50,52.889639,-2.671541,9481,24.9,7.7,62,10,6,2.94,2.29
"$$WG3,299,111250,52.897596,-2.651160,9854,33.6,7.6,49,10,6,2933,110*1A94","0x17,G6GZH,G8KNN",299,11:12:50,52.897596,-2.65116,9854,33.6,7.6,49,10,6,2.93,1.1
"$$WG3,298,111235,52.895595,-2.656557,9764,29.4,5.5,63,10,6,2940,110*F0EB","0x17,G8FJG,G7OGX,G8ZBJ_2,G8KNN",298,11:12:35,52.895595,-2.656557,9764,29.4,5.5,63,10,6,2.94,1.1
"$$WG3,297,111220,52.893579,-2.661546,9668,29.7,5.2,61,10,6,2940,175*12D7","0x17,G8ZBJ_2,G8FJG,M0MKS/M,G6GZH,G8KNN",297,11:12:20,52.893579,-2.661546,9668,29.7,5.2,61,10,6,2.94,1.75
"$$WG3,302,111336,52.903429,-2.634807,10138,31.9,4.2,56,10,6,2940,22*8CD7","0x17,G8FJG,G8ZBJ_2,G8KNN",302,11:13:36,52.903429,-2.634807,10138,31.9,4.2,56,10,6,2.94,0.22
"$$WG3,301,111321,52.901776,-2.640389,10047,22.8,4.9,61,10,6,2940,55*C74D","0x17,G8ZBJ_2,G8FJG,G0WXI,G6GZH,G8KNN",301,11:13:21,52.901776,-2.640389,10047,22.8,4.9,61,10,6,2.94,0.55
"$$WG3,300,111306,52.899698,-2.645522,9951,27.7,8.0,67,10,6,2940,77*CC1B","0x17,G8KNN,G8ZBJ_2,G6GZH",300,11:13:06,52.899698,-2.645522,9951,27.7,8.0,67,10,6,2.94,0.77
"$$WG3,303,111351,52.905281,-2.629139,10215,31.5,4.5,61,10,6,2940,0*DEF1","0x17,G6GZH,G8ZBJ_2,G8KNN",303,11:13:51,52.905281,-2.629139,10215,31.5,4.5,61,10,6,2.94,0
"$$WG3,304,111406,52.907071,-2.623518,10308,28.6,6.0,50,10,6,2933,-33*7FAB","0x17,G8KNN,G8ZBJ_2,G6GZH",304,11:14:06,52.907071,-2.623518,10308,28.6,6.0,50,10,6,2.93,-0.33
"$$WG3,305,111421,52.909335,-2.617841,10401,28.4,4.9,49,10,6,2940,-56*5BC3","G8FJG,G6GZH,G0WXI,G8ZBJ_2,G8KNN",305,11:14:21,52.909335,-2.617841,10401,28.4,4.9,49,10,6,2.94,-0.56
"$$WG3,306,111437,52.911577,-2.611945,10493,33.7,5.2,59,10,6,2933,-90*02B7","0x17,G8FJG,G6GZH,G8ZBJ_2",306,11:14:37,52.911577,-2.611945,10493,33.7,5.2,59,10,6,2.93,-0.9
"$$WG3,307,111452,52.913591,-2.605712,10586,26.1,7.8,68,10,6,2940,-124*F670","G8KNN,G6GZH,G0WXI,G8ZBJ_2,2E1FOV",307,11:14:52,52.913591,-2.605712,10586,26.1,7.8,68,10,6,2.94,-1.24
"$$WG3,308,111508,52.915851,-2.599478,10681,29.0,4.7,54,10,6,2940,-158*CDB3","0x17,G6GZH,G8ZBJ_2,G8KNN",308,11:15:08,52.915851,-2.599478,10681,29.0,4.7,54,10,6,2.94,-1.58
"$$WG3,309,111523,52.917597,-2.593458,10753,28.3,3.0,65,10,6,2925,-181*4A08","0x17,2E1FOV,G8ZBJ_2,M0MKS/M,G0WXI,G6GZH,G8KNN",309,11:15:23,52.917597,-2.593458,10753,28.3,3.0,65,10,6,2.93,-1.81
"$$WG3,312,111610,52.924440,-2.575893,11014,29.2,7.4,52,10,6,2925,-261*94A3","G8ZBJ_2,G8FJG,G8KNN,G6GZH",312,11:16:10,52.92444,-2.575893,11014,29.2,7.4,52,10,6,2.93,-2.61
"$$WG3,310,111539,52.919946,-2.587024,10840,31.5,6.2,58,10,6,2933,-203*E9C2","0x17,G8FJG,G8KNN,G8ZBJ_2,G6GZH",310,11:15:39,52.919946,-2.587024,10840,31.5,6.2,58,10,6,2.93,-2.03
"$$WG3,313,111626,52.926875,-2.569888,11102,32.7,6.7,59,10,6,2933,-285*E13B","0x17,G0WXI,G6GZH,G8KNN",313,11:16:26,52.926875,-2.569888,11102,32.7,6.7,59,10,6,2.93,-2.85
"$$WG3,311,111555,52.922008,-2.581293,10926,31.6,5.8,52,10,6,2933,-226*FF46","0x17,G8ZBJ_2,G6GZH",311,11:15:55,52.922008,-2.581293,10926,31.6,5.8,52,10,6,2.93,-2.26
"$$WG3,317,111728,52.935535,-2.544703,11472,33.4,5.0,64,10,6,2925,-415*2E33","G8KNN,G8FJG,G8ZBJ_2,G6GZH",317,11:17:28,52.935535,-2.544703,11472,33.4,5.0,64,10,6,2.93,-4.15
"$$WG3,314,111641,52.929319,-2.564305,11197,32.0,7.6,61,10,6,2933,-320*8590","0x17,G8KNN,G8ZBJ_2,G6GZH",314,11:16:41,52.929319,-2.564305,11197,32.0,7.6,61,10,6,2.93,-3.2
"$$WG3,315,111657,52.931611,-2.557846,11290,25.2,5.4,56,10,6,2925,-356*B162","0x17,G8FJG,G6GZH,G8ZBJ_2,G8KNN",315,11:16:57,52.931611,-2.557846,11290,25.2,5.4,56,10,6,2.93,-3.56
"$$WG3,316,111713,52.933811,-2.551529,11379,32.8,6.6,71,10,6,2918,-415*779E","0x17,G6GZH,G8ZBJ_2,G8KNN",316,11:17:13,52.933811,-2.551529,11379,32.8,6.6,71,10,6,2.92,-4.15
"$$WG3,318,111744,52.937027,-2.538396,11570,24.8,5.7,67,10,6,2925,-451*C578","0x17,G8ZBJ_2,G8FJG,M0MKS/M,G6GZH,G8KNN",318,11:17:44,52.937027,-2.538396,11570,24.8,5.7,67,10,6,2.93,-4.51
"$$WG3,319,111759,52.937936,-2.533265,11674,23.0,7.5,62,10,6,2925,-488*15B8","G8ZBJ_2,G8FJG,M0MKS/M,G0WXI,G6GZH,G8KNN",319,11:17:59,52.937936,-2.533265,11674,23.0,7.5,62,10,6,2.93,-4.88
"$$WG3,320,111815,52.939343,-2.528222,11778,26.6,5.2,64,10,6,2918,-549*6457","0x17,G8ZBJ_2,G8FJG,G0WXI,G6GZH,G8KNN",320,11:18:15,52.939343,-2.528222,11778,26.6,5.2,64,10,6,2.92,-5.49
"$$WG3,321,111831,52.941161,-2.523330,11866,21.7,4.7,47,10,6,2918,-549*1CB3","0x17,G8ZBJ_2,G0WXI,G6GZH,G8KNN",321,11:18:31,52.941161,-2.52333,11866,21.7,4.7,47,10,6,2.92,-5.49
"$$WG3,322,111846,52.942794,-2.519637,11962,14.4,4.2,46,10,6,2918,-574*BFD2","G8KNN,G0WXI,G8ZBJ_2,G6GZH",322,11:18:46,52.942794,-2.519637,11962,14.4,4.2,46,10,6,2.92,-5.74
"$$WG3,323,111902,52.944171,-2.515704,12057,21.4,6.7,67,10,6,2910,-598*E206","0x17,G6GZH,G0WXI,G8ZBJ_2,G8KNN",323,11:19:02,52.944171,-2.515704,12057,21.4,6.7,67,10,6,2.91,-5.98
"$$WG3,326,111948,52.949406,-2.504340,12322,20.1,4.7,43,9,6,2918,-674*E7F1","G0WXI,G8ZBJ_2,G8KNN",326,11:19:48,52.949406,-2.50434,12322,20.1,4.7,43,9,6,2.92,-6.74
"$$WG3,324,111917,52.945529,-2.511418,12142,24.8,3.9,66,10,6,2910,-635*E6FD","0x17,G8ZBJ_2,G8FJG,G0WXI,G6GZH,G8KNN",324,11:19:17,52.945529,-2.511418,12142,24.8,3.9,66,10,6,2.91,-6.35
"$$WG3,327,112004,52.951255,-2.499568,12419,19.7,4.9,63,9,6,2903,-699*4876","0x17,G0WXI,G6GZH",327,11:20:04,52.951255,-2.499568,12419,19.7,4.9,63,9,6,2.9,-6.99
"$$WG3,325,111933,52.947464,-2.507828,12243,16.5,6.2,50,9,6,2918,-648*3C9C","0x17,G8ZBJ_2,G8FJG,G0WXI,G6GZH,G8KNN",325,11:19:33,52.947464,-2.507828,12243,16.5,6.2,50,9,6,2.92,-6.48
"$$WG3,328,112019,52.952496,-2.495349,12506,17.6,4.5,68,9,6,2910,-725*9C16","0x17,G8KNN,G0WXI,G8ZBJ_2,G6GZH",328,11:20:19,52.952496,-2.495349,12506,17.6,4.5,68,9,6,2.91,-7.25
"$$WG3,329,112035,52.953374,-2.490956,12600,17.4,5.7,80,9,6,2910,-738*DD67","0x17,G8KNN,G0WXI,G6GZH,G8ZBJ_2",329,11:20:35,52.953374,-2.490956,12600,17.4,5.7,80,9,6,2.91,-7.38
"$$WG3,332,112121,52.956428,-2.480389,12871,17.9,5.1,65,9,6,2910,-789*8631","0x17,G8FJG,G8ZBJ_2",332,11:21:21,52.956428,-2.480389,12871,17.9,5.1,65,9,6,2.91,-7.89
"$$WG3,330,112050,52.954333,-2.487344,12692,18.0,7.9,61,9,6,2903,-763*2BB9","0x17,G8FJG,G0WXI,G8ZBJ_2,G8KNN",330,11:20:50,52.954333,-2.487344,12692,18.0,7.9,61,9,6,2.9,-7.63
"$$WG3,333,112136,52.957507,-2.477027,12961,12.5,5.7,80,9,6,2910,-841*95EB","0x17,G8ZBJ_2,G8FJG,G0WXI,G6GZH,G8KNN",333,11:21:36,52.957507,-2.477027,12961,12.5,5.7,80,9,6,2.91,-8.41
"$$WG3,337,112238,52.960693,-2.461873,13334,19.6,6.6,79,9,6,2903,-855*8E32","0x17,G0WXI,G8KNN,G6GZH",337,11:22:38,52.960693,-2.461873,13334,19.6,6.6,79,9,6,2.9,-8.55
"$$WG3,334,112152,52.958757,-2.473611,13057,20.5,2.9,48,9,6,2910,-815*ED8E","G8KNN,G0WXI,G8ZBJ_2,G6GZH",334,11:21:52,52.958757,-2.473611,13057,20.5,2.9,48,9,6,2.91,-8.15
"$$WG3,338,112253,52.961245,-2.458613,13430,11.8,8.0,69,9,6,2903,-895*AE85","0x17,G8FJG,G0WXI,G8KNN,2E1FOV",338,11:22:53,52.961245,-2.458613,13430,11.8,8.0,69,9,6,2.9,-8.95
"$$WG3,335,112207,52.959715,-2.470303,13153,18.9,6.5,70,9,6,2895,-828*205E","G8KNN,G0WXI,G8ZBJ_2,G6GZH",335,11:22:07,52.959715,-2.470303,13153,18.9,6.5,70,9,6,2.9,-8.28
"$$WG3,336,112222,52.960373,-2.466337,13239,12.0,6.1,84,9,6,2903,-841*F523","G8ZBJ_2,G0WXI,G6GZH,G8KNN",336,11:22:22,52.960373,-2.466337,13239,12.0,6.1,84,9,6,2.9,-8.41
"$$WG3,331,112105,52.955275,-2.484096,12786,15.7,8.4,65,9,6,2910,-776*D933","M0MKS/M,G8ZBJ_2",331,11:21:05,52.955275,-2.484096,12786,15.7,8.4,65,9,6,2.91,-7.76
"$$WG3,339,112309,52.962392,-2.455384,13534,15.4,3.8,83,9,6,2903,-868*DBCA","G8FJG,G0WXI,G8KNN,M0MKS/M",339,11:23:09,52.962392,-2.455384,13534,15.4,3.8,83,9,6,2.9,-8.68
"$$WG3,341,112339,52.963659,-2.448658,13733,13.4,7.5,59,9,6,2903,-909*E3D3","G8FJG,G0WXI,G8KNN",341,11:23:39,52.963659,-2.448658,13733,13.4,7.5,59,9,6,2.9,-9.09
"$$WG3,340,112324,52.962954,-2.451870,13634,13.0,6.1,70,9,6,2895,-882*AFC8","0x17,G8ZBJ_2,G8FJG,G0WXI,G6GZH,G8KNN",340,11:23:24,52.962954,-2.45187,13634,13.0,6.1,70,9,6,2.9,-8.82
"$$WG3,342,112355,52.964436,-2.445119,13835,18.7,5.2,68,9,6,2895,-895*37F1","0x17,2E1FOV,G8ZBJ_2,M0MKS/M,G0WXI,G6GZH,G8KNN",342,11:23:55,52.964436,-2.445119,13835,18.7,5.2,68,9,6,2.9,-8.95
"$$WG3,343,112410,52.964921,-2.442373,13919,8.4,3.9,92,9,6,2903,-895*EB7F","0x17,G7OGX,2E1FOV,G8KNN,G8FJG,M0MKS/M,G0WXI,G6GZH,G8ZBJ_2",343,11:24:10,52.964921,-2.442373,13919,8.4,3.9,92,9,6,2.9,-8.95
"$$WG3,344,112425,52.965794,-2.439915,14014,12.0,7.1,80,9,6,2903,-909*52DA","0x17,2E1FOV,G8ZBJ_2,G8FJG,M0MKS/M,G0WXI,G8KNN",344,11:24:25,52.965794,-2.439915,14014,12.0,7.1,80,9,6,2.9,-9.09
"$$WG3,348,112527,52.969893,-2.425737,14366,22.1,6.8,35,9,6,2903,-922*5831","0x17,G0WXI,G8ZBJ_2",348,11:25:27,52.969893,-2.425737,14366,22.1,6.8,35,9,6,2.9,-9.22
"$$WG3,345,112441,52.966741,-2.436324,14104,14.2,5.2,64,9,6,2903,-909*076D","G6GZH,G0WXI,G8ZBJ_2,G8KNN",345,11:24:41,52.966741,-2.436324,14104,14.2,5.2,64,9,6,2.9,-9.09
"$$WG3,347,112512,52.968652,-2.428783,14279,17.7,6.3,58,9,6,2895,-909*A086","0x17,G0WXI,G8KNN,G8ZBJ_2",347,11:25:12,52.968652,-2.428783,14279,17.7,6.3,58,9,6,2.9,-9.09
"$$WG3,346,112456,52.967736,-2.432684,14188,17.7,6.1,56,9,6,2895,-909*37DD","G0WXI,G8KNN,G8ZBJ_2",346,11:24:56,52.967736,-2.432684,14188,17.7,6.1,56,9,6,2.9,-9.09
"$$WG3,349,112542,52.970894,-2.422296,14471,20.4,5.2,41,9,6,2888,-949*F4F0","G8ZBJ_2,G8FJG,G0WXI,G8KNN,2E1FOV",349,11:25:42,52.970894,-2.422296,14471,20.4,5.2,41,9,6,2.89,-9.49
"$$WG3,350,112558,52.971900,-2.418783,14573,20.0,7.4,62,9,6,2895,-936*6CB6","0x17,G8DHE,G0WXI,G6GZH,G8ZBJ_2",350,11:25:58,52.9719,-2.418783,14573,20.0,7.4,62,9,6,2.9,-9.36
"$$WG3,351,112613,52.972468,-2.415064,14676,19.8,4.9,83,9,6,2888,-963*52F7","0x17,G8ZBJ_2,G0WXI,G8KNN,G6GZH",351,11:26:13,52.972468,-2.415064,14676,19.8,4.9,83,9,6,2.89,-9.63
"$$WG3,352,112629,52.973012,-2.411562,14768,12.2,5.6,65,9,6,2895,-936*F9DE","0x17,2E1FOV,G0WXI,G8ZBJ_2,G8KNN",352,11:26:29,52.973012,-2.411562,14768,12.2,5.6,65,9,6,2.9,-9.36
"$$WG3,353,112644,52.973738,-2.408574,14855,11.5,8.4,71,9,6,2888,-936*013B","0x17,G8ZBJ_2,G8FJG,G0WXI,G6GZH,G8KNN",353,11:26:44,52.973738,-2.408574,14855,11.5,8.4,71,9,6,2.89,-9.36
"$$WG3,356,112730,52.976704,-2.400658,15111,18.3,6.8,63,8,6,2888,-936*FCA9","G8FJG,G0WXI",356,11:27:30,52.976704,-2.400658,15111,18.3,6.8,63,8,6,2.89,-9.36
"$$WG3,354,112659,52.974663,-2.406086,14943,15.0,3.0,75,9,6,2895,-936*C4AD","G8ZBJ_2,G8FJG,G0WXI,G6GZH,G8KNN",354,11:26:59,52.974663,-2.406086,14943,15.0,3.0,75,9,6,2.9,-9.36
"$$WG3,355,112715,52.975676,-2.403441,15027,19.5,4.9,51,8,6,2888,-936*AB4B","0x17,2E1FOV,G8ZBJ_2,G0WXI,G6GZH,G8KNN",355,11:27:15,52.975676,-2.403441,15027,19.5,4.9,51,8,6,2.89,-9.36
"$$WG3,359,112816,52.979473,-2.392563,15376,14.5,6.3,34,8,6,2888,-936*F831","G8FJG,G0WXI,G8KNN,G8ZBJ_2",359,11:28:16,52.979473,-2.392563,15376,14.5,6.3,34,8,6,2.89,-9.36
"$$WG3,360,112832,52.980463,-2.389318,15474,15.8,4.9,83,8,6,2888,-936*E9FB","0x17,G0WXI,G6GZH,G8ZBJ_2",360,11:28:32,52.980463,-2.389318,15474,15.8,4.9,83,8,6,2.89,-9.36
"$$WG3,361,112847,52.981085,-2.386703,15579,15.5,6.3,88,8,6,2880,-936*0FA9","0x17,G0WXI,G8ZBJ_2,G8KNN",361,11:28:47,52.981085,-2.386703,15579,15.5,6.3,88,8,6,2.88,-9.36
"$$WG3,357,112746,52.977676,-2.397970,15194,12.6,5.1,66,8,6,2888,-976*4FB6","G0WXI,G8ZBJ_2",357,11:27:46,52.977676,-2.39797,15194,12.6,5.1,66,8,6,2.89,-9.76
"$$WG3,362,112903,52.981954,-2.384006,15682,9.1,5.3,58,8,6,2888,-936*34AD","0x17,G8FJG,G0WXI,G8KNN,G8ZBJ_2",362,11:29:03,52.981954,-2.384006,15682,9.1,5.3,58,8,6,2.89,-9.36
"$$WG3,367,113019,52.984433,-2.375492,16113,5.0,4.2,53,8,6,2873,-963*2685",G8FJG,367,11:30:19,52.984433,-2.375492,16113,5.0,4.2,53,8,6,2.87,-9.63
"$$WG3,364,112933,52.983347,-2.379791,15852,8.8,8.8,54,8,6,2873,-936*A772","G8DHE,0x17,m3eav,G8ZBJ_2,M0MKS/M,G0WXI,G6GZH,G8KNN",364,11:29:33,52.983347,-2.379791,15852,8.8,8.8,54,8,6,2.87,-9.36
"$$WG3,368,113034,52.985136,-2.373802,16201,6.1,3.4,62,8,6,2880,-922*4649","G8FJG,G0WXI,G8KNN",368,11:30:34,52.985136,-2.373802,16201,6.1,3.4,62,8,6,2.88,-9.22
"$$WG3,365,112948,52.983731,-2.378624,15952,9.3,4.0,40,8,6,2880,-922*5C94","0x17,2E1FOV,G8KNN,G8FJG,M0MKS/M,G0WXI,G6GZH,G8ZBJ_2",365,11:29:48,52.983731,-2.378624,15952,9.3,4.0,40,8,6,2.88,-9.22
"$$WG3,369,113049,52.985731,-2.372125,16308,16.3,4.3,72,8,6,2880,-922*016C","0x17,G8FJG,G0WXI",369,11:30:49,52.985731,-2.372125,16308,16.3,4.3,72,8,6,2.88,-9.22
"$$WG3,363,112918,52.982733,-2.381785,15760,12.9,5.8,56,8,6,2880,-936*6F72","0x17,M0MKS/M,G6GZH,G8KNN,G8ZBJ_2",363,11:29:18,52.982733,-2.381785,15760,12.9,5.8,56,8,6,2.88,-9.36
"$$WG3,366,113004,52.984077,-2.377172,16037,9.6,5.0,66,8,6,2880,-936*AA34","G8FJG,G0WXI,G8ZBJ_2",366,11:30:04,52.984077,-2.377172,16037,9.6,5.0,66,8,6,2.88,-9.36
"$$WG3,371,113120,52.987829,-2.367949,16509,12.2,6.6,2,8,6,2880,-922*02D3","G8FJG,G0WXI",371,11:31:20,52.987829,-2.367949,16509,12.2,6.6,2,8,6,2.88,-9.22
"$$WG3,372,113135,52.988945,-2.365846,16602,18.2,4.7,71,8,6,2880,-909*3C87","G8FJG,EDU0001,G8ZBJ_2",372,11:31:35,52.988945,-2.365846,16602,18.2,4.7,71,8,6,2.88,-9.09
"$$WG3,370,113105,52.986758,-2.369992,16419,7.9,3.5,14,8,6,2866,-936*44C0","G8FJG,EDU0001,G0WXI,G8ZBJ_2",370,11:31:05,52.986758,-2.369992,16419,7.9,3.5,14,8,6,2.87,-9.36
"$$WG3,374,113206,52.989997,-2.361202,16818,4.0,8.2,50,8,6,2873,-909*EAE9","G8DHE,0x17,EDU0001,G8ZBJ_2,G8FJG,G0HDI",374,11:32:06,52.989997,-2.361202,16818,4.0,8.2,50,8,6,2.87,-9.09
"$$WG3,375,113221,52.990586,-2.359475,16914,5.6,6.7,61,8,6,2866,-922*9300","0x17,G0WXI,G8KNN",375,11:32:21,52.990586,-2.359475,16914,5.6,6.7,61,8,6,2.87,-9.22
"$$WG3,373,113150,52.989619,-2.363510,16711,17.6,5.1,82,8,6,2866,-922*FE08","G8KNN,G8FJG,EDU0001,G8ZBJ_2,G6GZH",373,11:31:50,52.989619,-2.36351,16711,17.6,5.1,82,8,6,2.87,-9.22
"$$WG3,380,113337,52.994627,-2.353067,17389,14.7,6.7,39,8,6,2873,-882*6BC0",G0WXI,380,11:33:37,52.994627,-2.353067,17389,14.7,6.7,39,8,6,2.87,-8.82
"$$WG3,377,113251,52.992083,-2.356678,17095,15.6,6.1,90,8,6,2873,-895*81BB","EDU0001,G8DHE,G0WXI,G8KNN,G8ZBJ_2",377,11:32:51,52.992083,-2.356678,17095,15.6,6.1,90,8,6,2.87,-8.95
"$$WG3,378,113307,52.992869,-2.355301,17202,2.4,5.8,22,8,6,2873,-895*4101","0x17,G8KNN,EDU0001,G8ZBJ_2,G8FJG,G0WXI,G6GZH,G0HDI",378,11:33:07,52.992869,-2.355301,17202,2.4,5.8,22,8,6,2.87,-8.95
"$$WG3,376,113236,52.991346,-2.357962,17001,7.6,5.2,26,8,6,2873,-895*4CD5","G0WXI,G6GZH,G8ZBJ_2",376,11:32:36,52.991346,-2.357962,17001,7.6,5.2,26,8,6,2.87,-8.95
"$$WG3,381,113353,52.995950,-2.351313,17485,12.5,7.2,50,8,6,2858,-909*ACB3","G8FJG,EDU0001,G0WXI",381,11:33:53,52.99595,-2.351313,17485,12.5,7.2,50,8,6,2.86,-9.09
"$$WG3,382,113408,52.996950,-2.349378,17584,11.9,5.5,359,8,6,2866,-909*A139","G8FJG,G0WXI",382,11:34:08,52.99695,-2.349378,17584,11.9,5.5,359,8,6,2.87,-9.09
"$$WG3,379,113322,52.993589,-2.354056,17296,7.2,6.2,72,8,6,2866,-868*C741","EDU0001,G0WXI,G8KNN,G8ZBJ_2",379,11:33:22,52.993589,-2.354056,17296,7.2,6.2,72,8,6,2.87,-8.68
"$$WG3,383,113424,52.997957,-2.347407,17700,13.9,6.8,53,8,6,2866,-868*1BCB","G8FJG,EDU0001,G8DHE,G8KNN",383,11:34:24,52.997957,-2.347407,17700,13.9,6.8,53,8,6,2.87,-8.68
"$$WG3,384,113439,52.998795,-2.345401,17803,10.4,8.1,91,8,6,2873,-868*0620","0x17,EDU0001,G8KNN,G8FJG,G0WXI,G8ZBJ_2",384,11:34:39,52.998795,-2.345401,17803,10.4,8.1,91,8,6,2.87,-8.68
"$$WG3,385,113454,52.999005,-2.343416,17901,2.7,5.8,109,8,6,2866,-855*33E7","0x17,2E1FOV,EDU0001,G8KNN,G8FJG,M0MKS/M,G0WXI,G6GZH,G8ZBJ_2",385,11:34:54,52.999005,-2.343416,17901,2.7,5.8,109,8,6,2.87,-8.55
"$$WG3,388,113540,53.000079,-2.339687,18176,10.4,6.8,59,8,6,2866,-841*63A2","0x17,EDU0001,G8KNN,G0WXI,G6GZH,G8ZBJ_2",388,11:35:40,53.000079,-2.339687,18176,10.4,6.8,59,8,6,2.87,-8.41
"$$WG3,386,113510,52.999182,-2.341974,18002,8.6,4.8,62,8,6,2866,-868*7495","0x17,EDU0001,G8KNN,G0WXI,G6GZH,G8ZBJ_2",386,11:35:10,52.999182,-2.341974,18002,8.6,4.8,62,8,6,2.87,-8.68
"$$WG3,387,113525,52.999573,-2.340917,18086,9.7,4.8,55,8,6,2866,-855*9B34","0x17,EDU0001,G8ZBJ_2,G0WXI,G6GZH,G8KNN",387,11:35:25,52.999573,-2.340917,18086,9.7,4.8,55,8,6,2.87,-8.55
"$$WG3,391,113626,53.002164,-2.336313,18437,10.3,5.0,76,8,6,2858,-841*539E","G8FJG,G0WXI,G8ZBJ_2",391,11:36:26,53.002164,-2.336313,18437,10.3,5.0,76,8,6,2.86,-8.41
"$$WG3,389,113556,53.000936,-2.338570,18270,6.1,4.3,30,8,6,2866,-841*5D53","G8DHE,0x17,EDU0001,G8KNN,M0MKS/M,G0WXI,G6GZH,G8ZBJ_2",389,11:35:56,53.000936,-2.33857,18270,6.1,4.3,30,8,6,2.87,-8.41
"$$WG3,390,113611,53.001616,-2.337473,18352,7.3,5.6,81,8,6,2866,-841*A8EB","G8FJG,EDU0001,G8ZBJ_2,G8KNN",390,11:36:11,53.001616,-2.337473,18352,7.3,5.6,81,8,6,2.87,-8.41
"$$WG3,392,113641,53.002377,-2.335059,18533,8.7,6.8,79,8,6,2866,-828*6AA6","G8FJG,G0WXI,G6GZH,G8ZBJ_2",392,11:36:41,53.002377,-2.335059,18533,8.7,6.8,79,8,6,2.87,-8.28
"$$WG3,393,113657,53.002802,-2.334181,18638,7.7,7.5,61,8,6,2866,-828*0DB8","G8DHE,EDU0001,G8KNN,G8FJG,G6GZH,G8ZBJ_2",393,11:36:57,53.002802,-2.334181,18638,7.7,7.5,61,8,6,2.87,-8.28
"$$WG3,395,113727,53.004201,-2.332618,18836,7.6,5.8,11,8,6,2851,-815*4AD6","G8DHE,0x17,2E1FOV,EDU0001,G8KNN,G8FJG,G6GZH,G8ZBJ_2",395,11:37:27,53.004201,-2.332618,18836,7.6,5.8,11,8,6,2.85,-8.15
"$$WG3,397,113758,53.005586,-2.331828,19023,2.7,5.9,11,8,6,2858,-828*B2C7","G8DHE,0x17,EDU0001,G8KNN,G8FJG,G0WXI,G6GZH,G8ZBJ_2",397,11:37:58,53.005586,-2.331828,19023,2.7,5.9,11,8,6,2.86,-8.28
"$$WG3,394,113712,53.003466,-2.333406,18744,11.6,6.9,48,8,6,2866,-828*D434","0x17,G8FJG,G6GZH,G8ZBJ_2",394,11:37:12,53.003466,-2.333406,18744,11.6,6.9,48,8,6,2.87,-8.28
"$$WG3,396,113742,53.004906,-2.332253,18925,5.7,6.8,25,8,6,2858,-802*329E","0x17,EDU0001,G8KNN,G8FJG,G6GZH,G8ZBJ_2",396,11:37:42,53.004906,-2.332253,18925,5.7,6.8,25,8,6,2.86,-8.02
"$$WG3,398,113813,53.006160,-2.331060,19115,8.6,5.2,64,8,6,2858,-789*28C4","0x17,EDU0001,G8KNN,G8FJG,G0WXI,G6GZH,G8ZBJ_2",398,11:38:13,53.00616,-2.33106,19115,8.6,5.2,64,8,6,2.86,-7.89
"$$WG3,399,113828,53.006633,-2.330013,19202,5.0,6.9,70,8,6,2858,-789*95E1","G8DHE,0x17,EDU0001,G8KNN,G6GZH,G8ZBJ_2",399,11:38:28,53.006633,-2.330013,19202,5.0,6.9,70,8,6,2.86,-7.89
"$$WG3,400,113843,53.006579,-2.329543,19296,3.1,3.9,172,8,6,2858,-776*ED60","0x17,EDU0001,G8ZBJ_2,G0WXI,G6GZH,G8KNN",400,11:38:43,53.006579,-2.329543,19296,3.1,3.9,172,8,6,2.86,-7.76
"$$WG3,401,113859,53.006452,-2.329624,19393,4.8,4.4,240,8,6,2858,-789*45EE","G8DHE,0x17,EDU0001,G8KNN,G8FJG,G6GZH,G8ZBJ_2",401,11:38:59,53.006452,-2.329624,19393,4.8,4.4,240,8,6,2.86,-7.89
"$$WG3,402,113914,53.006424,-2.330432,19486,5.7,7.3,285,8,6,2858,-776*D349","G8DHE,0x17,EDU0001,G8KNN,M0MKS/M,G0WXI,G6GZH,G8ZBJ_2",402,11:39:14,53.006424,-2.330432,19486,5.7,7.3,285,8,6,2.86,-7.76
"$$WG3,404,113945,53.006546,-2.331466,19675,2.3,7.4,263,8,6,2858,-763*5EE7","G8DHE,0x17,EDU0001,G8KNN,G0WXI,G6GZH",404,11:39:45,53.006546,-2.331466,19675,2.3,7.4,263,8,6,2.86,-7.63
"$$WG3,403,113929,53.006346,-2.331193,19582,6.8,6.9,299,8,6,2851,-763*6233","G8DHE,EDU0001,G8KNN,G0WXI,G6GZH,G8ZBJ_2",403,11:39:29,53.006346,-2.331193,19582,6.8,6.9,299,8,6,2.85,-7.63
"$$WG3,405,114000,53.007065,-2.331838,19766,6.2,6.6,332,8,6,2858,-738*933C","0x17,EDU0001,G8KNN,G8FJG,G0WXI,G6GZH,G8ZBJ_2",405,11:40:00,53.007065,-2.331838,19766,6.2,6.6,332,8,6,2.86,-7.38
"$$WG3,408,114046,53.008914,-2.332773,20034,5.5,7.8,351,8,6,2858,-712*49F4","0x17,EDU0001,G8KNN,G8FJG,G0WXI,G6GZH,G8ZBJ_2",408,11:40:46,53.008914,-2.332773,20034,5.5,7.8,351,8,6,2.86,-7.12
"$$WG3,410,114116,53.010264,-2.333360,20216,4.8,4.3,16,8,6,2851,-699*806C","0x17,G0WXI,G8KNN,G6GZH",410,11:41:16,53.010264,-2.33336,20216,4.8,4.3,16,8,6,2.85,-6.99
"$$WG3,412,114147,53.011015,-2.334052,20409,7.3,8.3,248,8,6,2851,-712*C1DA","G8FJG,G0WXI",412,11:41:47,53.011015,-2.334052,20409,7.3,8.3,248,8,6,2.85,-7.12
"$$WG3,409,114101,53.009656,-2.333354,20125,6.9,4.8,349,8,6,2851,-738*4708","G0WXI,G8ZBJ_2,G8KNN",409,11:41:01,53.009656,-2.333354,20125,6.9,4.8,349,8,6,2.85,-7.38
"$$WG3,415,114233,53.013394,-2.336018,20763,3.5,4.6,328,8,6,2858,-648*E7E5","G8FJG,EDU0001,G0WXI,G8KNN",415,11:42:33,53.013394,-2.336018,20763,3.5,4.6,328,8,6,2.86,-6.48
"$$WG3,406,114016,53.007772,-2.331970,19857,8.0,4.8,3,8,6,2858,-725*C724","G8DHE,0x17,EDU0001,G8KNN,M0MKS/M,G0WXI,G6GZH,G8ZBJ_2",406,11:40:16,53.007772,-2.33197,19857,8.0,4.8,3,8,6,2.86,-7.25
"$$WG3,411,114132,53.010704,-2.333488,20311,3.8,5.5,348,8,6,2858,-687*2A23","EDU0001,G8KNN,G8ZBJ_2",411,11:41:32,53.010704,-2.333488,20311,3.8,5.5,348,8,6,2.86,-6.87
"$$WG3,416,114249,53.014515,-2.336210,20867,5.0,7.0,7,8,6,2858,-635*AD06","G8FJG,EDU0001,G0WXI",416,11:42:49,53.014515,-2.33621,20867,5.0,7.0,7,8,6,2.86,-6.35
"$$WG3,417,114304,53.015258,-2.336301,20958,5.6,7.0,321,8,6,2851,-661*5325","G8FJG,EDU0001,G0WXI",417,11:43:04,53.015258,-2.336301,20958,5.6,7.0,321,8,6,2.85,-6.61
"$$WG3,413,114202,53.011633,-2.334809,20522,9.4,8.6,292,8,6,2858,-661*14F8","EDU0001,G0WXI,G8ZBJ_2",413,11:42:02,53.011633,-2.334809,20522,9.4,8.6,292,8,6,2.86,-6.61
"$$WG3,407,114031,53.008289,-2.332270,19946,4.4,6.9,2,8,6,2858,-751*DB4C","0x17,EDU0001,G8KNN,M0MKS/M,G0WXI,G6GZH,G8ZBJ_2",407,11:40:31,53.008289,-2.33227,19946,4.4,6.9,2,8,6,2.86,-7.51
"$$WG3,419,114334,53.016041,-2.336168,21147,0.6,8.0,194,8,6,2851,-623*54EF","G8FJG,EDU0001,G0WXI",419,11:43:34,53.016041,-2.336168,21147,0.6,8.0,194,8,6,2.85,-6.23
"$$WG3,420,114350,53.015994,-2.336323,21247,1.6,6.7,200,8,6,2851,-598*EEEC","0x17,G8FJG,EDU0001,G0WXI,G8KNN",420,11:43:50,53.015994,-2.336323,21247,1.6,6.7,200,8,6,2.85,-5.98
"$$WG3,421,114405,53.015914,-2.336531,21340,1.2,5.5,179,8,6,2851,-586*E7DC","G8FJG,G0WXI",421,11:44:05,53.015914,-2.336531,21340,1.2,5.5,179,8,6,2.85,-5.86
"$$WG3,422,114421,53.016041,-2.337110,21438,2.3,4.9,323,8,6,2851,-574*3AA5","G8FJG,G0WXI",422,11:44:21,53.016041,-2.33711,21438,2.3,4.9,323,8,6,2.85,-5.74
"$$WG3,418,114319,53.015804,-2.336307,21052,1.0,6.9,142,8,6,2858,-610*968F","G8FJG,G0WXI,G8ZBJ_2",418,11:43:19,53.015804,-2.336307,21052,1.0,6.9,142,8,6,2.86,-6.1
"$$WG3,423,114436,53.016204,-2.337922,21533,3.7,7.6,335,8,6,2851,-561*2F77","G8FJG,G0WXI,G8KNN",423,11:44:36,53.016204,-2.337922,21533,3.7,7.6,335,8,6,2.85,-5.61
"$$WG3,424,114451,53.016615,-2.339028,21626,6.2,8.1,334,8,6,2851,-549*0027","G8FJG,G0WXI",424,11:44:51,53.016615,-2.339028,21626,6.2,8.1,334,8,6,2.85,-5.49
"$$WG3,425,114507,53.017309,-2.339793,21730,3.6,5.0,331,8,6,2844,-537*2738","G8FJG,G0WXI",425,11:45:07,53.017309,-2.339793,21730,3.6,5.0,331,8,6,2.84,-5.37
"$$WG3,426,114522,53.017649,-2.339850,21823,2.5,7.0,6,8,6,2851,-525*74FC","G8FJG,G0WXI",426,11:45:22,53.017649,-2.33985,21823,2.5,7.0,6,8,6,2.85,-5.25
"$$WG3,427,114537,53.017678,-2.339897,21919,4.3,6.5,288,8,6,2851,-549*E7BA","G8FJG,EDU0001,G0WXI",427,11:45:37,53.017678,-2.339897,21919,4.3,6.5,288,8,6,2.85,-5.49
"$$WG3,428,114553,53.017477,-2.340529,22018,4.9,6.7,240,8,6,2844,-500*FE8F","G8FJG,EDU0001",428,11:45:53,53.017477,-2.340529,22018,4.9,6.7,240,8,6,2.84,-5.0
"$$WG3,429,114608,53.017285,-2.341610,22114,5.4,6.9,250,8,6,2844,-463*D9BC",G0WXI,429,11:46:08,53.017285,-2.34161,22114,5.4,6.9,250,8,6,2.84,-4.63
"$$WG3,430,114623,53.017295,-2.343075,22209,10.6,5.3,289,8,6,2844,-476*F40C","G8FJG,G0WXI",430,11:46:23,53.017295,-2.343075,22209,10.6,5.3,289,8,6,2.84,-4.76
"$$WG3,431,114639,53.017601,-2.344466,22313,8.4,6.2,286,8,6,2851,-500*C0B6","G8FJG,EDU0001,G0WXI",431,11:46:39,53.017601,-2.344466,22313,8.4,6.2,286,8,6,2.85,-5.0
"$$WG3,432,114654,53.017856,-2.345508,22408,10.2,5.4,280,8,6,2851,-451*73DA","G8FJG,G0WXI",432,11:46:54,53.017856,-2.345508,22408,10.2,5.4,280,8,6,2.85,-4.51
"$$WG3,433,114710,53.018103,-2.346722,22511,9.0,5.0,264,8,6,2851,-463*1979","G8FJG,G0WXI",433,11:47:10,53.018103,-2.346722,22511,9.0,5.0,264,8,6,2.85,-4.63
"$$WG3,434,114725,53.018352,-2.348190,22606,11.3,5.2,274,8,6,2851,-427*A0F0","G8FJG,G0WXI",434,11:47:25,53.018352,-2.34819,22606,11.3,5.2,274,8,6,2.85,-4.27
"$$WG3,435,114741,53.018578,-2.349700,22714,6.8,7.2,285,8,6,2851,-415*D6A0",G8FJG,435,11:47:41,53.018578,-2.3497,22714,6.8,7.2,285,8,6,2.85,-4.15
"$$WG3,436,114756,53.018687,-2.351004,22809,6.5,7.6,269,8,6,2844,-403*FF3C","G8FJG,G0WXI,G8KNN",436,11:47:56,53.018687,-2.351004,22809,6.5,7.6,269,8,6,2.84,-4.03
"$$WG3,437,114812,53.018909,-2.352753,22913,8.4,5.4,309,8,6,2851,-415*CD6B",G0WXI,437,11:48:12,53.018909,-2.352753,22913,8.4,5.4,309,8,6,2.85,-4.15
"$$WG3,440,114858,53.020373,-2.355987,23204,5.6,6.5,289,8,6,2837,-344*530F","G8FJG,G0WXI",440,11:48:58,53.020373,-2.355987,23204,5.6,6.5,289,8,6,2.84,-3.44
"$$WG3,441,114913,53.020886,-2.356841,23298,7.3,6.5,332,8,6,2837,-356*CDB9","F1OIL,G8FJG,G0WXI,0x17,G8KNN",441,11:49:13,53.020886,-2.356841,23298,7.3,6.5,332,8,6,2.84,-3.56
"$$WG3,442,114929,53.021109,-2.357468,23400,4.1,7.5,238,8,6,2844,-308*ABBC","G8FJG,G0WXI",442,11:49:29,53.021109,-2.357468,23400,4.1,7.5,238,8,6,2.84,-3.08
"$$WG3,443,114944,53.021065,-2.358352,23495,8.1,5.8,247,8,6,2837,-308*7AAD",G8FJG,443,11:49:44,53.021065,-2.358352,23495,8.1,5.8,247,8,6,2.84,-3.08
"$$WG3,445,115015,53.021146,-2.360838,23701,3.9,7.8,262,8,6,2844,-285*68CF","G8FJG,G0WXI,G8ZBJ_2",445,11:50:15,53.021146,-2.360838,23701,3.9,7.8,262,8,6,2.84,-2.85
"$$WG3,446,115030,53.021466,-2.362120,23802,6.6,6.2,322,8,6,2844,-249*0F52",G8FJG,446,11:50:30,53.021466,-2.36212,23802,6.6,6.2,322,8,6,2.84,-2.49
"$$WG3,438,114827,53.019449,-2.354343,23007,8.5,7.0,308,8,6,2844,-403*A942","G8FJG,G0WXI,G8KNN,M0MKS/M",438,11:48:27,53.019449,-2.354343,23007,8.5,7.0,308,8,6,2.84,-4.03
"$$WG3,447,115046,53.022126,-2.363187,23908,7.2,5.6,12,8,6,2851,-249*5C98","G8FJG,G0WXI",447,11:50:46,53.022126,-2.363187,23908,7.2,5.6,12,8,6,2.85,-2.49
"$$WG3,439,114843,53.020041,-2.355329,23109,5.4,6.4,17,8,6,2837,-379*7F84","G8FJG,G0WXI,G8ZBJ_2",439,11:48:43,53.020041,-2.355329,23109,5.4,6.4,17,8,6,2.84,-3.79
"$$WG3,449,115116,53.023235,-2.364493,24114,5.2,6.2,54,8,6,2844,-226*BEAE","g0nzo,0x17,EDU0001,G8KNN,G8FJG,G8ZBJ_2",449,11:51:16,53.023235,-2.364493,24114,5.2,6.2,54,8,6,2.84,-2.26
"$$WG3,451,115147,53.023943,-2.366528,24322,5.4,6.5,350,8,6,2823,-147*3F57","G8ZBJ,G8FJG,G0WXI",451,11:51:47,53.023943,-2.366528,24322,5.4,6.5,350,8,6,2.82,-1.47
"$$WG3,452,115202,53.024239,-2.367558,24424,6.1,5.7,351,8,6,2844,-169*104B","F1OIL,G8FJG,EDU0001,G8ZBJ,G0WXI",452,11:52:02,53.024239,-2.367558,24424,6.1,5.7,351,8,6,2.84,-1.69
"$$WG3,453,115218,53.024405,-2.368159,24530,1.6,5.0,334,8,6,2844,-135*DFDB","G8ZBJ,G8FJG,G0WXI",453,11:52:18,53.024405,-2.368159,24530,1.6,5.0,334,8,6,2.84,-1.35
"$$WG3,448,115101,53.022779,-2.363789,24013,5.6,6.8,19,8,6,2837,-215*2CFD","0x17,G8ZBJ_2,G8FJG,F1OIL,M0MKS/M,G0WXI,G8KNN",448,11:51:01,53.022779,-2.363789,24013,5.6,6.8,19,8,6,2.84,-2.15
"$$WG3,454,115233,53.024346,-2.368824,24632,4.3,4.8,305,8,6,2837,-124*A4FA","G8FJG,EDU0001,G0WXI,M0MKS/M",454,11:52:33,53.024346,-2.368824,24632,4.3,4.8,305,8,6,2.84,-1.24
"$$WG3,444,114959,53.020981,-2.359528,23592,10.2,6.8,265,8,6,2851,-285*1678","G8FJG,G0WXI,G8ZBJ_2,M0MKS/M",444,11:49:59,53.020981,-2.359528,23592,10.2,6.8,265,8,6,2.85,-2.85
"$$WG3,450,115131,53.023635,-2.365175,24214,5.0,4.8,339,8,6,2837,-192*916C","G8FJG,G8ZBJ_2",450,11:51:31,53.023635,-2.365175,24214,5.0,4.8,339,8,6,2.84,-1.92
"$$WG3,457,115319,53.025384,-2.372782,24943,7.1,7.6,324,8,6,2844,-67*D243","G8ZBJ,G8FJG,G0WXI,G8KNN,M0MKS/M",457,11:53:19,53.025384,-2.372782,24943,7.1,7.6,324,8,6,2.84,-0.67
"$$WG3,455,115248,53.024498,-2.370030,24734,7.4,5.7,332,8,6,2844,-112*5E84","G8ZBJ,G8FJG,G0WXI,F1OIL,M0MKS/M",455,11:52:48,53.024498,-2.37003,24734,7.4,5.7,332,8,6,2.84,-1.12
"$$WG3,459,115350,53.025727,-2.375967,25153,10.2,8.2,277,8,6,2844,-33*0654",G8FJG,459,11:53:50,53.025727,-2.375967,25153,10.2,8.2,277,8,6,2.84,-0.33
"$$WG3,456,115304,53.024818,-2.371320,24846,8.4,8.7,325,8,6,2844,-90*AA55","G8ZBJ,G8ZBJ_2,G8FJG,M0MKS/M,G0WXI,G6GZH,G8KNN",456,11:53:04,53.024818,-2.37132,24846,8.4,8.7,325,8,6,2.84,-0.9
"$$WG3,460,115405,53.026032,-2.377747,25253,11.8,6.7,294,8,6,2844,-22*D43A","G8ZBJ,G8FJG",460,11:54:05,53.026032,-2.377747,25253,11.8,6.7,294,8,6,2.84,-0.22
"$$WG3,461,115420,53.026348,-2.379200,25356,13.0,5.2,294,8,6,2837,-22*B2B1",G8FJG,461,11:54:20,53.026348,-2.3792,25356,13.0,5.2,294,8,6,2.84,-0.22
"$$WG3,462,115436,53.026763,-2.380610,25472,6.5,7.9,322,8,6,2837,11*C6BD","G8ZBJ,G8FJG,G0WXI",462,11:54:36,53.026763,-2.38061,25472,6.5,7.9,322,8,6,2.84,0.11
"$$WG3,458,115334,53.025702,-2.374130,25043,9.8,10.2,310,8,6,2844,-56*2141","G8FJG,G0WXI,G8ZBJ_2",458,11:53:34,53.025702,-2.37413,25043,9.8,10.2,310,8,6,2.84,-0.56
"$$WG3,464,115506,53.027419,-2.381348,25688,5.2,6.8,15,8,6,2837,44*A1C4","G8FJG,G0WXI,M0MKS/M",464,11:55:06,53.027419,-2.381348,25688,5.2,6.8,15,8,6,2.84,0.44
"$$WG3,465,115521,53.027293,-2.381350,25794,2.0,6.7,213,8,6,2844,33*60AC","G8FJG,EDU0001,G0WXI,M0MKS/M",465,11:55:21,53.027293,-2.38135,25794,2.0,6.7,213,8,6,2.84,0.33
"$$WG3,463,115451,53.027272,-2.381249,25580,6.1,9.0,328,8,6,2844,33*01C7","G8FJG,EDU0001,G0WXI,M0MKS/M",463,11:54:51,53.027272,-2.381249,25580,6.1,9.0,328,8,6,2.84,0.33
"$$WG3,466,115536,53.027043,-2.381605,25899,5.4,8.0,203,8,6,2844,77*0318","G8FJG,EDU0001,G0WXI",466,11:55:36,53.027043,-2.381605,25899,5.4,8.0,203,8,6,2.84,0.77
"$$WG3,468,115606,53.026157,-2.383952,26116,9.7,8.5,242,8,6,2844,110*249F",G8FJG,468,11:56:06,53.026157,-2.383952,26116,9.7,8.5,242,8,6,2.84,1.1
"$$WG3,467,115551,53.026733,-2.382545,26009,10.1,7.8,186,8,6,2851,99*5DC6","G8FJG,G0WXI,M0MKS/M",467,11:55:51,53.026733,-2.382545,26009,10.1,7.8,186,8,6,2.85,0.99
"$$WG3,469,115621,53.025542,-2.385769,26232,9.3,12.7,249,8,6,2844,121*4FFB","G8FJG,G0WXI",469,11:56:21,53.025542,-2.385769,26232,9.3,12.7,249,8,6,2.84,1.21
"$$WG3,472,115707,53.024752,-2.391911,26023,8.7,-27.5,234,7,6,2837,175*C183","G8ZBJ,G8FJG,G0WXI,M0MKS/M",472,11:57:07,53.024752,-2.391911,26023,8.7,-27.5,234,7,6,2.84,1.75
"$$WG3,470,115636,53.025046,-2.387734,26353,9.6,3.4,211,8,6,2844,143*4442","G8FJG,G0WXI,G8ZBJ_2",470,11:56:36,53.025046,-2.387734,26353,9.6,3.4,211,8,6,2.84,1.43
"$$WG3,473,115723,53.024461,-2.392579,25560,1.8,-28.7,345,7,6,2844,186*3542","G8ZBJ,G8FJG,G0WXI,M0MKS/M",473,11:57:23,53.024461,-2.392579,25560,1.8,-28.7,345,7,6,2.84,1.86
"$$WG3,474,115738,53.024793,-2.393798,25153,7.9,-25.4,286,7,6,2844,197*0374","G8FJG,G0WXI,M0MKS/M",474,11:57:38,53.024793,-2.393798,25153,7.9,-25.4,286,7,6,2.84,1.97
"$$WG3,475,115754,53.025107,-2.395284,24738,6.3,-24.7,296,7,6,2844,207*91FA","G8ZBJ,G8FJG,G0WXI",475,11:57:54,53.025107,-2.395284,24738,6.3,-24.7,296,7,6,2.84,2.07
"$$WG3,471,115652,53.025064,-2.389841,26440,9.9,-10.4,263,8,6,2844,154*44E6","G8ZBJ,G0WXI,G8ZBJ_2",471,11:56:52,53.025064,-2.389841,26440,9.9,-10.4,263,8,6,2.84,1.54
"$$WG3,476,115810,53.025302,-2.396236,24302,4.8,-24.4,288,7,6,2844,207*6700",G8ZBJ,476,11:58:10,53.025302,-2.396236,24302,4.8,-24.4,288,7,6,2.84,2.07
"$$WG3,483,115959,53.027300,-2.402789,21701,5.3,-21.6,327,7,6,2844,314*0E93","G8FJG,G0WXI",483,11:59:59,53.0273,-2.402789,21701,5.3,-21.6,327,7,6,2.84,3.14
"$$WG3,484,120014,53.027467,-2.403714,21376,2.8,-22.8,231,7,6,2844,314*E394","M0MKS/M,G0WXI,M0MKS",484,12:00:14,53.027467,-2.403714,21376,2.8,-22.8,231,7,6,2.84,3.14
"$$WG3,485,120030,53.027473,-2.404038,21031,2.2,-19.7,340,7,6,2844,314*8070","G8FJG,EDU0001",485,12:00:30,53.027473,-2.404038,21031,2.2,-19.7,340,7,6,2.84,3.14
"$$WG3,479,115856,53.026284,-2.398702,23163,3.0,-24.3,316,7,6,2844,250*27DF","G8FJG,G0WXI,M0MKS/M",479,11:58:56,53.026284,-2.398702,23163,3.0,-24.3,316,7,6,2.84,2.5
"$$WG3,486,120046,53.028341,-2.404214,20694,7.8,-19.6,340,7,6,2844,335*37Dd",G8KNN,486,12:00:46,53.028341,-2.404214,20694,7.8,-19.6,340,7,6,2.84,3.35
"$$WG3,488,120117,53.029673,-2.405280,20072,5.5,-19.7,353,7,6,2830,335*3D9A","G8DHE,0x17,M0MKS,EDU0001,G8KNN,M0MKS/M,G6GZH",488,12:01:17,53.029673,-2.40528,20072,5.5,-19.7,353,7,6,2.83,3.35
"$$WG3,486,120046,53.028341,-2.404214,20694,7.8,-19.6,340,7,6,2844,335*37DD","0x17,M0MKS,EDU0001,G8FJG,M0MKS/M,G6GZH",486,12:00:46,53.028341,-2.404214,20694,7.8,-19.6,340,7,6,2.84,3.35
"$$WG3,478,115841,53.026145,-2.397935,23525,4.0,-25.7,271,7,6,2844,250*DC79","G8FJG,M0MKS/M",478,11:58:41,53.026145,-2.397935,23525,4.0,-25.7,271,7,6,2.84,2.5
"$$WG3,477,115825,53.025675,-2.396942,23927,4.6,-24.8,325,7,6,2844,218*D9F0","G8FJG,G8ZBJ_2,M0MKS/M",477,11:58:25,53.025675,-2.396942,23927,4.6,-24.8,325,7,6,2.84,2.18
"$$WG3,489,120132,53.030118,-2.405690,19774,4.6,-17.3,339,7,6,2844,356*C995","0x17,M0MKS,G8KNN,G8FJG,M0MKS/M,G6GZH",489,12:01:32,53.030118,-2.40569,19774,4.6,-17.3,339,7,6,2.84,3.56
"$$WG3,490,120148,53.030326,-2.406109,19474,3.6,-19.5,276,7,6,2837,367*E0DB","0x17,EDU0001,G6GZH,G8KNN,M0MKS",490,12:01:48,53.030326,-2.406109,19474,3.6,-19.5,276,7,6,2.84,3.67
"$$WG3,487,120101,53.029118,-2.405028,20390,4.7,-21.8,309,7,6,2844,346*3633","M0MKS/M,EDU0001,G8KNN,M0MKS",487,12:01:01,53.029118,-2.405028,20390,4.7,-21.8,309,7,6,2.84,3.46
"$$WG3,482,115943,53.027256,-2.402283,22060,5.9,-23.0,256,7,6,2844,304*CE60","G8FJG,M0MKS/M",482,11:59:43,53.027256,-2.402283,22060,5.9,-23.0,256,7,6,2.84,3.04
"$$WG3,481,115928,53.027081,-2.401092,22400,4.3,-22.9,291,7,6,2844,293*F257","G8ZBJ,M0MKS/M",481,11:59:28,53.027081,-2.401092,22400,4.3,-22.9,291,7,6,2.84,2.93
"$$WG3,480,115912,53.026839,-2.399733,22777,6.3,-24.1,289,7,6,2844,272*5570","G8FJG,G8ZBJ_2,M0MKS/M",480,11:59:12,53.026839,-2.399733,22777,6.3,-24.1,289,7,6,2.84,2.72
"$$WG3,491,120204,53.030125,-2.406378,19181,5.4,-18.6,93,7,6,2844,367*AFA0","EDU0001,M0MKS",491,12:02:04,53.030125,-2.406378,19181,5.4,-18.6,93,7,6,2.84,3.67
"$$WG3,492,120219,53.030567,-2.405479,18912,4.7,-18.9,5,7,6,2844,377*7636","EDU0001,G8KNN",492,12:02:19,53.030567,-2.405479,18912,4.7,-18.9,5,7,6,2.84,3.77
"$$WG3,494,120250,53.031668,-2.404302,18375,5.4,-16.7,43,7,6,2844,377*A4EF","G8FJG,EDU0001,G8KNN,M0MKS",494,12:02:50,53.031668,-2.404302,18375,5.4,-16.7,43,7,6,2.84,3.77
"$$WG3,493,120234,53.031112,-2.404958,18643,4.1,-16.2,23,7,6,2851,377*D0D5","M0MKS,EDU0001,G8KNN,M0MKS/M,G8FJG,G6GZH",493,12:02:34,53.031112,-2.404958,18643,4.1,-16.2,23,7,6,2.85,3.77
"$$WG3,495,120305,53.032412,-2.402967,18127,7.0,-16.9,39,7,6,2844,388*91EA","G8FJG,EDU0001,M0MKS,G8KNN,M0MKS/M",495,12:03:05,53.032412,-2.402967,18127,7.0,-16.9,39,7,6,2.84,3.88
"$$WG3,496,120320,53.032857,-2.402125,17879,5.7,-15.8,64,7,6,2844,388*5053","M0MKS,EDU0001,G8KNN,G8FJG,G6GZH,G8ZBJ_2",496,12:03:20,53.032857,-2.402125,17879,5.7,-15.8,64,7,6,2.84,3.88
"$$WG3,499,120407,53.035503,-2.395987,17106,9.8,-14.6,62,7,6,2844,388*B6FF","G8DHE,0x17,2E1FOV,EDU0001,G8KNN,M0MKS/M,M0MKS,G6GZH",499,12:04:07,53.035503,-2.395987,17106,9.8,-14.6,62,7,6,2.84,3.88
"$$WG3,497,120336,53.033441,-2.400133,17616,13.7,-17.3,52,7,6,2844,388*0C3C","G8FJG,EDU0001,G6GZH,G8ZBJ_2",497,12:03:36,53.033441,-2.400133,17616,13.7,-17.3,52,7,6,2.84,3.88
"$$WG3,500,120422,53.036236,-2.394308,16869,9.2,-14.9,56,7,6,2837,377*170E","G8DHE,0x17,M0MKS,G8ZBJ,EDU0001,G8ZBJ_2,G8FJG,M0MKS/M,2E1FOV,G0WXI,G6GZH,G8KNN",500,12:04:22,53.036236,-2.394308,16869,9.2,-14.9,56,7,6,2.84,3.77
"$$WG3,498,120351,53.034491,-2.397868,17366,13.2,-16.0,43,7,6,2844,388*57E3","M0MKS,G8ZBJ_2,G8KNN",498,12:03:51,53.034491,-2.397868,17366,13.2,-16.0,43,7,6,2.84,3.88
"$$WG3,501,120438,53.036801,-2.392610,16622,9.0,-16.3,59,7,6,2844,377*94AE","G8DHE,0x17,2E1FOV,G8ZBJ,EDU0001,G8ZBJ_2,M0MKS/M,G0WXI,G6GZH",501,12:04:38,53.036801,-2.39261,16622,9.0,-16.3,59,7,6,2.84,3.77
"$$WG3,503,120509,53.038085,-2.388952,16148,11.6,-14.2,61,7,6,2844,377*88AC","0x17,2E1FOV,G8ZBJ,EDU0001,G8KNN,M0MKS/M,G0WXI,G6GZH,G8ZBJ_2",503,12:05:09,53.038085,-2.388952,16148,11.6,-14.2,61,7,6,2.84,3.77
"$$WG3,502,120453,53.037322,-2.390927,16390,8.8,-13.9,58,7,6,2830,377*C640","0x17,M0MKS,G8ZBJ,EDU0001,G8KNN,M0MKS/M,G0WXI,G6GZH,G8ZBJ_2",502,12:04:53,53.037322,-2.390927,16390,8.8,-13.9,58,7,6,2.83,3.77
"$$WG3,504,120524,53.038603,-2.387082,15927,7.4,-14.3,69,7,6,2844,367*4845","M0MKS,G8ZBJ,EDU0001,G8ZBJ_2,M0MKS/M,G0WXI,G8KNN",504,12:05:24,53.038603,-2.387082,15927,7.4,-14.3,69,7,6,2.84,3.67
"$$WG3,505,120540,53.038994,-2.385605,15694,8.2,-14.3,56,7,6,2844,356*F03D","G8DHE,0x17,M0MKS,G8ZBJ,EDU0001,G8KNN,2E1FOV,G0WXI,G6GZH,G8ZBJ_2",505,12:05:40,53.038994,-2.385605,15694,8.2,-14.3,56,7,6,2.84,3.56
"$$WG3,506,120555,53.039649,-2.383374,15473,13.8,-12.4,70,7,6,2844,356*3581","0x17,G8ZBJ,EDU0001,G8KNN,M0MKS/M,G0WXI,G8ZBJ_2",506,12:05:55,53.039649,-2.383374,15473,13.8,-12.4,70,7,6,2.84,3.56
"$$WG3,507,120611,53.040625,-2.380122,15243,17.6,-13.9,62,7,6,2844,346*1E69","G8ZBJ,EDU0001,G6GZH",507,12:06:11,53.040625,-2.380122,15243,17.6,-13.9,62,7,6,2.84,3.46
"$$WG3,508,120626,53.041776,-2.376932,15036,16.4,-12.5,53,7,6,2837,335*C724","M0MKS,G8ZBJ,EDU0001,G8KNN,G8FJG,G8ZBJ_2",508,12:06:26,53.041776,-2.376932,15036,16.4,-12.5,53,7,6,2.84,3.35
"$$WG3,509,120642,53.043062,-2.373840,14815,17.0,-13.0,64,7,6,2851,335*DFA0","0x17,2E1FOV,G8ZBJ,EDU0001,G8KNN,M0MKS,G6GZH,G8ZBJ_2",509,12:06:42,53.043062,-2.37384,14815,17.0,-13.0,64,7,6,2.85,3.35
"$$WG3,511,120713,53.044865,-2.366468,14404,18.0,-12.7,57,7,6,2844,304*4924","0x17,M0MKS,G8ZBJ,G8KNN,G0WXI,G6GZH",511,12:07:13,53.044865,-2.366468,14404,18.0,-12.7,57,7,6,2.84,3.04
"$$WG3,512,120729,53.046077,-2.362802,14194,18.0,-13.7,55,7,6,2844,304*573E","M0UPU,0x17,M0MKS,G8ZBJ,EDU0001,G8KNN,G6GZH",512,12:07:29,53.046077,-2.362802,14194,18.0,-13.7,55,7,6,2.84,3.04
"$$WG3,510,120657,53.043741,-2.370343,14618,18.6,-13.7,71,7,6,2851,325*6589","0x17,M0MKS,G8ZBJ,EDU0001,G8KNN,G8FJG,M0MKS/M,G8ZBJ_2",510,12:06:57,53.043741,-2.370343,14618,18.6,-13.7,71,7,6,2.85,3.25
"$$WG3,513,120744,53.047334,-2.359948,13998,14.5,-12.6,56,7,6,2844,272*EE25","G8KNN,M0MKS/M,EDU0001,G6GZH,M0MKS",513,12:07:44,53.047334,-2.359948,13998,14.5,-12.6,56,7,6,2.84,2.72
"$$WG3,514,120800,53.048293,-2.357326,13798,15.4,-11.6,64,7,6,2844,283*7550","0x17,M0MKS,G8ZBJ,G8KNN,G8FJG,G0WXI,G6GZH",514,12:08:00,53.048293,-2.357326,13798,15.4,-11.6,64,7,6,2.84,2.83
"$$WG3,515,120815,53.049247,-2.354470,13607,13.3,-11.0,61,7,6,2844,272*B516","0x17,M0MKS,EDU0001,G8KNN,G8FJG,M0MKS/M,G6GZH,G8ZBJ_2",515,12:08:15,53.049247,-2.35447,13607,13.3,-11.0,61,7,6,2.84,2.72
"$$WG3,516,120831,53.050166,-2.351811,13412,14.0,-13.4,70,7,6,2844,261*44E1","0x17,M0MKS,G8ZBJ,EDU0001,G8KNN,G8FJG,M0MKS/M,G6GZH",516,12:08:31,53.050166,-2.351811,13412,14.0,-13.4,70,7,6,2.84,2.61
"$$WG3,517,120847,53.050974,-2.348181,13205,15.6,-13.1,63,7,6,2844,240*3815","0x17,G8FJG,G6GZH,G8KNN",517,12:08:47,53.050974,-2.348181,13205,15.6,-13.1,63,7,6,2.84,2.4
"$$WG3,518,120902,53.052083,-2.344772,13028,18.0,-12.2,71,7,6,2844,240*E599","M0UPU,M0MKS,G8ZBJ,EDU0001,G8KNN,G8FJG,G6GZH,G8ZBJ_2",518,12:09:02,53.052083,-2.344772,13028,18.0,-12.2,71,7,6,2.84,2.4
"$$WG3,519,120918,53.053169,-2.340867,12834,18.9,-12.3,61,7,6,2844,229*58D8","0x17,G8ZBJ,EDU0001,G8KNN,G6GZH,G8ZBJ_2",519,12:09:18,53.053169,-2.340867,12834,18.9,-12.3,61,7,6,2.84,2.29
"$$WG3,520,120933,53.054030,-2.336724,12662,22.1,-11.5,69,7,6,2844,207*A2CE","M0MKS,EDU0001,G8ZBJ_2,G8FJG,G6GZH,G8KNN",520,12:09:33,53.05403,-2.336724,12662,22.1,-11.5,69,7,6,2.84,2.07
"$$WG3,522,121005,53.057044,-2.327663,12249,24.2,-11.9,66,7,6,2844,186*D25C","G8ZBJ,EDU0001,G8KNN,G8ZBJ_2",522,12:10:05,53.057044,-2.327663,12249,24.2,-11.9,66,7,6,2.84,1.86
"$$WG3,521,120949,53.055446,-2.332023,12483,20.4,-11.6,52,7,6,2823,186*A533","0x17,M0MKS,G8ZBJ,EDU0001,G8KNN,G8FJG,G6GZH,G8ZBJ_2",521,12:09:49,53.055446,-2.332023,12483,20.4,-11.6,52,7,6,2.82,1.86
"$$WG3,524,121036,53.059960,-2.319699,11916,21.2,-11.3,64,7,6,2844,154*4863","G8ZBJ,0x17,EDU0001,G8KNN,M0UPU",524,12:10:36,53.05996,-2.319699,11916,21.2,-11.3,64,7,6,2.84,1.54
"$$WG3,523,121020,53.058357,-2.323777,12086,20.3,-10.4,60,7,6,2844,164*F41F","M0UPU,0x17,M0MKS,G8ZBJ,EDU0001,G8ZBJ_2,F1OIL,G6GZH,G8KNN",523,12:10:20,53.058357,-2.323777,12086,20.3,-10.4,60,7,6,2.84,1.64
"$$WG3,526,121107,53.062552,-2.309514,11568,26.2,-11.5,65,7,6,2844,121*CA0B","G8ZBJ,G8FJG,EDU0001,G8KNN,M0MKS",526,12:11:07,53.062552,-2.309514,11568,26.2,-11.5,65,7,6,2.84,1.21
"$$WG3,525,121051,53.061253,-2.315161,11748,21.6,-10.3,68,7,6,2844,143*AD76","G8ZBJ,0x17,M0MKS,M0UPU,EDU0001,G8ZBJ_2,F1OIL,G8FJG,G8KNN",525,12:10:51,53.061253,-2.315161,11748,21.6,-10.3,68,7,6,2.84,1.43
"$$WG3,527,121123,53.064181,-2.303379,11394,29.9,-10.6,65,7,6,2844,110*85D9","G8ZBJ,M0UPU,EDU0001,G6GZH,M0MKS",527,12:11:23,53.064181,-2.303379,11394,29.9,-10.6,65,7,6,2.84,1.1
"$$WG3,529,121154,53.068150,-2.291270,11055,32.3,-10.8,59,7,6,2844,88*9A55","M0UPU,0x17,M0MKS,G8ZBJ,G8KNN,G8FJG,G0WXI,G6GZH,G8ZBJ_2",529,12:11:54,53.06815,-2.29127,11055,32.3,-10.8,59,7,6,2.84,0.88
"$$WG3,528,121138,53.066081,-2.297478,11229,30.9,-11.4,56,7,6,2837,88*98EE","G8ZBJ,M0MKS,M0UPU,EDU0001,G8KNN,G8FJG,G6GZH,G8ZBJ_2",528,12:11:38,53.066081,-2.297478,11229,30.9,-11.4,56,7,6,2.84,0.88
"$$WG3,530,121209,53.070230,-2.284876,10894,31.1,-10.4,59,7,6,2844,66*F661","G8ZBJ,0x17,M0MKS,M0UPU,EDU0001,G8KNN,G8FJG,G6GZH,G8ZBJ_2",530,12:12:09,53.07023,-2.284876,10894,31.1,-10.4,59,7,6,2.84,0.66
"$$WG3,531,121224,53.072368,-2.279008,10744,29.6,-9.9,58,7,6,2837,44*F952","M0UPU,0x17,M0MKS,G8ZBJ,EDU0001,G8ZBJ_2,G8FJG,G6GZH,G8KNN",531,12:12:24,53.072368,-2.279008,10744,29.6,-9.9,58,7,6,2.84,0.44
"$$WG3,533,121255,53.076773,-2.268048,10429,27.0,-10.3,56,7,6,2837,0*CB56","M0UPU,G8ZBJ,EDU0001,G8KNN,G6GZH,G8ZBJ_2",533,12:12:55,53.076773,-2.268048,10429,27.0,-10.3,56,7,6,2.84,0
"$$WG3,532,121240,53.074638,-2.273145,10583,28.1,-10.2,54,7,6,2844,22*2C51","M0MKS,M0UPU,EDU0001,G8ZBJ_2,F1OIL,G6GZH,G8KNN",532,12:12:40,53.074638,-2.273145,10583,28.1,-10.2,54,7,6,2.84,0.22
"$$WG3,536,121341,53.083161,-2.252121,9952,29.7,-10.4,58,7,6,2837,-67*6E91","M0MKS,M0UPU,EDU0001,G8ZBJ_2,G8FJG,G0WXI,G6GZH,G8KNN",536,12:13:41,53.083161,-2.252121,9952,29.7,-10.4,58,7,6,2.84,-0.67
"$$WG3,534,121310,53.078940,-2.262956,10278,27.0,-10.0,56,7,6,2830,-22*521F","M0MKS,G8ZBJ,EDU0001,G8ZBJ_2,F1OIL,G8FJG,G6GZH,G8KNN",534,12:13:10,53.07894,-2.262956,10278,27.0,-10.0,56,7,6,2.83,-0.22
"$$WG3,537,121357,53.085241,-2.246613,9783,25.1,-10.4,55,7,6,2837,-67*354A","M0UPU,G8ZBJ,EDU0001,G8KNN,G0WXI,G6GZH",537,12:13:57,53.085241,-2.246613,9783,25.1,-10.4,55,7,6,2.84,-0.67
"$$WG3,535,121326,53.081170,-2.257472,10111,29.5,-11.1,61,7,6,2844,-56*FA5B","M0UPU,M0MKS,G8ZBJ,G8KNN,G8FJG,G6GZH,G8ZBJ_2",535,12:13:26,53.08117,-2.257472,10111,29.5,-11.1,61,7,6,2.84,-0.56
"$$WG3,538,121412,53.087391,-2.241647,9626,29.3,-10.9,49,7,6,2844,-78*A24A","M0MKS,G8ZBJ,EDU0001,G8KNN,F1OIL,G0WXI,G6GZH,G8ZBJ_2",538,12:14:12,53.087391,-2.241647,9626,29.3,-10.9,49,7,6,2.84,-0.78
"$$WG3,539,121428,53.089895,-2.236528,9463,29.7,-9.7,52,6,6,2837,-112*0ADE","M0UPU,M0MKS,G8ZBJ,EDU0001,G8KNN,F1OIL,M0MKS/M,G6GZH,G8ZBJ_2",539,12:14:28,53.089895,-2.236528,9463,29.7,-9.7,52,6,6,2.84,-1.12
"$$WG3,540,121443,53.092121,-2.231444,9297,27.3,-14.7,53,7,6,2837,-112*A414","G8ZBJ,M0MKS,M0UPU,EDU0001,G8KNN,G6GZH,G8ZBJ_2",540,12:14:43,53.092121,-2.231444,9297,27.3,-14.7,53,7,6,2.84,-1.12
"$$WG3,541,121459,53.094458,-2.225941,9125,28.2,-11.0,49,7,6,2844,-124*DD1A","M0UPU,M0MKS,G8ZBJ,EDU0001,G8KNN,G6GZH,G8ZBJ_2",541,12:14:59,53.094458,-2.225941,9125,28.2,-11.0,49,7,6,2.84,-1.24
"$$WG3,542,121514,53.096538,-2.220745,8964,26.0,-10.0,62,7,6,2837,-147*5B70","G8ZBJ,G8FJG,G8ZBJ_2,G6GZH,M0MKS",542,12:15:14,53.096538,-2.220745,8964,26.0,-10.0,62,7,6,2.84,-1.47
"$$WG3,543,121530,53.098790,-2.215273,8796,29.7,-10.5,52,7,6,2844,-158*559B","G8ZBJ,M0MKS,M0UPU,EDU0001,G8ZBJ_2,G8FJG,G6GZH",543,12:15:30,53.09879,-2.215273,8796,29.7,-10.5,52,7,6,2.84,-1.58
"$$WG3,544,121545,53.101007,-2.209822,8644,26.9,-10.2,56,7,6,2830,-181*8845","M0UPU,M0MKS,G8ZBJ,EDU0001,G8ZBJ_2,G8FJG",544,12:15:45,53.101007,-2.209822,8644,26.9,-10.2,56,7,6,2.83,-1.81
"$$WG3,546,121616,53.105588,-2.199022,8333,29.0,-9.2,51,7,6,2837,-203*325D","M0UPU,EDU0001,M0MKS,G8KNN,G8ZBJ_2",546,12:16:16,53.105588,-2.199022,8333,29.0,-9.2,51,7,6,2.84,-2.03
"$$WG3,545,121601,53.103336,-2.204254,8480,27.3,-9.9,53,7,6,2844,-192*C207","G8ZBJ,M0UPU,M0MKS,G8ZBJ_2,M0MKS/M",545,12:16:01,53.103336,-2.204254,8480,27.3,-9.9,53,7,6,2.84,-1.92
"$$WG3,547,121632,53.108161,-2.193741,8176,29.1,-9.5,49,7,6,2837,-215*BEF0","G8ZBJ,M0UPU,G8ZBJ_2,G8KNN",547,12:16:32,53.108161,-2.193741,8176,29.1,-9.5,49,7,6,2.84,-2.15
"$$WG3,548,121647,53.110472,-2.189172,8029,24.5,-9.4,48,7,6,2837,-226*7BC6","G8ZBJ,EDU0001,G6GZH,G8ZBJ_2,M0MKS",548,12:16:47,53.110472,-2.189172,8029,24.5,-9.4,48,7,6,2.84,-2.26
"$$WG3,549,121703,53.112878,-2.183884,7877,27.4,-9.5,59,7,6,2830,-226*5FCC","M0MKS,M0UPU,EDU0001,G8ZBJ_2,G8FJG,M0MKS/M,G6GZH,G8KNN",549,12:17:03,53.112878,-2.183884,7877,27.4,-9.5,59,7,6,2.83,-2.26
"$$WG3,550,121718,53.115021,-2.178847,7736,29.0,-9.4,48,7,6,2837,-226*0A93","M0UPU,G8ZBJ_2,G6GZH,G8KNN",550,12:17:18,53.115021,-2.178847,7736,29.0,-9.4,48,7,6,2.84,-2.26
"$$WG3,551,121733,53.117182,-2.173868,7595,25.8,-9.2,56,7,6,2837,-238*CBF5","M0UPU,G6GZH,G8KNN,G8ZBJ_2,M0MKS",551,12:17:33,53.117182,-2.173868,7595,25.8,-9.2,56,7,6,2.84,-2.38
"$$WG3,552,121749,53.119513,-2.168413,7446,29.9,-9.6,58,7,6,2837,-238*A783","G8ZBJ,M0UPU,G6GZH,G8ZBJ_2",552,12:17:49,53.119513,-2.168413,7446,29.9,-9.6,58,7,6,2.84,-2.38
"$$WG3,553,121804,53.121594,-2.163094,7299,29.5,-9.6,60,7,6,2837,-238*ACFA","G8ZBJ,G8ZBJ_2,G8KNN,G6GZH,M0MKS",553,12:18:04,53.121594,-2.163094,7299,29.5,-9.6,60,7,6,2.84,-2.38
"$$WG3,554,121820,53.123728,-2.157523,7147,29.3,-9.4,65,7,6,2837,-261*58C4","M0UPU,G6GZH,G8KNN,G8ZBJ_2,M0MKS",554,12:18:20,53.123728,-2.157523,7147,29.3,-9.4,65,7,6,2.84,-2.61
"$$WG3,557,121906,53.129717,-2.141994,6717,26.7,-9.7,52,7,6,2830,-226*7BB3","M0UPU,M0MKS,G8ZBJ,G8KNN,G8FJG,G6GZH",557,12:19:06,53.129717,-2.141994,6717,26.7,-9.7,52,7,6,2.83,-2.26
"$$WG3,555,121835,53.125629,-2.152406,7007,24.9,-9.7,57,7,6,2837,-238*67DF","G8ZBJ,M0MKS,M0UPU,G8ZBJ_2,G6GZH,G0HDI",555,12:18:35,53.125629,-2.152406,7007,24.9,-9.7,57,7,6,2.84,-2.38
"$$WG3,558,121921,53.131724,-2.137140,6575,25.3,-8.9,51,7,6,2837,-226*6EA3","G8ZBJ,M0MKS,M0UPU,G8ZBJ_2,G8FJG,G8KNN",558,12:19:21,53.131724,-2.13714,6575,25.3,-8.9,51,7,6,2.84,-2.26
"$$WG3,556,121850,53.127568,-2.147456,6864,26.3,-9.2,51,7,6,2837,-226*5B1D","M0MKS,M0UPU,EDU0001,G8ZBJ_2,M0MKS/M,G6GZH",556,12:18:50,53.127568,-2.147456,6864,26.3,-9.2,51,7,6,2.84,-2.26
"$$WG3,559,121937,53.133924,-2.132264,6430,25.1,-9.1,50,7,6,2823,-226*49F0","G8ZBJ,M0MKS,M0UPU,G8KNN,G6GZH,G8ZBJ_2",559,12:19:37,53.133924,-2.132264,6430,25.1,-9.1,50,7,6,2.82,-2.26
"$$WG3,560,121952,53.135944,-2.128110,6286,20.1,-9.6,49,7,6,2837,-215*CDFF","G8ZBJ,M0MKS,M0UPU,G8ZBJ_2,G8FJG,G6GZH",560,12:19:52,53.135944,-2.12811,6286,20.1,-9.6,49,7,6,2.84,-2.15
"$$WG3,561,122007,53.137928,-2.124160,6143,24.4,-9.6,52,7,6,2830,-215*1B9C","G8ZBJ_2,G8FJG,M0MKS,G8KNN,G6GZH",561,12:20:07,53.137928,-2.12416,6143,24.4,-9.6,52,7,6,2.83,-2.15
"$$WG3,564,122054,53.144118,-2.112120,5710,24.8,-9.0,52,7,6,2837,-181*07D7","G8ZBJ,M0MKS,M0UPU,G8KNN,G8FJG,G6GZH,G8ZBJ_2",564,12:20:54,53.144118,-2.11212,5710,24.8,-9.0,52,7,6,2.84,-1.81
"$$WG3,562,122023,53.139987,-2.120249,5998,20.3,-9.0,49,7,6,2830,-203*271C","G8ZBJ,M0UPU,G8KNN,G6GZH,G8ZBJ_2",562,12:20:23,53.139987,-2.120249,5998,20.3,-9.0,49,7,6,2.83,-2.03
"$$WG3,563,122038,53.141945,-2.116525,5861,21.1,-9.0,52,7,6,2837,-192*770B","G8ZBJ,M0UPU,G8ZBJ_2,M0MKS",563,12:20:38,53.141945,-2.116525,5861,21.1,-9.0,52,7,6,2.84,-1.92
"$$WG3,565,122109,53.146039,-2.108215,5574,20.2,-9.6,48,7,6,2837,-158*830E","G8ZBJ,M0UPU,G8KNN,G6GZH,G8ZBJ_2",565,12:21:09,53.146039,-2.108215,5574,20.2,-9.6,48,7,6,2.84,-1.58
"$$WG3,567,122140,53.149775,-2.099899,5279,22.5,-9.3,56,7,6,2837,-124*0C84","G8ZBJ,M0UPU,M0MKS,M0MKS/M",567,12:21:40,53.149775,-2.099899,5279,22.5,-9.3,56,7,6,2.84,-1.24
"$$WG3,569,122211,53.153921,-2.091483,4986,24.2,-9.1,49,7,6,2830,-67*8E10","G8ZBJ,M0UPU,M0MKS,G8ZBJ_2,G8KNN",569,12:22:11,53.153921,-2.091483,4986,24.2,-9.1,49,7,6,2.83,-0.67
"$$WG3,570,122226,53.155952,-2.087557,4853,25.7,-8.7,49,7,6,2830,-44*8F06","G8ZBJ,M0UPU,M0MKS,G8ZBJ_2,G8KNN",570,12:22:26,53.155952,-2.087557,4853,25.7,-8.7,49,7,6,2.83,-0.44
"$$WG3,568,122155,53.151763,-2.095805,5134,21.3,-9.5,48,7,6,2837,-112*1551","G8ZBJ,M0MKS,M0UPU,G8KNN,M0MKS/M,G8ZBJ_2",568,12:21:55,53.151763,-2.095805,5134,21.3,-9.5,48,7,6,2.84,-1.12
"$$WG3,572,122256,53.160093,-2.079650,4587,22.5,-8.5,40,7,6,2837,0*DBF8","G8ZBJ,M0UPU,G8KNN,G8ZBJ_2,M0MKS",572,12:22:56,53.160093,-2.07965,4587,22.5,-8.5,40,7,6,2.84,0
"$$WG3,571,122241,53.158024,-2.083421,4719,24.8,-8.4,47,7,6,2837,-22*80BF","G8ZBJ,M0UPU,G8KNN,G8ZBJ_2,M0MKS",571,12:22:41,53.158024,-2.083421,4719,24.8,-8.4,47,7,6,2.84,-0.22
"$$WG3,573,122311,53.162189,-2.075987,4459,23.7,-8.4,51,7,6,2837,22*70B9","M0UPU,G8ZBJ,G8KNN,G8ZBJ_2,M0MKS",573,12:23:11,53.162189,-2.075987,4459,23.7,-8.4,51,7,6,2.84,0.22
"$$WG3,574,122326,53.164233,-2.072148,4333,20.6,-9.2,46,6,6,2837,55*EF59","G8ZBJ,M0UPU,G8ZBJ_2,G6GZH,M0MKS",574,12:23:26,53.164233,-2.072148,4333,20.6,-9.2,46,6,6,2.84,0.55
"$$WG3,566,122124,53.147821,-2.104327,5432,21.4,-8.8,57,7,6,2837,-135*D6FA",G8ZBJ_2,566,12:21:24,53.147821,-2.104327,5432,21.4,-8.8,57,7,6,2.84,-1.35
"$$WG3,576,122356,53.168671,-2.065234,4085,24.5,-8.5,41,7,6,2837,121*5E9D","M0UPU,EDU0001,G8KNN",576,12:23:56,53.168671,-2.065234,4085,24.5,-8.5,41,7,6,2.84,1.21
"$$WG3,575,122341,53.166395,-2.068616,4208,21.4,-8.6,48,7,6,2837,55*7A91","G8ZBJ,M0MKS,M0UPU,EDU0001,G8KNN,G8ZBJ_2",575,12:23:41,53.166395,-2.068616,4208,21.4,-8.6,48,7,6,2.84,0.55
"$$WG3,579,122442,53.174479,-2.056400,3700,14.7,-8.8,39,7,6,2837,175*24E0","M0UPU,M0MKS",579,12:24:42,53.174479,-2.0564,3700,14.7,-8.8,39,7,6,2.84,1.75
"$$WG3,577,122411,53.170852,-2.061724,3958,21.2,-8.9,48,7,6,2837,132*3811","M0UPU,M0MKS,G8ZBJ,EDU0001,G8KNN,G8ZBJ_2",577,12:24:11,53.170852,-2.061724,3958,21.2,-8.9,48,7,6,2.84,1.32
"$$WG3,580,122457,53.176257,-2.054026,3567,15.9,-7.8,42,7,6,2837,197*D5BC","M0UPU,EDU0001,M0MKS",580,12:24:57,53.176257,-2.054026,3567,15.9,-7.8,42,7,6,2.84,1.97
"$$WG3,578,122426,53.172773,-2.058911,3835,16.7,-8.2,32,7,6,2837,164*E06F","G8ZBJ,M0UPU,M0MKS,G8ZBJ_2,M0MKS/M",578,12:24:26,53.172773,-2.058911,3835,16.7,-8.2,32,7,6,2.84,1.64
"$$WG3,581,122512,53.178128,-2.051238,3443,18.9,-9.1,35,7,6,2837,197*A00B","M0UPU,G8ZBJ,M0MKS",581,12:25:12,53.178128,-2.051238,3443,18.9,-9.1,35,7,6,2.84,1.97
"$$WG3,582,122527,53.180231,-2.048170,3314,21.9,-8.0,47,7,6,2830,250*ED77","M0UPU,G8ZBJ,M0MKS",582,12:25:27,53.180231,-2.04817,3314,21.9,-8.0,47,7,6,2.83,2.5
"$$WG3,583,122542,53.182253,-2.044806,3186,19.2,-8.4,49,7,6,2837,261*BE93","M0UPU,G8ZBJ,G8ZBJ_2,M0MKS",583,12:25:42,53.182253,-2.044806,3186,19.2,-8.4,49,7,6,2.84,2.61
"$$WG3,587,122643,53.189409,-2.031576,2653,16.9,-8.0,49,7,6,2837,398*32C7","M0UPU,G8ZBJ_2,M0MKS",587,12:26:43,53.189409,-2.031576,2653,16.9,-8.0,49,7,6,2.84,3.98
"$$WG3,589,122714,53.192612,-2.025235,2409,17.1,-7.2,59,7,6,2837,461*05F9","M0UPU,G8ZBJ,M0MKS",589,12:27:14,53.192612,-2.025235,2409,17.1,-7.2,59,7,6,2.84,4.61
"$$WG3,584,122558,53.184292,-2.040998,3047,22.0,-8.9,53,7,6,2837,293*C9E9","M0UPU,G8ZBJ,G8ZBJ_2,M0MKS",584,12:25:58,53.184292,-2.040998,3047,22.0,-8.9,53,7,6,2.84,2.93
"$$WG3,590,122729,53.193900,-2.021428,2297,17.3,-7.9,58,7,6,2844,492*1FE4","M0UPU,M0MKS",590,12:27:29,53.1939,-2.021428,2297,17.3,-7.9,58,7,6,2.84,4.92
"$$WG3,585,122613,53.186073,-2.037545,2911,20.3,-8.7,55,7,6,2837,325*581B","M0UPU,G8ZBJ,G8ZBJ_2,M0MKS",585,12:26:13,53.186073,-2.037545,2911,20.3,-8.7,55,7,6,2.84,3.25
"$$WG3,591,122744,53.195400,-2.017982,2189,16.8,-6.7,60,7,6,2844,523*86D1",M0UPU,591,12:27:44,53.1954,-2.017982,2189,16.8,-6.7,60,7,6,2.84,5.23
"$$WG3,588,122658,53.191055,-2.028750,2534,15.6,-8.1,46,6,6,2837,430*47EF","M0UPU,G8ZBJ,G8ZBJ_2,M0MKS",588,12:26:58,53.191055,-2.02875,2534,15.6,-8.1,46,6,6,2.84,4.3
"$$WG3,592,122759,53.196706,-2.014637,2081,17.5,-7.7,62,7,6,2830,544*AB35","M0UPU,M0MKS",592,12:27:59,53.196706,-2.014637,2081,17.5,-7.7,62,7,6,2.83,5.44
"$$WG3,586,122628,53.187732,-2.034251,2781,19.2,-9.5,42,6,6,2837,367*8D18","M0UPU,G8ZBJ,G8ZBJ_2",586,12:26:28,53.187732,-2.034251,2781,19.2,-9.5,42,6,6,2.84,3.67
"$$WG3,593,122814,53.197691,-2.011719,1971,13.5,-7.5,57,7,6,2844,606*3C42",M0UPU,593,12:28:14,53.197691,-2.011719,1971,13.5,-7.5,57,7,6,2.84,6.06
"$$WG3,594,122830,53.198582,-2.008938,1855,14.4,-7.2,64,7,6,2837,647*9E74","M0UPU,M0MKS",594,12:28:30,53.198582,-2.008938,1855,14.4,-7.2,64,7,6,2.84,6.47
"$$WG3,595,122845,53.199220,-2.006375,1748,11.6,-6.9,61,7,6,2844,677*69B9","M0UPU,M0MKS",595,12:28:45,53.19922,-2.006375,1748,11.6,-6.9,61,7,6,2.84,6.77
"$$WG3,596,122900,53.199530,-2.003945,1636,10.7,-7.7,73,7,6,2837,697*3DF7","M0UPU,M0MKS",596,12:29:00,53.19953,-2.003945,1636,10.7,-7.7,73,7,6,2.84,6.97
"$$WG3,597,122915,53.200115,-2.002030,1520,7.5,-7.9,38,7,6,2844,738*1690","M0UPU,M0MKS",597,12:29:15,53.200115,-2.00203,1520,7.5,-7.9,38,7,6,2.84,7.38
"$$WG3,598,122930,53.200980,-2.000567,1405,11.0,-8.1,39,7,6,2844,778*E684",M0MKS,598,12:29:30,53.20098,-2.000567,1405,11.0,-8.1,39,7,6,2.84,7.78
"$$WG3,599,122945,53.201845,-1.998795,1287,7.6,-8.3,46,7,6,2844,798*BDF9",M0MKS,599,12:29:45,53.201845,-1.998795,1287,7.6,-8.3,46,7,6,2.84,7.98
"$$WG3,601,123015,53.203667,-1.996225,1048,6.6,-8.0,24,7,6,2851,838*A797",M0MKS,601,12:30:15,53.203667,-1.996225,1048,6.6,-8.0,24,7,6,2.85,8.38
