_sentence,_receivers,sentence_id,time,latitude,longitude,altitude,speed,satellites,temperature_internal,temperature_external,battery_mv
"$$WILKINS,173,02:30:30,-35.26917,138.55762,1392,22,9,36,0,54*78EA",VK5QI-Mobile,173,02:30:30,-35.26917,138.55762,1392,22,9,36,0,54
"$$WILKINS,177,02:31:34,-35.27213,138.56100,1574,24,9,34,0,47*9EE2",VK5QI-Mobile,177,02:31:34,-35.27213,138.561,1574,24,9,34,0,47
"$$WILKINS,181,02:32:38,-35.27593,138.56532,1805,34,9,32,0,94*28AA",VK5QI-Mobile,181,02:32:38,-35.27593,138.56532,1805,34,9,32,0,94
"$$WILKINS,185,02:33:42,-35.28071,138.57001,1992,32,9,30,0,54*449E",VK5QI-Mobile,185,02:33:42,-35.28071,138.57001,1992,32,9,30,0,54
"$$WILKINS,186,02:33:58,-35.28154,138.57077,2056,20,9,30,0,94*3170",VK5QI-Mobile,186,02:33:58,-35.28154,138.57077,2056,20,9,30,0,94
"$$WILKINS,188,02:34:30,-35.28357,138.57228,2167,39,9,29,0,105*612E",VK5QI-Mobile,188,02:34:30,-35.28357,138.57228,2167,39,9,29,0,105
"$$WILKINS,189,02:34:46,-35.28465,138.57304,2211,24,9,29,0,101*ADD8",VK5QI-Mobile,189,02:34:46,-35.28465,138.57304,2211,24,9,29,0,101
"$$WILKINS,190,02:35:02,-35.28547,138.57356,2266,19,9,28,0,54*8F20",VK5QI-Mobile,190,02:35:02,-35.28547,138.57356,2266,19,9,28,0,54
"$$WILKINS,191,02:35:18,-35.28609,138.57396,2332,7,9,28,0,50*F122",VK5QI-Mobile,191,02:35:18,-35.28609,138.57396,2332,7,9,28,0,50
"$$WILKINS,192,02:35:33,-35.28663,138.57430,2383,14,9,27,0,62*78C9",VK5QI-Mobile,192,02:35:33,-35.28663,138.5743,2383,14,9,27,0,62
"$$WILKINS,194,02:36:05,-35.28771,138.57480,2474,11,9,27,0,54*E7CF",VK5QI-Mobile,194,02:36:05,-35.28771,138.5748,2474,11,9,27,0,54
"$$WILKINS,195,02:36:21,-35.28816,138.57510,2515,8,9,26,0,117*E47F",VK5QI-Mobile,195,02:36:21,-35.28816,138.5751,2515,8,9,26,0,117
"$$WILKINS,196,02:36:37,-35.28870,138.57542,2557,13,9,26,0,94*CD9F",VK5QI-Mobile,196,02:36:37,-35.2887,138.57542,2557,13,9,26,0,94
"$$WILKINS,197,02:36:53,-35.28913,138.57578,2599,11,9,26,0,58*5971",VK5QI-Mobile,197,02:36:53,-35.28913,138.57578,2599,11,9,26,0,58
"$$WILKINS,199,02:37:25,-35.29016,138.57632,2693,24,9,25,0,113*BF62",VK5QI-Mobile,199,02:37:25,-35.29016,138.57632,2693,24,9,25,0,113
"$$WILKINS,200,02:37:41,-35.29076,138.57671,2757,21,9,25,0,105*B6AA",VK5QI-Mobile,200,02:37:41,-35.29076,138.57671,2757,21,9,25,0,105
"$$WILKINS,201,02:37:57,-35.29126,138.57707,2804,17,9,25,0,58*6047",VK5QI-Mobile,201,02:37:57,-35.29126,138.57707,2804,17,9,25,0,58
"$$WILKINS,205,02:39:00,-35.29299,138.57849,2993,13,10,24,0,66*8E93",VK5QI-Mobile,205,02:39:00,-35.29299,138.57849,2993,13,10,24,0,66
"$$WILKINS,206,02:39:16,-35.29333,138.57892,3038,11,10,24,0,74*E1DA",VK5QI-Mobile,206,02:39:16,-35.29333,138.57892,3038,11,10,24,0,74
"$$WILKINS,208,02:39:48,-35.29399,138.57993,3127,9,11,24,0,66*C713",VK5QI-Mobile,208,02:39:48,-35.29399,138.57993,3127,9,11,24,0,66
"$$WILKINS,209,02:40:04,-35.29411,138.58051,3183,12,10,24,0,66*C41D",VK5QI-Mobile,209,02:40:04,-35.29411,138.58051,3183,12,10,24,0,66
"$$WILKINS,210,02:40:20,-35.29423,138.58109,3229,15,11,24,0,74*339D",VK5QI-Mobile,210,02:40:20,-35.29423,138.58109,3229,15,11,24,0,74
"$$WILKINS,212,02:40:52,-35.29476,138.58205,3318,11,11,23,0,137*0B7F",VK5QI-Mobile,212,02:40:52,-35.29476,138.58205,3318,11,11,23,0,137
"$$WILKINS,215,02:41:40,-35.29575,138.58328,3448,8,12,22,0,109*B608",VK5QI-Mobile,215,02:41:40,-35.29575,138.58328,3448,8,12,22,0,109
"$$WILKINS,219,02:42:44,-35.29738,138.58459,3630,6,12,22,0,78*272D",VK5QI-Mobile,219,02:42:44,-35.29738,138.58459,3630,6,12,22,0,78
"$$WILKINS,221,02:43:16,-35.29800,138.58521,3726,14,12,21,0,129*A620",VK5QI-Mobile,221,02:43:16,-35.298,138.58521,3726,14,12,21,0,129
"$$WILKINS,222,02:43:32,-35.29837,138.58542,3770,9,12,21,0,141*14FD",VK5QI-Mobile,222,02:43:32,-35.29837,138.58542,3770,9,12,21,0,141
"$$WILKINS,228,02:45:08,-35.30013,138.58649,4054,11,12,20,0,90*5A74",VK5QI-Mobile,228,02:45:08,-35.30013,138.58649,4054,11,12,20,0,90
"$$WILKINS,229,02:45:24,-35.30038,138.58664,4102,1,12,19,0,113*C23D",VK5QI-Mobile,229,02:45:24,-35.30038,138.58664,4102,1,12,19,0,113
"$$WILKINS,230,02:45:40,-35.30052,138.58672,4148,5,12,19,0,109*A5ED",VK5QI-Mobile,230,02:45:40,-35.30052,138.58672,4148,5,12,19,0,109
"$$WILKINS,233,02:46:28,-35.30119,138.58714,4290,13,11,19,0,168*817A",VK5QI-Mobile,233,02:46:28,-35.30119,138.58714,4290,13,11,19,0,168
"$$WILKINS,257,02:52:52,-35.29988,138.58806,5480,22,9,12,0,329*4F95",VK5QI-Mobile,257,02:52:52,-35.29988,138.58806,5480,22,9,12,0,329
"$$WILKINS,267,02:55:32,-35.29461,138.59409,5928,23,9,10,0,462*EC3B",VK5QI-Mobile,267,02:55:32,-35.29461,138.59409,5928,23,9,10,0,462
"$$WILKINS,268,02:55:48,-35.29385,138.59488,5980,15,9,10,0,497*1036",VK5QI-Mobile,268,02:55:48,-35.29385,138.59488,5980,15,9,10,0,497
"$$WILKINS,271,02:56:36,-35.29101,138.59676,6144,21,9,9,0,513*1C8A",VK5QI-Mobile,271,02:56:36,-35.29101,138.59676,6144,21,9,9,0,513
"$$WILKINS,274,02:57:24,-35.28833,138.59802,6279,23,11,8,0,607*9490",VK5QI-Mobile,274,02:57:24,-35.28833,138.59802,6279,23,11,8,0,607
"$$WILKINS,279,02:58:44,-35.28513,138.59930,6505,23,10,6,0,638*FD0E",VK5QI-Mobile,279,02:58:44,-35.28513,138.5993,6505,23,10,6,0,638
"$$WILKINS,286,03:00:36,-35.28049,138.60204,6830,17,11,4,0,744*40A7",VK5QI-Mobile,286,03:00:36,-35.28049,138.60204,6830,17,11,4,0,744
"$$WILKINS,287,03:00:52,-35.27986,138.60252,6880,20,11,4,0,744*B67A",VK5QI-Mobile,287,03:00:52,-35.27986,138.60252,6880,20,11,4,0,744
"$$WILKINS,289,03:01:24,-35.27857,138.60342,6974,17,11,3,0,783*D309",VK5QI-Mobile,289,03:01:24,-35.27857,138.60342,6974,17,11,3,0,783
"$$WILKINS,290,03:01:40,-35.27790,138.60371,7022,19,11,3,0,822*E745",VK5QI-Mobile,290,03:01:40,-35.2779,138.60371,7022,19,11,3,0,822
"$$WILKINS,291,03:01:56,-35.27719,138.60388,7071,17,11,3,0,791*8061",VK5FJ,291,03:01:56,-35.27719,138.60388,7071,17,11,3,0,791
"$$WILKINS,292,03:02:12,-35.27643,138.60384,7115,16,11,3,0,811*B27F",VK5FJ,292,03:02:12,-35.27643,138.60384,7115,16,11,3,0,811
"$$WILKINS,296,03:03:16,-35.27402,138.60416,7303,17,11,1,0,861*E1E4",VK5QI-Mobile,296,03:03:16,-35.27402,138.60416,7303,17,11,1,0,861
"$$WILKINS,298,03:03:48,-35.27285,138.60435,7392,15,11,1,0,889*43A9",VK5FJ,298,03:03:48,-35.27285,138.60435,7392,15,11,1,0,889
"$$WILKINS,299,03:04:04,-35.27243,138.60422,7438,18,11,1,0,936*B3D9",VK5QI-Mobile,299,03:04:04,-35.27243,138.60422,7438,18,11,1,0,936
"$$WILKINS,301,03:04:36,-35.27132,138.60378,7532,24,11,0,0,975*3332",VK5QI-Mobile,301,03:04:36,-35.27132,138.60378,7532,24,11,0,0,975
"$$WILKINS,303,03:05:08,-35.27013,138.60368,7621,17,11,-1,0,967*D82B","VK5FJ,VK5QI-Mobile",303,03:05:08,-35.27013,138.60368,7621,17,11,-1,0,967
"$$WILKINS,305,03:05:40,-35.26897,138.60341,7712,16,11,-1,0,1050*93F8",VK5FJ,305,03:05:40,-35.26897,138.60341,7712,16,11,-1,0,1050
"$$WILKINS,306,03:05:56,-35.26831,138.60326,7756,17,11,-2,0,1003*F198","VK5FJ,VK5QI-Mobile",306,03:05:56,-35.26831,138.60326,7756,17,11,-2,0,1003
"$$WILKINS,307,03:06:12,-35.26773,138.60292,7799,14,11,-2,0,1073*6F25",VK5QI-Mobile,307,03:06:12,-35.26773,138.60292,7799,14,11,-2,0,1073
"$$WILKINS,309,03:06:44,-35.26668,138.60239,7886,18,11,-2,0,1050*4619",VK5FJ,309,03:06:44,-35.26668,138.60239,7886,18,11,-2,0,1050
"$$WILKINS,310,03:07:00,-35.26614,138.60210,7930,12,11,-2,0,1108*D18E",VK5FJ,310,03:07:00,-35.26614,138.6021,7930,12,11,-2,0,1108
"$$WILKINS,311,03:07:16,-35.26561,138.60175,7973,17,11,-3,0,1085*F2BC",VK5FJ,311,03:07:16,-35.26561,138.60175,7973,17,11,-3,0,1085
"$$WILKINS,313,03:07:48,-35.26474,138.60101,8058,9,11,-3,0,1144*F2A8",VK5FJ,313,03:07:48,-35.26474,138.60101,8058,9,11,-3,0,1144
"$$WILKINS,316,03:08:36,-35.26368,138.60011,8196,16,11,-4,0,1175*AE7D",VK5QI-Mobile,316,03:08:36,-35.26368,138.60011,8196,16,11,-4,0,1175
"$$WILKINS,317,03:08:52,-35.26324,138.59964,8242,21,11,-4,0,1179*66FC",VK5QI-Mobile,317,03:08:52,-35.26324,138.59964,8242,21,11,-4,0,1179
"$$WILKINS,318,03:09:08,-35.26277,138.59914,8285,21,11,-5,0,1191*3784","VK5FJ,VK5QI-Mobile",318,03:09:08,-35.26277,138.59914,8285,21,11,-5,0,1191
"$$WILKINS,319,03:09:24,-35.26228,138.59868,8328,19,11,-5,0,1202*00A0",VK5QI-Mobile,319,03:09:24,-35.26228,138.59868,8328,19,11,-5,0,1202
"$$WILKINS,321,03:09:56,-35.26121,138.59763,8420,18,11,-5,0,1202*1245",VK5FJ,321,03:09:56,-35.26121,138.59763,8420,18,11,-5,0,1202
"$$WILKINS,322,03:10:12,-35.26067,138.59698,8466,22,11,-6,0,1187*76FD","VK5FJ,VK5QI-Mobile",322,03:10:12,-35.26067,138.59698,8466,22,11,-6,0,1187
"$$WILKINS,323,03:10:28,-35.26018,138.59627,8510,23,11,-6,0,1202*EC28",VK5QI-Mobile,323,03:10:28,-35.26018,138.59627,8510,23,11,-6,0,1202
"$$WILKINS,324,03:10:44,-35.25960,138.59563,8556,13,11,-6,0,1214*849F",VK5QI-Mobile,324,03:10:44,-35.2596,138.59563,8556,13,11,-6,0,1214
"$$WILKINS,330,03:12:20,-35.25585,138.59151,8838,20,11,-8,0,1289*3D28",VK5QI-Mobile,330,03:12:20,-35.25585,138.59151,8838,20,11,-8,0,1289
"$$WILKINS,331,03:12:36,-35.25524,138.59088,8887,20,11,-8,0,1347*B3B7",VK5QI-Mobile,331,03:12:36,-35.25524,138.59088,8887,20,11,-8,0,1347
"$$WILKINS,332,03:12:52,-35.25456,138.59029,8937,18,11,-8,0,1359*CE88",VK5QI-Mobile,332,03:12:52,-35.25456,138.59029,8937,18,11,-8,0,1359
"$$WILKINS,335,03:13:40,-35.25253,138.58881,9087,24,11,-9,0,1390*F9EC",VK5FJ,335,03:13:40,-35.25253,138.58881,9087,24,11,-9,0,1390
"$$WILKINS,340,03:15:00,-35.24940,138.58607,9341,24,9,-10,0,1433*3A21",VK5FJ,340,03:15:00,-35.2494,138.58607,9341,24,9,-10,0,1433
"$$WILKINS,344,03:16:04,-35.24728,138.58424,9540,20,9,-11,0,1418*D88A",VK5FJ,344,03:16:04,-35.24728,138.58424,9540,20,9,-11,0,1418
"$$WILKINS,347,03:16:52,-35.24556,138.58420,9685,19,9,-12,0,1500*5F5F",VK5QI-Mobile,347,03:16:52,-35.24556,138.5842,9685,19,9,-12,0,1500
"$$WILKINS,348,03:17:08,-35.24491,138.58449,9736,22,10,-12,0,1496*A8B6",VK5FJ,348,03:17:08,-35.24491,138.58449,9736,22,10,-12,0,1496
"$$WILKINS,351,03:17:56,-35.24199,138.58568,9887,27,10,-13,0,1539*0201","VK5FJ,VK5QI-Mobile",351,03:17:56,-35.24199,138.58568,9887,27,10,-13,0,1539
"$$WILKINS,352,03:18:12,-35.24090,138.58607,9939,32,10,-13,0,1551*5C0A","VK5FJ,VK5QI-Mobile",352,03:18:12,-35.2409,138.58607,9939,32,10,-13,0,1551
"$$WILKINS,354,03:18:44,-35.23855,138.58730,10038,38,10,-14,0,1567*DB62",VK5FJ,354,03:18:44,-35.23855,138.5873,10038,38,10,-14,0,1567
"$$WILKINS,355,03:19:01,-35.23717,138.58813,10092,34,10,-14,0,1555*F1F1",VK5QI-Mobile,355,03:19:01,-35.23717,138.58813,10092,34,10,-14,0,1555
"$$WILKINS,356,03:19:18,-35.23578,138.58887,10145,37,9,-14,0,1582*51A5","VK5FJ,VK5QI-Mobile",356,03:19:18,-35.23578,138.58887,10145,37,9,-14,0,1582
"$$WILKINS,357,03:19:34,-35.23447,138.58955,10194,28,10,-14,0,1590*66C4",VK5FJ,357,03:19:34,-35.23447,138.58955,10194,28,10,-14,0,1590
"$$WILKINS,358,03:19:51,-35.23312,138.59021,10245,38,10,-15,0,1594*3614","VK5FJ,VK5QI-Mobile",358,03:19:51,-35.23312,138.59021,10245,38,10,-15,0,1594
"$$WILKINS,361,03:20:42,-35.22976,138.59267,10401,34,10,-15,0,1622*8D1D",VK5FJ,361,03:20:42,-35.22976,138.59267,10401,34,10,-15,0,1622
"$$WILKINS,365,03:21:50,-35.22418,138.59685,10608,43,10,-15,0,1649*5712",VK5FJ,365,03:21:50,-35.22418,138.59685,10608,43,10,-15,0,1649
"$$WILKINS,369,03:22:58,-35.21842,138.60452,10820,50,10,-15,0,1672*1DCA",VK5FJ,369,03:22:58,-35.21842,138.60452,10820,50,10,-15,0,1672
"$$WILKINS,370,03:23:15,-35.21695,138.60643,10872,48,9,-15,0,1676*8AE8",VK5QI-Mobile,370,03:23:15,-35.21695,138.60643,10872,48,9,-15,0,1676
"$$WILKINS,372,03:23:47,-35.21403,138.61009,10974,49,10,-15,0,1641*3137",VK5QI-Mobile,372,03:23:47,-35.21403,138.61009,10974,49,10,-15,0,1641
"$$WILKINS,376,03:24:54,-35.20587,138.61813,11188,64,10,-15,0,1696*D030","VK5FJ,VK5QI-Mobile",376,03:24:54,-35.20587,138.61813,11188,64,10,-15,0,1696
"$$WILKINS,378,03:25:28,-35.20167,138.62131,11296,55,10,-15,0,1645*F452",VK5QI-Mobile,378,03:25:28,-35.20167,138.62131,11296,55,10,-15,0,1645
"$$WILKINS,386,03:27:44,-35.18514,138.63609,11710,65,10,-14,0,1708*F51F",VK5FJ,386,03:27:44,-35.18514,138.63609,11710,65,10,-14,0,1708
"$$WILKINS,391,03:29:09,-35.17522,138.64709,11972,74,10,-14,0,1649*9367",VK5FJ,391,03:29:09,-35.17522,138.64709,11972,74,10,-14,0,1649
"$$WILKINS,398,03:31:07,-35.15999,138.66463,12360,68,10,-14,0,1692*2BFB","VK5FJ,VK5QI-Mobile",398,03:31:07,-35.15999,138.66463,12360,68,10,-14,0,1692
"$$WILKINS,400,03:31:41,-35.15616,138.66998,12473,67,10,-13,0,1645*0A84",VK5FJ,400,03:31:41,-35.15616,138.66998,12473,67,10,-13,0,1645
"$$WILKINS,404,03:32:49,-35.14890,138.67863,12701,56,10,-13,0,1692*3DF6",VK5QI-Mobile,404,03:32:49,-35.1489,138.67863,12701,56,10,-13,0,1692
"$$WILKINS,407,03:33:40,-35.14411,138.68440,12868,51,10,-13,0,1629*36C0","VK5FJ,VK5QI-Mobile",407,03:33:40,-35.14411,138.6844,12868,51,10,-13,0,1629
"$$WILKINS,409,03:34:14,-35.14065,138.68951,12976,67,11,-13,0,1684*56A9",VK5FJ,409,03:34:14,-35.14065,138.68951,12976,67,11,-13,0,1684
"$$WILKINS,411,03:34:48,-35.13683,138.69466,13087,62,12,-14,0,1688*1919",VK5FJ,411,03:34:48,-35.13683,138.69466,13087,62,12,-14,0,1688
"$$WILKINS,412,03:35:05,-35.13496,138.69696,13142,62,12,-14,0,1633*9793",VK5QI-Mobile,412,03:35:05,-35.13496,138.69696,13142,62,12,-14,0,1633
"$$WILKINS,413,03:35:22,-35.13302,138.69914,13197,71,12,-14,0,1629*7D9D",VK5FJ,413,03:35:22,-35.13302,138.69914,13197,71,12,-14,0,1629
"$$WILKINS,414,03:35:39,-35.13106,138.70140,13254,58,12,-14,0,1680*E4F9",VK5QI-Mobile,414,03:35:39,-35.13106,138.7014,13254,58,12,-14,0,1680
"$$WILKINS,415,03:35:56,-35.12909,138.70374,13310,72,12,-14,0,1680*7D91",VK5FJ,415,03:35:56,-35.12909,138.70374,13310,72,12,-14,0,1680
"$$WILKINS,416,03:36:13,-35.12705,138.70622,13364,73,12,-13,0,1680*A040",VK5QI-Mobile,416,03:36:13,-35.12705,138.70622,13364,73,12,-13,0,1680
"$$WILKINS,418,03:36:47,-35.12312,138.71153,13479,67,12,-14,0,1629*A024","VK5FJ,VK5QI-Mobile",418,03:36:47,-35.12312,138.71153,13479,67,12,-14,0,1629
"$$WILKINS,419,03:37:04,-35.12131,138.71423,13539,64,11,-14,0,1629*0CDB",VK5QI-Mobile,419,03:37:04,-35.12131,138.71423,13539,64,11,-14,0,1629
"$$WILKINS,420,03:37:21,-35.11949,138.71655,13598,62,12,-14,0,1672*49BC",VK5QI-Mobile,420,03:37:21,-35.11949,138.71655,13598,62,12,-14,0,1672
"$$WILKINS,421,03:37:38,-35.11746,138.71873,13655,60,11,-14,0,1665*0D41",VK5FJ,421,03:37:38,-35.11746,138.71873,13655,60,11,-14,0,1665
"$$WILKINS,422,03:37:55,-35.11524,138.72064,13712,69,12,-14,0,1622*4B03","VK5FJ,VK5QI-Mobile",422,03:37:55,-35.11524,138.72064,13712,69,12,-14,0,1622
"$$WILKINS,425,03:38:46,-35.10794,138.72610,13894,73,11,-14,0,1649*3470",VK5QI-Mobile,425,03:38:46,-35.10794,138.7261,13894,73,11,-14,0,1649
"$$WILKINS,427,03:39:20,-35.10308,138.73068,14005,69,12,-14,0,1629*5FF5",VK5QI-Mobile,427,03:39:20,-35.10308,138.73068,14005,69,12,-14,0,1629
"$$WILKINS,428,03:39:37,-35.10083,138.73262,14059,59,12,-14,0,1653*42EE",VK5FJ,428,03:39:37,-35.10083,138.73262,14059,59,12,-14,0,1653
"$$WILKINS,429,03:39:54,-35.09865,138.73450,14113,71,12,-14,0,1688*D365",VK5QI-Mobile,429,03:39:54,-35.09865,138.7345,14113,71,12,-14,0,1688
"$$WILKINS,432,03:40:45,-35.09276,138.74028,14274,63,11,-15,0,1649*ED90","VK5FJ,VK5QI-Mobile",432,03:40:45,-35.09276,138.74028,14274,63,11,-15,0,1649
"$$WILKINS,433,03:41:02,-35.09081,138.74261,14330,62,11,-15,0,1696*E7D3",VK5QI-Mobile,433,03:41:02,-35.09081,138.74261,14330,62,11,-15,0,1696
"$$WILKINS,434,03:41:19,-35.08891,138.74484,14386,65,11,-15,0,1649*1D89",VK5QI-Mobile,434,03:41:19,-35.08891,138.74484,14386,65,11,-15,0,1649
"$$WILKINS,436,03:41:53,-35.08552,138.74863,14500,49,11,-15,0,1700*1973",VK5QI-Mobile,436,03:41:53,-35.08552,138.74863,14500,49,11,-15,0,1700
"$$WILKINS,451,03:46:08,-35.06759,138.78043,15371,37,11,-16,0,1700*E41F",VK5QI-Mobile,451,03:46:08,-35.06759,138.78043,15371,37,11,-16,0,1700
"$$WILKINS,460,03:48:41,-35.06204,138.80296,15916,59,13,-16,0,1704*56AF",VK5QI-Mobile,460,03:48:41,-35.06204,138.80296,15916,59,13,-16,0,1704
"$$WILKINS,462,03:49:15,-35.05948,138.80884,16040,79,13,-16,0,1755*F0C4",VK5QI-Mobile,462,03:49:15,-35.05948,138.80884,16040,79,13,-16,0,1755
"$$WILKINS,464,03:49:49,-35.05602,138.81470,16173,60,13,-16,0,1704*E24A",VK5QI-Mobile,464,03:49:49,-35.05602,138.8147,16173,60,13,-16,0,1704
"$$WILKINS,467,03:50:40,-35.05047,138.81993,16374,51,13,-16,0,1755*4056",VK5QI-Mobile,467,03:50:40,-35.05047,138.81993,16374,51,13,-16,0,1755
"$$WILKINS,470,03:51:31,-35.04689,138.82288,16566,32,13,-16,0,1743*2573",VK5QI-Mobile,470,03:51:31,-35.04689,138.82288,16566,32,13,-16,0,1743
"$$WILKINS,472,03:52:05,-35.04535,138.82507,16688,24,14,-17,0,1723*30D2",VK5QI-Mobile,472,03:52:05,-35.04535,138.82507,16688,24,14,-17,0,1723
"$$WILKINS,474,03:52:39,-35.04392,138.82753,16806,23,14,-16,0,1774*8EAB",VK5FJ,474,03:52:39,-35.04392,138.82753,16806,23,14,-16,0,1774
"$$WILKINS,475,03:52:56,-35.04340,138.82890,16863,29,14,-16,0,1778*9041",VK5QI-Mobile,475,03:52:56,-35.0434,138.8289,16863,29,14,-16,0,1778
"$$WILKINS,476,03:53:13,-35.04261,138.83044,16924,42,12,-16,0,1727*B6FC",VK5FJ,476,03:53:13,-35.04261,138.83044,16924,42,12,-16,0,1727
"$$WILKINS,477,03:53:30,-35.04162,138.83200,16986,28,13,-16,0,1770*FEE2",VK5JO,477,03:53:30,-35.04162,138.832,16986,28,13,-16,0,1770
"$$WILKINS,479,03:54:04,-35.03969,138.83437,17106,27,12,-16,0,1727*E898","VK5FJ,VK5QI-Mobile",479,03:54:04,-35.03969,138.83437,17106,27,12,-16,0,1727
"$$WILKINS,481,03:54:38,-35.03786,138.83612,17226,22,12,-17,0,1786*1917","VK5FJ,VK5QI-Mobile",481,03:54:38,-35.03786,138.83612,17226,22,12,-17,0,1786
"$$WILKINS,485,03:55:46,-35.03516,138.84082,17469,16,12,-17,0,1782*58CE","VK5FJ,VK5QI-Mobile",485,03:55:46,-35.03516,138.84082,17469,16,12,-17,0,1782
"$$WILKINS,487,03:56:20,-35.03375,138.84276,17591,27,12,-17,0,1782*31EA",VK5QI-Mobile,487,03:56:20,-35.03375,138.84276,17591,27,12,-17,0,1782
"$$WILKINS,489,03:56:54,-35.03281,138.84447,17716,7,12,-17,0,1770*94B2",VK5QI-Mobile,489,03:56:54,-35.03281,138.84447,17716,7,12,-17,0,1770
"$$WILKINS,491,03:57:27,-35.03243,138.84628,17840,27,12,-17,0,1755*29C0",VK5QI-Mobile,491,03:57:27,-35.03243,138.84628,17840,27,12,-17,0,1755
"$$WILKINS,493,03:58:01,-35.03203,138.84920,17969,31,12,-16,0,1770*A581","VK5JO,VK5RR",493,03:58:01,-35.03203,138.8492,17969,31,12,-16,0,1770
"$$WILKINS,494,03:58:18,-35.03171,138.85042,18035,26,12,-16,0,1802*35AF",VK5RR,494,03:58:18,-35.03171,138.85042,18035,26,12,-16,0,1802
"$$WILKINS,495,03:58:35,-35.03128,138.85138,18097,21,11,-16,0,1751*739C",VK5RR,495,03:58:35,-35.03128,138.85138,18097,21,11,-16,0,1751
"$$WILKINS,497,03:59:09,-35.03043,138.85265,18223,13,11,-16,0,1802*6851",VK5RR,497,03:59:09,-35.03043,138.85265,18223,13,11,-16,0,1802
"$$WILKINS,499,03:59:42,-35.03010,138.85315,18345,11,12,-16,0,1747*E224",VK5RR,499,03:59:42,-35.0301,138.85315,18345,11,12,-16,0,1747
"$$WILKINS,501,04:00:16,-35.03086,138.85374,18469,12,12,-16,0,1747*DAB1","VK5RR,VK5QI-Mobile",501,04:00:16,-35.03086,138.85374,18469,12,12,-16,0,1747
"$$WILKINS,503,04:00:50,-35.03166,138.85442,18592,8,12,-16,0,1759*F334","VK5JO,VK5FJ,VK5RR",503,04:00:50,-35.03166,138.85442,18592,8,12,-16,0,1759
"$$WILKINS,504,04:01:06,-35.03179,138.85458,18650,8,12,-16,0,1798*CD14","VK5JO,VK5RR",504,04:01:06,-35.03179,138.85458,18650,8,12,-16,0,1798
"$$WILKINS,505,04:01:22,-35.03192,138.85457,18707,7,12,-16,0,1790*B363",VK5RR,505,04:01:22,-35.03192,138.85457,18707,7,12,-16,0,1790
"$$WILKINS,506,04:01:38,-35.03235,138.85434,18768,17,12,-16,0,1767*67ED","VK5RR,VK5QI-Mobile",506,04:01:38,-35.03235,138.85434,18768,17,12,-16,0,1767
"$$WILKINS,507,04:01:55,-35.03292,138.85394,18835,20,12,-16,0,1790*156B","VK5JO,VK5RR",507,04:01:55,-35.03292,138.85394,18835,20,12,-16,0,1790
"$$WILKINS,508,04:02:12,-35.03333,138.85338,18899,10,12,-16,0,1786*52FC",VK5RR,508,04:02:12,-35.03333,138.85338,18899,10,12,-16,0,1786
"$$WILKINS,509,04:02:29,-35.03368,138.85306,18962,20,12,-16,0,1739*E748",VK5JO,509,04:02:29,-35.03368,138.85306,18962,20,12,-16,0,1739
"$$WILKINS,510,04:02:46,-35.03421,138.85260,19028,9,12,-16,0,1794*5584","VK5RR,VK5QI-Mobile",510,04:02:46,-35.03421,138.8526,19028,9,12,-16,0,1794
"$$WILKINS,511,04:03:02,-35.03488,138.85226,19090,12,12,-15,0,1735*FFB1","VK5JO,VK5RR",511,04:03:02,-35.03488,138.85226,19090,12,12,-15,0,1735
"$$WILKINS,512,04:03:19,-35.03566,138.85196,19156,24,12,-15,0,1735*3349",VK5RR,512,04:03:19,-35.03566,138.85196,19156,24,12,-15,0,1735
"$$WILKINS,513,04:03:36,-35.03644,138.85181,19221,18,12,-15,0,1782*ED92",VK5QI-Mobile,513,04:03:36,-35.03644,138.85181,19221,18,12,-15,0,1782
"$$WILKINS,514,04:03:53,-35.03710,138.85184,19286,19,12,-15,0,1739*9431",VK5RR,514,04:03:53,-35.0371,138.85184,19286,19,12,-15,0,1739
"$$WILKINS,515,04:04:10,-35.03776,138.85165,19352,21,12,-15,0,1782*1E13",VK5FJ,515,04:04:10,-35.03776,138.85165,19352,21,12,-15,0,1782
"$$WILKINS,516,04:04:27,-35.03860,138.85152,19416,25,12,-15,0,1743*1B3B",VK5RR,516,04:04:27,-35.0386,138.85152,19416,25,12,-15,0,1743
"$$WILKINS,517,04:04:44,-35.03942,138.85152,19479,16,12,-15,0,1767*830F",VK5JO,517,04:04:44,-35.03942,138.85152,19479,16,12,-15,0,1767
"$$WILKINS,518,04:05:01,-35.04016,138.85185,19542,26,12,-15,0,1774*755E","VK5FJ,VK5RR",518,04:05:01,-35.04016,138.85185,19542,26,12,-15,0,1774
"$$WILKINS,521,04:05:52,-35.04147,138.85350,19736,15,12,-15,0,1716*9E0B",VK5RR,521,04:05:52,-35.04147,138.8535,19736,15,12,-15,0,1716
"$$WILKINS,522,04:06:09,-35.04118,138.85422,19801,17,12,-14,0,1763*3225",VK5QI-Mobile,522,04:06:09,-35.04118,138.85422,19801,17,12,-14,0,1763
"$$WILKINS,524,04:06:43,-35.04045,138.85539,19931,17,13,-14,0,1735*BE99",VK5QI-Mobile,524,04:06:43,-35.04045,138.85539,19931,17,13,-14,0,1735
"$$WILKINS,525,04:07:00,-35.03996,138.85606,19997,11,12,-14,0,1755*D8D1","VK5FJ,VK5RR",525,04:07:00,-35.03996,138.85606,19997,11,12,-14,0,1755
"$$WILKINS,526,04:07:17,-35.03925,138.85674,20062,26,13,-14,0,1696*A647","VK5JO,VK5FJ,VK5RR,VK5QI-Mobile",526,04:07:17,-35.03925,138.85674,20062,26,13,-14,0,1696
"$$WILKINS,527,04:07:34,-35.03856,138.85741,20128,12,13,-14,0,1747*36CD","VK5FJ,VK5QI-Mobile",527,04:07:34,-35.03856,138.85741,20128,12,13,-14,0,1747
"$$WILKINS,528,04:07:51,-35.03813,138.85783,20196,10,13,-14,0,1692*6C7D","VK5JO,VK5RR,VK5QI-Mobile",528,04:07:51,-35.03813,138.85783,20196,10,13,-14,0,1692
"$$WILKINS,530,04:08:24,-35.03780,138.85750,20325,3,13,-14,0,1739*76D8","VK5RR,VK5QI-Mobile",530,04:08:24,-35.0378,138.8575,20325,3,13,-14,0,1739
"$$WILKINS,531,04:08:40,-35.03776,138.85732,20386,8,12,-14,0,1735*20C8","VK5RR,VK5QI-Mobile",531,04:08:40,-35.03776,138.85732,20386,8,12,-14,0,1735
"$$WILKINS,532,04:08:56,-35.03791,138.85706,20449,4,12,-14,0,1688*586E","VK5JO,VK5RR,VK5QI-Mobile",532,04:08:56,-35.03791,138.85706,20449,4,12,-14,0,1688
"$$WILKINS,533,04:09:12,-35.03806,138.85686,20512,4,12,-14,0,1692*A999","VK5JO,VK5RR",533,04:09:12,-35.03806,138.85686,20512,4,12,-14,0,1692
"$$WILKINS,534,04:09:28,-35.03840,138.85686,20577,14,12,-13,0,1700*BF67","VK5RR,VK5QI-Mobile",534,04:09:28,-35.0384,138.85686,20577,14,12,-13,0,1700
"$$WILKINS,536,04:10:02,-35.03924,138.85732,20707,16,11,-13,0,1708*A09A","VK5JO,VK5RR",536,04:10:02,-35.03924,138.85732,20707,16,11,-13,0,1708
"$$WILKINS,537,04:10:19,-35.03949,138.85722,20774,3,11,-13,0,1684*5545","VK5JO,VK5RR",537,04:10:19,-35.03949,138.85722,20774,3,11,-13,0,1684
"$$WILKINS,538,04:10:35,-35.03959,138.85706,20838,8,11,-13,0,1657*F44A",VK5RR,538,04:10:35,-35.03959,138.85706,20838,8,11,-13,0,1657
"$$WILKINS,539,04:10:51,-35.03954,138.85667,20904,13,11,-13,0,1700*E937",VK5RR,539,04:10:51,-35.03954,138.85667,20904,13,11,-13,0,1700
"$$WILKINS,540,04:11:08,-35.03962,138.85617,20972,7,11,-13,0,1661*BC3B","VK5RR,VK5QI-Mobile",540,04:11:08,-35.03962,138.85617,20972,7,11,-13,0,1661
"$$WILKINS,541,04:11:24,-35.03989,138.85567,21037,22,11,-13,0,1649*D205","VK5JO,VK5FJ,VK5QI-Mobile,VK5RR",541,04:11:24,-35.03989,138.85567,21037,22,11,-13,0,1649
"$$WILKINS,542,04:11:41,-35.04013,138.85507,21107,13,11,-13,0,1653*A5D7",VK5JO,542,04:11:41,-35.04013,138.85507,21107,13,11,-13,0,1653
"$$WILKINS,543,04:11:58,-35.04040,138.85448,21176,6,11,-12,0,1645*90CD",VK5RR,543,04:11:58,-35.0404,138.85448,21176,6,11,-12,0,1645
"$$WILKINS,544,04:12:14,-35.04097,138.85397,21243,9,11,-12,0,1641*A2FB",VK5RR,544,04:12:14,-35.04097,138.85397,21243,9,11,-12,0,1641
"$$WILKINS,547,04:13:04,-35.04283,138.85292,21445,15,11,-12,0,1629*8EC9",VK5JO,547,04:13:04,-35.04283,138.85292,21445,15,11,-12,0,1629
"$$WILKINS,548,04:13:21,-35.04316,138.85286,21514,9,11,-12,0,1680*8A0F",VK5RR,548,04:13:21,-35.04316,138.85286,21514,9,11,-12,0,1680
"$$WILKINS,549,04:13:37,-35.04348,138.85252,21580,8,11,-12,0,1661*3FBD","VK5JO,VK5RR,VK5QI-Mobile",549,04:13:37,-35.04348,138.85252,21580,8,11,-12,0,1661
"$$WILKINS,550,04:13:53,-35.04360,138.85194,21645,16,11,-12,0,1618*B3B2",VK5QI-Mobile,550,04:13:53,-35.0436,138.85194,21645,16,11,-12,0,1618
"$$WILKINS,551,04:14:10,-35.04362,138.85110,21714,19,11,-12,0,1669*A91A","VK5JO,VK5QI-Mobile",551,04:14:10,-35.04362,138.8511,21714,19,11,-12,0,1669
"$$WILKINS,553,04:14:44,-35.04416,138.84895,21858,24,11,-12,0,1606*071A",VK5QI-Mobile,553,04:14:44,-35.04416,138.84895,21858,24,11,-12,0,1606
"$$WILKINS,555,04:15:18,-35.04534,138.84676,22003,32,11,-11,0,1614*938C",VK5QI-Mobile,555,04:15:18,-35.04534,138.84676,22003,32,11,-11,0,1614
"$$WILKINS,557,04:15:52,-35.04688,138.84456,22147,19,11,-11,0,1637*DAE5",VK5QI-Mobile,557,04:15:52,-35.04688,138.84456,22147,19,11,-11,0,1637
"$$WILKINS,560,04:16:43,-35.04792,138.84251,22361,16,11,-11,0,1614*71E3",VK5RR,560,04:16:43,-35.04792,138.84251,22361,16,11,-11,0,1614
"$$WILKINS,563,04:17:34,-35.04958,138.83968,22572,26,11,-10,0,1578*44A4",VK5FJ,563,04:17:34,-35.04958,138.83968,22572,26,11,-10,0,1578
"$$WILKINS,567,04:18:42,-35.05136,138.83484,22851,30,11,-10,0,1555*6D4D",VK5QI-Mobile,567,04:18:42,-35.05136,138.83484,22851,30,11,-10,0,1555
"$$WILKINS,568,04:18:59,-35.05214,138.83385,22922,16,11,-10,0,1575*EEB0",VK5RR,568,04:18:59,-35.05214,138.83385,22922,16,11,-10,0,1575
"$$WILKINS,569,04:19:16,-35.05304,138.83318,22994,16,11,-10,0,1578*62A5",VK5QI-Mobile,569,04:19:16,-35.05304,138.83318,22994,16,11,-10,0,1578
"$$WILKINS,570,04:19:33,-35.05364,138.83257,23068,6,11,-9,0,1575*C124","VK5RR,VK5QI-Mobile",570,04:19:33,-35.05364,138.83257,23068,6,11,-9,0,1575
"$$WILKINS,571,04:19:49,-35.05397,138.83176,23138,20,11,-9,0,1516*EA59",VK5RR,571,04:19:49,-35.05397,138.83176,23138,20,11,-9,0,1516
"$$WILKINS,572,04:20:05,-35.05415,138.83051,23210,28,11,-9,0,1516*2EA4","VK5RR,VK5QI-Mobile",572,04:20:05,-35.05415,138.83051,23210,28,11,-9,0,1516
"$$WILKINS,573,04:20:21,-35.05432,138.82893,23282,33,11,-9,0,1555*D280",VK5RR,573,04:20:21,-35.05432,138.82893,23282,33,11,-9,0,1555
"$$WILKINS,575,04:20:53,-35.05520,138.82536,23425,46,11,-9,0,1481*3ABE",VK5RR,575,04:20:53,-35.0552,138.82536,23425,46,11,-9,0,1481
"$$WILKINS,576,04:21:09,-35.05582,138.82365,23495,38,11,-9,0,1477*B476",VK5RR,576,04:21:09,-35.05582,138.82365,23495,38,11,-9,0,1477
"$$WILKINS,577,04:21:25,-35.05642,138.82211,23567,33,11,-9,0,1481*6A10","VK5FJ,VK5RR,VK5QI-Mobile",577,04:21:25,-35.05642,138.82211,23567,33,11,-9,0,1481
"$$WILKINS,578,04:21:41,-35.05703,138.82059,23639,41,11,-9,0,1469*842A",VK5QI-Mobile,578,04:21:41,-35.05703,138.82059,23639,41,11,-9,0,1469
"$$WILKINS,580,04:22:13,-35.05854,138.81802,23784,31,11,-9,0,1461*7CB2",VK5RR,580,04:22:13,-35.05854,138.81802,23784,31,11,-9,0,1461
"$$WILKINS,581,04:22:29,-35.05938,138.81721,23856,31,11,-9,0,1453*53E6",VK5RR,581,04:22:29,-35.05938,138.81721,23856,31,11,-9,0,1453
"$$WILKINS,582,04:22:45,-35.06005,138.81659,23931,27,11,-8,0,1445*50C0","VK5RR,VK5QI-Mobile",582,04:22:45,-35.06005,138.81659,23931,27,11,-8,0,1445
"$$WILKINS,583,04:23:01,-35.06063,138.81564,24005,25,11,-8,0,1500*E442",VK5RR,583,04:23:01,-35.06063,138.81564,24005,25,11,-8,0,1500
"$$WILKINS,584,04:23:17,-35.06115,138.81464,24077,26,11,-8,0,1488*05C3",VK5RR,584,04:23:17,-35.06115,138.81464,24077,26,11,-8,0,1488
"$$WILKINS,585,04:23:33,-35.06183,138.81371,24149,26,11,-8,0,1484*8EE5","VK5RR,VK5QI-Mobile",585,04:23:33,-35.06183,138.81371,24149,26,11,-8,0,1484
"$$WILKINS,586,04:23:49,-35.06256,138.81284,24221,28,12,-8,0,1461*BC63",VK5RR,586,04:23:49,-35.06256,138.81284,24221,28,12,-8,0,1461
"$$WILKINS,587,04:24:05,-35.06328,138.81177,24293,30,12,-8,0,1453*61C8",VK5RR,587,04:24:05,-35.06328,138.81177,24293,30,12,-8,0,1453
"$$WILKINS,588,04:24:21,-35.06415,138.81050,24364,28,12,-8,0,1418*7E64",VK5RR,588,04:24:21,-35.06415,138.8105,24364,28,12,-8,0,1418
"$$WILKINS,589,04:24:37,-35.06504,138.80927,24435,33,12,-8,0,1445*DD30",VK5RR,589,04:24:37,-35.06504,138.80927,24435,33,12,-8,0,1445
"$$WILKINS,590,04:24:53,-35.06571,138.80823,24505,23,12,-8,0,1461*1017",VK5RR,590,04:24:53,-35.06571,138.80823,24505,23,12,-8,0,1461
"$$WILKINS,591,04:25:09,-35.06616,138.80721,24575,33,12,-8,0,1453*5E80","VK5RR,VK5QI-Mobile",591,04:25:09,-35.06616,138.80721,24575,33,12,-8,0,1453
"$$WILKINS,592,04:25:25,-35.06680,138.80598,24648,35,11,-7,0,1402*4767",VK5RR,592,04:25:25,-35.0668,138.80598,24648,35,11,-7,0,1402
"$$WILKINS,593,04:25:41,-35.06758,138.80470,24719,38,11,-7,0,1394*99DF",VK5RR,593,04:25:41,-35.06758,138.8047,24719,38,11,-7,0,1394
"$$WILKINS,594,04:25:57,-35.06826,138.80347,24789,32,12,-7,0,1445*0621",VK5RR,594,04:25:57,-35.06826,138.80347,24789,32,12,-7,0,1445
"$$WILKINS,595,04:26:13,-35.06909,138.80222,24862,32,12,-7,0,1383*8A81",VK5RR,595,04:26:13,-35.06909,138.80222,24862,32,12,-7,0,1383
"$$WILKINS,596,04:26:29,-35.07007,138.80104,24933,36,12,-7,0,1379*6759",VK5RR,596,04:26:29,-35.07007,138.80104,24933,36,12,-7,0,1379
"$$WILKINS,597,04:26:45,-35.07124,138.79971,25007,37,12,-7,0,1371*7E53",VK5RR,597,04:26:45,-35.07124,138.79971,25007,37,12,-7,0,1371
"$$WILKINS,598,04:27:01,-35.07236,138.79845,25081,31,12,-7,0,1383*F7D7",VK5RR,598,04:27:01,-35.07236,138.79845,25081,31,12,-7,0,1383
"$$WILKINS,599,04:27:17,-35.07360,138.79730,25153,43,11,-7,0,1418*C425",VK5RR,599,04:27:17,-35.0736,138.7973,25153,43,11,-7,0,1418
"$$WILKINS,600,04:27:33,-35.07480,138.79636,25227,44,11,-7,0,1383*ACEB",VK5RR,600,04:27:33,-35.0748,138.79636,25227,44,11,-7,0,1383
"$$WILKINS,601,04:27:49,-35.07587,138.79543,25300,33,12,-7,0,1351*873F",VK5RR,601,04:27:49,-35.07587,138.79543,25300,33,12,-7,0,1351
"$$WILKINS,603,04:28:21,-35.07769,138.79314,25444,28,12,-7,0,1347*92E5",VK5RR,603,04:28:21,-35.07769,138.79314,25444,28,12,-7,0,1347
"$$WILKINS,604,04:28:37,-35.07836,138.79176,25515,28,12,-6,0,1336*660E","VK5RR,VK5QI-Mobile",604,04:28:37,-35.07836,138.79176,25515,28,12,-6,0,1336
"$$WILKINS,605,04:28:53,-35.07895,138.79024,25587,31,11,-6,0,1386*F64D",VK5RR,605,04:28:53,-35.07895,138.79024,25587,31,11,-6,0,1386
"$$WILKINS,606,04:29:09,-35.07945,138.78876,25657,47,12,-6,0,1324*E7A4",VK5RR,606,04:29:09,-35.07945,138.78876,25657,47,12,-6,0,1324
"$$WILKINS,607,04:29:25,-35.08009,138.78687,25729,37,12,-6,0,1324*35D7",VK5RR,607,04:29:25,-35.08009,138.78687,25729,37,12,-6,0,1324
"$$WILKINS,608,04:29:41,-35.08074,138.78500,25802,37,11,-6,0,1336*0F2F",VK5RR,608,04:29:41,-35.08074,138.785,25802,37,11,-6,0,1336
"$$WILKINS,609,04:29:57,-35.08139,138.78331,25874,41,12,-6,0,1359*ACBA",VK5RR,609,04:29:57,-35.08139,138.78331,25874,41,12,-6,0,1359
"$$WILKINS,610,04:30:13,-35.08222,138.78165,25947,47,13,-6,0,1316*0DF4","VK5RR,VK5QI-Mobile",610,04:30:13,-35.08222,138.78165,25947,47,13,-6,0,1316
"$$WILKINS,611,04:30:29,-35.08321,138.77988,26021,43,13,-6,0,1300*9ADC",VK5RR,611,04:30:29,-35.08321,138.77988,26021,43,13,-6,0,1300
"$$WILKINS,612,04:30:45,-35.08408,138.77789,26093,44,13,-6,0,1292*0F53","VK5RR,VK5QI-Mobile",612,04:30:45,-35.08408,138.77789,26093,44,13,-6,0,1292
"$$WILKINS,613,04:31:01,-35.08468,138.77573,26166,45,13,-6,0,1289*104E",VK5RR,613,04:31:01,-35.08468,138.77573,26166,45,13,-6,0,1289
"$$WILKINS,615,04:31:33,-35.08608,138.77084,25918,45,12,-5,0,1324*3775",VK5QI-Mobile,615,04:31:33,-35.08608,138.77084,25918,45,12,-5,0,1324
"$$WILKINS,623,04:33:41,-35.09135,138.76173,21915,26,11,-6,0,1308*4256",VK5QI-Mobile,623,04:33:41,-35.09135,138.76173,21915,26,11,-6,0,1308
"$$WILKINS,624,04:33:57,-35.09176,138.76125,21486,9,11,-7,0,1285*7CD1",VK5RR,624,04:33:57,-35.09176,138.76125,21486,9,11,-7,0,1285
"$$WILKINS,627,04:34:45,-35.09224,138.76048,20272,14,11,-8,0,1289*FC4A",VK5QI-Mobile,627,04:34:45,-35.09224,138.76048,20272,14,11,-8,0,1289
"$$WILKINS,629,04:35:17,-35.09184,138.76080,19519,14,11,-9,0,1363*FCD4",VK5QI-Mobile,629,04:35:17,-35.09184,138.7608,19519,14,11,-9,0,1363
"$$WILKINS,631,04:35:50,-35.09309,138.76048,18792,16,11,-10,0,1332*BDAE",VK5QI-Mobile,631,04:35:50,-35.09309,138.76048,18792,16,11,-10,0,1332
"$$WILKINS,634,04:36:41,-35.09339,138.76169,17742,16,11,-12,0,1430*ABC1",VK5QI-Mobile,634,04:36:41,-35.09339,138.76169,17742,16,11,-12,0,1430
"$$WILKINS,642,04:38:57,-35.08646,138.77522,15299,58,11,-17,0,1555*B953",VK5QI-Mobile,642,04:38:57,-35.08646,138.77522,15299,58,11,-17,0,1555
"$$WILKINS,643,04:39:14,-35.08560,138.77753,15029,38,11,-18,0,1571*9F88",VK5RR,643,04:39:14,-35.0856,138.77753,15029,38,11,-18,0,1571
"$$WILKINS,646,04:40:05,-35.08092,138.78343,14256,52,11,-19,0,1555*39C0",VK5QI-Mobile,646,04:40:05,-35.08092,138.78343,14256,52,11,-19,0,1555
"$$WILKINS,650,04:41:13,-35.07161,138.79106,13261,82,11,-20,0,1610*1107",VK5QI-Mobile,650,04:41:13,-35.07161,138.79106,13261,82,11,-20,0,1610
"$$WILKINS,652,04:41:47,-35.06713,138.79630,12786,64,11,-21,0,1618*D1F1",VK5QI-Mobile,652,04:41:47,-35.06713,138.7963,12786,64,11,-21,0,1618
"$$WILKINS,654,04:42:21,-35.06324,138.80141,12336,79,11,-21,0,1676*0D7B",VK5RR,654,04:42:21,-35.06324,138.80141,12336,79,11,-21,0,1676
"$$WILKINS,655,04:42:38,-35.06067,138.80414,12110,64,11,-20,0,1649*4622",VK5RR,655,04:42:38,-35.06067,138.80414,12110,64,11,-20,0,1649
"$$WILKINS,656,04:42:55,-35.05804,138.80646,11885,60,11,-21,0,1712*813D","VK5RR,VK5QI-Mobile",656,04:42:55,-35.05804,138.80646,11885,60,11,-21,0,1712
"$$WILKINS,658,04:43:29,-35.05373,138.81041,11458,62,11,-21,0,1672*9AA7",VK5RR,658,04:43:29,-35.05373,138.81041,11458,62,11,-21,0,1672
"$$WILKINS,660,04:44:03,-35.04957,138.81403,11039,74,11,-21,0,1747*6D23",VK5QI-Mobile,660,04:44:03,-35.04957,138.81403,11039,74,11,-21,0,1747
"$$WILKINS,662,04:44:37,-35.04571,138.81830,10622,59,11,-21,0,1759*BAA4","VK5RR,VK5QI-Mobile",662,04:44:37,-35.04571,138.8183,10622,59,11,-21,0,1759
"$$WILKINS,663,04:44:54,-35.04429,138.82016,10426,40,11,-21,0,1712*B45F",VK5QI-Mobile,663,04:44:54,-35.04429,138.82016,10426,40,11,-21,0,1712
"$$WILKINS,665,04:45:28,-35.04221,138.82275,10028,30,10,-21,0,1763*7A80",VK5QI-Mobile,665,04:45:28,-35.04221,138.82275,10028,30,10,-21,0,1763
"$$WILKINS,666,04:45:45,-35.04111,138.82353,9834,28,11,-20,0,1755*945E",VK5RR,666,04:45:45,-35.04111,138.82353,9834,28,11,-20,0,1755
"$$WILKINS,667,04:46:01,-35.03994,138.82407,9658,33,11,-21,0,1735*9C27",VK5QI-Mobile,667,04:46:01,-35.03994,138.82407,9658,33,11,-21,0,1735
"$$WILKINS,668,04:46:17,-35.03875,138.82442,9487,22,11,-21,0,1794*B576",VK5RR,668,04:46:17,-35.03875,138.82442,9487,22,11,-21,0,1794
"$$WILKINS,669,04:46:33,-35.03790,138.82423,9316,21,11,-21,0,1759*0294","VK5JO,VK5RR",669,04:46:33,-35.0379,138.82423,9316,21,11,-21,0,1759
"$$WILKINS,670,04:46:49,-35.03699,138.82372,9146,24,11,-21,0,1751*A14D","VK5JO,VK5RR",670,04:46:49,-35.03699,138.82372,9146,24,11,-21,0,1751
"$$WILKINS,671,04:47:05,-35.03601,138.82315,8990,29,12,-21,0,1798*84ED","VK5RR,VK5QI-Mobile",671,04:47:05,-35.03601,138.82315,8990,29,12,-21,0,1798
"$$WILKINS,672,04:47:21,-35.03494,138.82254,8823,22,12,-21,0,1755*2E1D",VK5QI-Mobile,672,04:47:21,-35.03494,138.82254,8823,22,12,-21,0,1755
"$$WILKINS,674,04:47:53,-35.03306,138.82123,8490,23,12,-21,0,1767*16A6",VK5QI-Mobile,674,04:47:53,-35.03306,138.82123,8490,23,12,-21,0,1767
"$$WILKINS,676,04:48:25,-35.03158,138.82027,8165,9,12,-21,0,1825*F1DF",VK5QI-Mobile,676,04:48:25,-35.03158,138.82027,8165,9,12,-21,0,1825
"$$WILKINS,677,04:48:41,-35.03098,138.82025,8004,26,12,-21,0,1829*85F6",VK5FJ,677,04:48:41,-35.03098,138.82025,8004,26,12,-21,0,1829
"$$WILKINS,678,04:48:57,-35.03043,138.82027,7848,18,12,-20,0,1810*90BF","VK5JO,VK5RR",678,04:48:57,-35.03043,138.82027,7848,18,12,-20,0,1810
"$$WILKINS,681,04:49:45,-35.02828,138.82137,7375,22,12,-20,0,1849*9557",VK5JO,681,04:49:45,-35.02828,138.82137,7375,22,12,-20,0,1849
"$$WILKINS,682,04:50:01,-35.02766,138.82172,7219,15,12,-19,0,1849*98E7",VK5JO,682,04:50:01,-35.02766,138.82172,7219,15,12,-19,0,1849
"$$WILKINS,685,04:50:49,-35.02603,138.82372,6760,35,12,-18,0,1829*2D7E",VK5JO,685,04:50:49,-35.02603,138.82372,6760,35,12,-18,0,1829
"$$WILKINS,691,04:52:25,-35.02245,138.82561,5870,14,12,-15,0,1814*2C87",VK5JO,691,04:52:25,-35.02245,138.82561,5870,14,12,-15,0,1814
"$$WILKINS,694,04:53:13,-35.02131,138.82719,5445,10,12,-13,0,1739*70FD",VK5JO,694,04:53:13,-35.02131,138.82719,5445,10,12,-13,0,1739
"$$WILKINS,698,04:54:17,-35.02088,138.82800,4891,17,12,-9,0,1684*6DBB",VK5RR,698,04:54:17,-35.02088,138.828,4891,17,12,-9,0,1684
"$$WILKINS,700,04:54:49,-35.02099,138.82852,4625,23,12,-8,0,1633*9D02",VK5QI-Mobile,700,04:54:49,-35.02099,138.82852,4625,23,12,-8,0,1633
"$$WILKINS,703,04:55:37,-35.02166,138.82996,4239,29,12,-5,0,1582*99E6",VK5RR,703,04:55:37,-35.02166,138.82996,4239,29,12,-5,0,1582
"$$WILKINS,704,04:55:53,-35.02200,138.83041,4112,13,12,-4,0,1504*2923",VK5RR,704,04:55:53,-35.022,138.83041,4112,13,12,-4,0,1504
"$$WILKINS,706,04:56:25,-35.02260,138.83121,3852,18,12,-3,0,1402*DBB4",VK5RR,706,04:56:25,-35.0226,138.83121,3852,18,12,-3,0,1402
"$$WILKINS,707,04:56:41,-35.02284,138.83176,3727,9,12,-2,0,1406*89EA",VK5RR,707,04:56:41,-35.02284,138.83176,3727,9,12,-2,0,1406
"$$WILKINS,708,04:56:57,-35.02315,138.83224,3602,29,12,-1,0,1308*3C54",VK5QI-Mobile,708,04:56:57,-35.02315,138.83224,3602,29,12,-1,0,1308
"$$WILKINS,709,04:57:13,-35.02362,138.83286,3479,2,12,0,0,1245*8360","VK5JO,VK5RR",709,04:57:13,-35.02362,138.83286,3479,2,12,0,0,1245
"$$WILKINS,710,04:57:29,-35.02419,138.83331,3349,18,12,0,0,1191*B11D",VK5QI-Mobile,710,04:57:29,-35.02419,138.83331,3349,18,12,0,0,1191
"$$WILKINS,711,04:57:45,-35.02466,138.83371,3225,28,13,1,0,1187*268E",VK5RR,711,04:57:45,-35.02466,138.83371,3225,28,13,1,0,1187
"$$WILKINS,712,04:58:01,-35.02523,138.83415,3102,26,13,2,0,1069*8E92","VK5RR,VK5QI-Mobile",712,04:58:01,-35.02523,138.83415,3102,26,13,2,0,1069
"$$WILKINS,713,04:58:17,-35.02589,138.83441,2976,34,13,3,0,1010*53B1",VK5QI-Mobile,713,04:58:17,-35.02589,138.83441,2976,34,13,3,0,1010
"$$WILKINS,714,04:58:33,-35.02664,138.83469,2851,29,13,4,0,948*791E",VK5RR,714,04:58:33,-35.02664,138.83469,2851,29,13,4,0,948
"$$WILKINS,715,04:58:49,-35.02749,138.83485,2730,26,13,5,0,885*CD47",VK5QI-Mobile,715,04:58:49,-35.02749,138.83485,2730,26,13,5,0,885
"$$WILKINS,716,04:59:05,-35.02830,138.83513,2608,23,13,5,0,826*577D",VK5RR,716,04:59:05,-35.0283,138.83513,2608,23,13,5,0,826
"$$WILKINS,718,04:59:37,-35.02968,138.83549,2382,9,12,7,0,720*F45C",VK5QI-Mobile,718,04:59:37,-35.02968,138.83549,2382,9,12,7,0,720
"$$WILKINS,720,05:00:09,-35.03180,138.83662,2152,39,12,8,0,611*EF89","VK5RR,VK5QI-Mobile",720,05:00:09,-35.0318,138.83662,2152,39,12,8,0,611
"$$WILKINS,721,05:00:25,-35.03277,138.83742,2032,27,12,9,0,615*6883",VK5QI-Mobile,721,05:00:25,-35.03277,138.83742,2032,27,12,9,0,615
"$$WILKINS,722,05:00:41,-35.03361,138.83820,1910,28,12,10,0,528*AE3B","VK5RR,VK5QI-Mobile",722,05:00:41,-35.03361,138.8382,1910,28,12,10,0,528
"$$WILKINS,724,05:01:13,-35.03489,138.83974,1658,19,11,11,0,481*96A0",VK5QI-Mobile,724,05:01:13,-35.03489,138.83974,1658,19,11,11,0,481
"$$WILKINS,732,05:03:21,-35.03853,138.84032,845,7,12,14,0,282*1098",VK5QI-Mobile,732,05:03:21,-35.03853,138.84032,845,7,12,14,0,282
"$$WILKINS,733,05:03:37,-35.03892,138.84019,771,13,12,15,0,321*8319",VK5QI-Mobile,733,05:03:37,-35.03892,138.84019,771,13,12,15,0,321
"$$WILKINS,734,05:03:53,-35.03928,138.83994,705,24,12,16,0,250*4388",VK5QI-Mobile,734,05:03:53,-35.03928,138.83994,705,24,12,16,0,250
